Orden;Material;Documento material;Descripción material;Ctd.en UM base y signo +/-;Impte.mon.local;Clase de movimiento;Fecha de documento;Fecha contabiliz.;Almacén;Ind.movim.mercancías;Centro;Pos.documento mat.;Lote;Indicador Debe/Haber;Moneda;Reserva
1082908;11001135;4916453391;MARINADO PICANTE CJX25UN;55;1.569.209;261;19/5/2026;19/5/2026;1001;1;B010;1;2604221405;H;COP;1946599
1082908;11001135;4916459788;MARINADO PICANTE CJX25UN;55;1.569.209;261;19/5/2026;19/5/2026;1001;1;B010;1;2605070456;H;COP;1946599
1082908;12002532;4916438027;ALAS CORTADAS POLLO;764,700;8.124.173;261;18/5/2026;18/5/2026;1001;1;B010;1;2605140096;H;COP;1946599
1082908;12002532;4916441349;ALAS CORTADAS POLLO;279;2.964.096;261;18/5/2026;18/5/2026;1001;1;B010;1;2605180200;H;COP;1946599
1082908;12002532;4916459786;ALAS CORTADAS POLLO;218,100;2.317.094;261;19/5/2026;19/5/2026;1001;1;B010;1;2605170162;H;COP;1946599
1082908;12002532;4916459786;ALAS CORTADAS POLLO;582,310;6.186.461;261;19/5/2026;19/5/2026;1001;1;B010;2;2605180200;H;COP;1946599
1082908;18001585;4916453391;BOLSA FUNDA BTOX10BOLX100UN;100;21.506;261;19/5/2026;19/5/2026;1001;1;B010;3;2604151095;H;COP;1946599
1082908;18001586;4916453391;BOLSA FUELLE  BTOX50BOLX100UN;1.400;76.864;261;19/5/2026;19/5/2026;1001;1;B010;2;2604291357;H;COP;1946599
1082908;18001602;4916437185;ETIQUETA TERMICA CJX4ROLX2605UN;200;9.600;261;18/5/2026;18/5/2026;1001;1;B010;1;2604241568;H;COP;1946599
1082908;18001602;4916437186;ETIQUETA TERMICA CJX4ROLX2605UN;200;9.600;261;18/5/2026;18/5/2026;1001;1;B010;1;2604241568;H;COP;1946599
1082908;18001602;4916437500;ETIQUETA TERMICA CJX4ROLX2605UN;200;9.600;261;18/5/2026;18/5/2026;1001;1;B010;1;2604241568;H;COP;1946599
1082908;18001602;4916437980;ETIQUETA TERMICA CJX4ROLX2605UN;200;9.600;261;18/5/2026;18/5/2026;1001;1;B010;1;2604241568;H;COP;1946599
1082908;18001602;4916437986;ETIQUETA TERMICA CJX4ROLX2605UN;200;9.600;261;18/5/2026;18/5/2026;1001;1;B010;1;2604241568;H;COP;1946599
1082908;18001602;4916439090;ETIQUETA TERMICA CJX4ROLX2605UN;200;9.600;261;18/5/2026;18/5/2026;1001;1;B010;1;2604241568;H;COP;1946599
1082908;18001602;4916439712;ETIQUETA TERMICA CJX4ROLX2605UN;200;9.600;261;18/5/2026;18/5/2026;1001;1;B010;1;2604241568;H;COP;1946599
1082908;14002429;4916437561;ALAS HOT WINGS BOL(40UN);-150;-2.361.450;101;18/5/2026;18/5/2026;1001;4;B010;1;2605180174;S;COP;0
1082908;14002429;4916437843;ALAS HOT WINGS BOL(40UN);-50;-787.150;101;18/5/2026;18/5/2026;1001;4;B010;1;2605180174;S;COP;0
1082908;14002429;4916438137;ALAS HOT WINGS BOL(40UN);-125;-1.967.875;101;18/5/2026;18/5/2026;1001;4;B010;1;2605180174;S;COP;0
1082908;14002429;4916438487;ALAS HOT WINGS BOL(40UN);-81;-1.275.183;101;18/5/2026;18/5/2026;1001;4;B010;1;2605180174;S;COP;0
1082908;14002429;4916438690;ALAS HOT WINGS BOL(40UN);-150;-2.361.450;101;18/5/2026;18/5/2026;1001;4;B010;1;2605180174;S;COP;0
1082908;14002429;4916439118;ALAS HOT WINGS BOL(40UN);-150;-2.361.450;101;18/5/2026;18/5/2026;1001;4;B010;1;2605180174;S;COP;0
1082908;14002429;4916439421;ALAS HOT WINGS BOL(40UN);-50;-787.150;101;18/5/2026;18/5/2026;1001;4;B010;1;2605180174;S;COP;0
1082908;14002429;4916439600;ALAS HOT WINGS BOL(40UN);-100;-1.574.300;101;18/5/2026;18/5/2026;1001;4;B010;1;2605180174;S;COP;0
1082908;14002429;4916439969;ALAS HOT WINGS BOL(40UN);-100;-1.574.300;101;18/5/2026;18/5/2026;1001;4;B010;1;2605180174;S;COP;0
1082908;14002429;4916440042;ALAS HOT WINGS BOL(40UN);-300;-4.722.900;101;18/5/2026;18/5/2026;1001;4;B010;1;2605180174;S;COP;0
1082908;14002429;4916440064;ALAS HOT WINGS BOL(40UN);-100;-1.574.300;101;18/5/2026;18/5/2026;1001;4;B010;1;2605180174;S;COP;0
1082915;11000341;4916453426;MARINADOR CRISPY 15.66KG CJX60UN;57;203.863;261;19/5/2026;19/5/2026;1001;1;B010;1;2602231132;H;COP;1946610
1082915;12002548;4916437693;CARNE POLLO CORTADA PARA POP CORN;251,300;3.873.790;261;18/5/2026;18/5/2026;1001;1;B010;1;2605170016;H;COP;1946610
1082915;12002548;4916440951;CARNE POLLO CORTADA PARA POP CORN;822,600;12.680.381;261;18/5/2026;18/5/2026;1001;1;B010;1;2605180261;H;COP;1946610
1082915;18001585;4916453426;BOLSA FUNDA BTOX10BOLX100UN;80;17.204;261;19/5/2026;19/5/2026;1001;1;B010;3;2604151095;H;COP;1946610
1082915;18001586;4916453426;BOLSA FUELLE  BTOX50BOLX100UN;1.450;79.609;261;19/5/2026;19/5/2026;1001;1;B010;2;2604291357;H;COP;1946610
1082915;18001602;4916437196;ETIQUETA TERMICA CJX4ROLX2605UN;200;9.600;261;18/5/2026;18/5/2026;1001;1;B010;1;2604241568;H;COP;1946610
1082915;18001602;4916437197;ETIQUETA TERMICA CJX4ROLX2605UN;200;9.600;261;18/5/2026;18/5/2026;1001;1;B010;1;2604241568;H;COP;1946610
1082915;18001602;4916437505;ETIQUETA TERMICA CJX4ROLX2605UN;200;9.600;261;18/5/2026;18/5/2026;1001;1;B010;1;2604241568;H;COP;1946610
1082915;18001602;4916437547;ETIQUETA TERMICA CJX4ROLX2605UN;200;9.600;261;18/5/2026;18/5/2026;1001;1;B010;1;2604241568;H;COP;1946610
1082915;18001602;4916438000;ETIQUETA TERMICA CJX4ROLX2605UN;200;9.600;261;18/5/2026;18/5/2026;1001;1;B010;1;2604241568;H;COP;1946610
1082915;18001602;4916438004;ETIQUETA TERMICA CJX4ROLX2605UN;200;9.600;261;18/5/2026;18/5/2026;1001;1;B010;1;2604241568;H;COP;1946610
1082915;18001602;4916440010;ETIQUETA TERMICA CJX4ROLX2605UN;200;9.600;261;18/5/2026;18/5/2026;1001;1;B010;1;2604241568;H;COP;1946610
1082915;18001602;4916440030;ETIQUETA TERMICA CJX4ROLX2605UN;200;9.600;261;18/5/2026;18/5/2026;1001;1;B010;1;2604241568;H;COP;1946610
1082915;18001612;4916453426;CINTA DE RESINA 110*450M ROLX45000CM;10.000;0;261;19/5/2026;19/5/2026;1001;1;B010;4;2603311297;H;COP;1946610
1082915;14002613;4916437831;POP CORN BOL(0,88KG);-160;-1.949.760;101;18/5/2026;18/5/2026;1001;4;B010;1;2605180187;S;COP;0
1082915;14002613;4916438697;POP CORN BOL(0,88KG);-240;-2.924.640;101;18/5/2026;18/5/2026;1001;4;B010;1;2605180187;S;COP;0
1082915;14002613;4916440165;POP CORN BOL(0,88KG);-480;-5.849.280;101;18/5/2026;18/5/2026;1001;4;B010;1;2605180187;S;COP;0
1082915;14002613;4916448153;POP CORN BOL(0,88KG);-480;-5.849.280;101;18/5/2026;18/5/2026;1001;4;B010;1;2605180187;S;COP;0
1082917;11000784;4916438659;ALAS DE POLLO MP;98,200;827.338;261;18/5/2026;18/5/2026;1001;1;B010;1;2605160356;H;COP;1946611
1082917;11000784;4916438670;ALAS DE POLLO MP;181,200;1.526.615;261;18/5/2026;18/5/2026;1001;1;B010;1;2605151425;H;COP;1946611
1082917;11000784;4916438672;ALAS DE POLLO MP;18,600;156.706;261;18/5/2026;18/5/2026;1001;1;B010;1;2605130356;H;COP;1946611
1082917;11000784;4916440090;ALAS DE POLLO MP;69,800;588.207;261;18/5/2026;18/5/2026;1001;1;B010;1;2605160405;H;COP;1946611
1082917;11000784;4916440102;ALAS DE POLLO MP;369,200;3.111.263;261;18/5/2026;18/5/2026;1001;1;B010;1;2605141202;H;COP;1946611
1082917;11000784;4916441793;ALAS DE POLLO MP;174,400;1.469.676;261;18/5/2026;18/5/2026;1001;1;B010;1;2605151425;H;COP;1946611
1082917;11000784;4916445591;ALAS DE POLLO MP;73,800;621.916;261;18/5/2026;18/5/2026;1001;1;B010;1;2605160405;H;COP;1946611
1082917;11000784;4916445595;ALAS DE POLLO MP;164;1.382.035;261;18/5/2026;18/5/2026;1001;1;B010;1;2605160356;H;COP;1946611
1082917;11000784;4916446528;ALAS DE POLLO MP;94,600;797.198;261;18/5/2026;18/5/2026;1001;1;B010;1;2605180785;H;COP;1946611
1082917;11001117;4916439099;POLLO FRESCO CJX20UN;1.100;13.824.145;261;18/5/2026;18/5/2026;1001;1;B010;1;2605151328;H;COP;1946611
1082917;11001117;4916439099;POLLO FRESCO CJX20UN;3.000;37.702.212;261;18/5/2026;18/5/2026;1001;1;B010;2;2605160295;H;COP;1946611
1082917;11001117;4916439727;POLLO FRESCO CJX20UN;1.340;16.840.322;261;18/5/2026;18/5/2026;1001;1;B010;1;2605160295;H;COP;1946611
1082917;11001117;4916440871;POLLO FRESCO CJX20UN;3.000;37.654.888;261;18/5/2026;18/5/2026;1001;1;B010;1;2605151274;H;COP;1946611
1082917;11001117;4916441950;POLLO FRESCO CJX20UN;2.000;25.167.503;261;18/5/2026;18/5/2026;1001;1;B010;1;2605151274;H;COP;1946611
1082917;11001117;4916445949;POLLO FRESCO CJX20UN;2.000;25.167.503;261;18/5/2026;18/5/2026;1001;1;B010;1;2605160371;H;COP;1946611
1082917;12001211;4916439612;SALMUERA IMOR;213,360;187.970;261;18/5/2026;18/5/2026;1001;1;B010;1;2605160099;H;COP;1946611
1082917;12001211;4916446178;SALMUERA IMOR;1.493,520;1.315.791;261;18/5/2026;18/5/2026;1001;1;B010;1;2605180216;H;COP;1946611
1082917;13000368;4916446486;GRASA DE POLLO;-6,200;-1.860;531;18/5/2026;18/5/2026;1001;1;B010;1;2605180195;S;COP;1946611
1082917;13000371;4916446288;PUNTILLAS;-240;-48.000;531;18/5/2026;18/5/2026;1001;1;B010;1;2605180195;S;COP;1946611
1082917;13000371;4916446822;PUNTILLAS;-5,400;-1.080;531;18/5/2026;18/5/2026;1001;1;B010;1;2605180195;S;COP;1946611
1082917;13000371;4916446826;PUNTILLAS;-60;-12.000;531;18/5/2026;18/5/2026;1001;1;B010;1;2605180195;S;COP;1946611
1082917;13000371;4916446880;PUNTILLAS;-9,700;-1.940;531;18/5/2026;18/5/2026;1001;1;B010;1;2605180195;S;COP;1946611
1082917;18001587;4916447341;BOLSA POLLO ORIGINAL  BTOX2500UN;2.700;283.827;261;18/5/2026;18/5/2026;1001;1;B010;1;2604221256;H;COP;1946611
1082917;18001596;4916437389;ETIQUETA COLORES CJX6ROLX3800UN;1;100;261;18/5/2026;18/5/2026;1001;1;B010;1;2404011303;H;COP;1946611
1082917;18001596;4916437413;ETIQUETA COLORES CJX6ROLX3800UN;1;100;261;18/5/2026;18/5/2026;1001;1;B010;1;2404011303;H;COP;1946611
1082917;18001596;4916437423;ETIQUETA COLORES CJX6ROLX3800UN;1;100;261;18/5/2026;18/5/2026;1001;1;B010;1;2404011303;H;COP;1946611
1082917;18001596;4916437425;ETIQUETA COLORES CJX6ROLX3800UN;1;100;261;18/5/2026;18/5/2026;1001;1;B010;1;2404011303;H;COP;1946611
1082917;18001596;4916437625;ETIQUETA COLORES CJX6ROLX3800UN;1;100;261;18/5/2026;18/5/2026;1001;1;B010;1;2404011303;H;COP;1946611
1082917;18001596;4916437705;ETIQUETA COLORES CJX6ROLX3800UN;1;100;261;18/5/2026;18/5/2026;1001;1;B010;1;2404011303;H;COP;1946611
1082917;18001596;4916437756;ETIQUETA COLORES CJX6ROLX3800UN;1;100;261;18/5/2026;18/5/2026;1001;1;B010;1;2404011303;H;COP;1946611
1082917;18001596;4916437793;ETIQUETA COLORES CJX6ROLX3800UN;1;100;261;18/5/2026;18/5/2026;1001;1;B010;1;2404011303;H;COP;1946611
1082917;18001596;4916437941;ETIQUETA COLORES CJX6ROLX3800UN;1;100;261;18/5/2026;18/5/2026;1001;1;B010;1;2404011303;H;COP;1946611
1082917;18001596;4916438309;ETIQUETA COLORES CJX6ROLX3800UN;1;100;261;18/5/2026;18/5/2026;1001;1;B010;1;2404011303;H;COP;1946611
1082917;18001596;4916438484;ETIQUETA COLORES CJX6ROLX3800UN;1;100;261;18/5/2026;18/5/2026;1001;1;B010;1;2404011303;H;COP;1946611
1082917;18001596;4916438534;ETIQUETA COLORES CJX6ROLX3800UN;1;100;261;18/5/2026;18/5/2026;1001;1;B010;1;2404011303;H;COP;1946611
1082917;18001596;4916438681;ETIQUETA COLORES CJX6ROLX3800UN;1;100;261;18/5/2026;18/5/2026;1001;1;B010;1;2404011303;H;COP;1946611
1082917;18001596;4916438731;ETIQUETA COLORES CJX6ROLX3800UN;1;100;261;18/5/2026;18/5/2026;1001;1;B010;1;2404011303;H;COP;1946611
1082917;18001596;4916438759;ETIQUETA COLORES CJX6ROLX3800UN;1;100;261;18/5/2026;18/5/2026;1001;1;B010;1;2404011303;H;COP;1946611
1082917;18001596;4916438790;ETIQUETA COLORES CJX6ROLX3800UN;1;100;261;18/5/2026;18/5/2026;1001;1;B010;1;2404011303;H;COP;1946611
1082917;18001596;4916438975;ETIQUETA COLORES CJX6ROLX3800UN;1;100;261;18/5/2026;18/5/2026;1001;1;B010;1;2404011303;H;COP;1946611
1082917;18001596;4916439054;ETIQUETA COLORES CJX6ROLX3800UN;1;100;261;18/5/2026;18/5/2026;1001;1;B010;1;2404011303;H;COP;1946611
1082917;18001596;4916439205;ETIQUETA COLORES CJX6ROLX3800UN;1;100;261;18/5/2026;18/5/2026;1001;1;B010;1;2404011303;H;COP;1946611
1082917;18001596;4916439665;ETIQUETA COLORES CJX6ROLX3800UN;1;100;261;18/5/2026;18/5/2026;1001;1;B010;1;2404011303;H;COP;1946611
1082917;18001596;4916440282;ETIQUETA COLORES CJX6ROLX3800UN;1;100;261;18/5/2026;18/5/2026;1001;1;B010;1;2404011303;H;COP;1946611
1082917;18001596;4916441123;ETIQUETA COLORES CJX6ROLX3800UN;1;100;261;18/5/2026;18/5/2026;1001;1;B010;1;2404011303;H;COP;1946611
1082917;18001596;4916441152;ETIQUETA COLORES CJX6ROLX3800UN;1;100;261;18/5/2026;18/5/2026;1001;1;B010;1;2404011303;H;COP;1946611
1082917;18001596;4916441157;ETIQUETA COLORES CJX6ROLX3800UN;1;100;261;18/5/2026;18/5/2026;1001;1;B010;1;2404011303;H;COP;1946611
1082917;18001596;4916441204;ETIQUETA COLORES CJX6ROLX3800UN;1;100;261;18/5/2026;18/5/2026;1001;1;B010;1;2404011303;H;COP;1946611
1082917;18001596;4916441306;ETIQUETA COLORES CJX6ROLX3800UN;1;100;261;18/5/2026;18/5/2026;1001;1;B010;1;2404011303;H;COP;1946611
1082917;18001596;4916441369;ETIQUETA COLORES CJX6ROLX3800UN;1;100;261;18/5/2026;18/5/2026;1001;1;B010;1;2404011303;H;COP;1946611
1082917;18001596;4916441464;ETIQUETA COLORES CJX6ROLX3800UN;1;100;261;18/5/2026;18/5/2026;1001;1;B010;1;2404011303;H;COP;1946611
1082917;18001596;4916441485;ETIQUETA COLORES CJX6ROLX3800UN;1;100;261;18/5/2026;18/5/2026;1001;1;B010;1;2404011303;H;COP;1946611
1082917;18001596;4916441543;ETIQUETA COLORES CJX6ROLX3800UN;1;100;261;18/5/2026;18/5/2026;1001;1;B010;1;2404011303;H;COP;1946611
1082917;18001596;4916441549;ETIQUETA COLORES CJX6ROLX3800UN;1;100;261;18/5/2026;18/5/2026;1001;1;B010;1;2404011303;H;COP;1946611
1082917;18001596;4916441568;ETIQUETA COLORES CJX6ROLX3800UN;1;100;261;18/5/2026;18/5/2026;1001;1;B010;1;2404011303;H;COP;1946611
1082917;18001596;4916441615;ETIQUETA COLORES CJX6ROLX3800UN;1;100;261;18/5/2026;18/5/2026;1001;1;B010;1;2404011303;H;COP;1946611
1082917;18001596;4916441629;ETIQUETA COLORES CJX6ROLX3800UN;1;100;261;18/5/2026;18/5/2026;1001;1;B010;1;2404011303;H;COP;1946611
1082917;18001596;4916441662;ETIQUETA COLORES CJX6ROLX3800UN;1;100;261;18/5/2026;18/5/2026;1001;1;B010;1;2404011303;H;COP;1946611
1082917;18001596;4916441665;ETIQUETA COLORES CJX6ROLX3800UN;1;100;261;18/5/2026;18/5/2026;1001;1;B010;1;2404011303;H;COP;1946611
1082917;18001596;4916441705;ETIQUETA COLORES CJX6ROLX3800UN;1;100;261;18/5/2026;18/5/2026;1001;1;B010;1;2404011303;H;COP;1946611
1082917;18001596;4916441737;ETIQUETA COLORES CJX6ROLX3800UN;1;100;261;18/5/2026;18/5/2026;1001;1;B010;1;2404011303;H;COP;1946611
1082917;18001596;4916441767;ETIQUETA COLORES CJX6ROLX3800UN;1;100;261;18/5/2026;18/5/2026;1001;1;B010;1;2404011303;H;COP;1946611
1082917;18001596;4916441796;ETIQUETA COLORES CJX6ROLX3800UN;1;100;261;18/5/2026;18/5/2026;1001;1;B010;1;2404011303;H;COP;1946611
1082917;18001596;4916441817;ETIQUETA COLORES CJX6ROLX3800UN;1;100;261;18/5/2026;18/5/2026;1001;1;B010;1;2404011303;H;COP;1946611
1082917;18001596;4916441851;ETIQUETA COLORES CJX6ROLX3800UN;1;100;261;18/5/2026;18/5/2026;1001;1;B010;1;2404011303;H;COP;1946611
1082917;18001596;4916441857;ETIQUETA COLORES CJX6ROLX3800UN;1;100;261;18/5/2026;18/5/2026;1001;1;B010;1;2404011303;H;COP;1946611
1082917;18001596;4916441882;ETIQUETA COLORES CJX6ROLX3800UN;1;100;261;18/5/2026;18/5/2026;1001;1;B010;1;2404011303;H;COP;1946611
1082917;18001596;4916441923;ETIQUETA COLORES CJX6ROLX3800UN;1;100;261;18/5/2026;18/5/2026;1001;1;B010;1;2404011303;H;COP;1946611
1082917;18001596;4916441929;ETIQUETA COLORES CJX6ROLX3800UN;1;100;261;18/5/2026;18/5/2026;1001;1;B010;1;2404011303;H;COP;1946611
1082917;18001596;4916441955;ETIQUETA COLORES CJX6ROLX3800UN;1;100;261;18/5/2026;18/5/2026;1001;1;B010;1;2404011303;H;COP;1946611
1082917;18001596;4916444077;ETIQUETA COLORES CJX6ROLX3800UN;1;100;261;18/5/2026;18/5/2026;1001;1;B010;1;2404011303;H;COP;1946611
1082917;18001596;4916444104;ETIQUETA COLORES CJX6ROLX3800UN;1;100;261;18/5/2026;18/5/2026;1001;1;B010;1;2404011303;H;COP;1946611
1082917;18001596;4916444109;ETIQUETA COLORES CJX6ROLX3800UN;1;100;261;18/5/2026;18/5/2026;1001;1;B010;1;2404011303;H;COP;1946611
1082917;18001596;4916444173;ETIQUETA COLORES CJX6ROLX3800UN;1;100;261;18/5/2026;18/5/2026;1001;1;B010;1;2404011303;H;COP;1946611
1082917;18001596;4916445275;ETIQUETA COLORES CJX6ROLX3800UN;1;100;261;18/5/2026;18/5/2026;1001;1;B010;1;2404011303;H;COP;1946611
1082917;18001596;4916445317;ETIQUETA COLORES CJX6ROLX3800UN;1;100;261;18/5/2026;18/5/2026;1001;1;B010;1;2404011303;H;COP;1946611
1082917;18001596;4916445379;ETIQUETA COLORES CJX6ROLX3800UN;1;100;261;18/5/2026;18/5/2026;1001;1;B010;1;2404011303;H;COP;1946611
1082917;18001596;4916445418;ETIQUETA COLORES CJX6ROLX3800UN;1;100;261;18/5/2026;18/5/2026;1001;1;B010;1;2404011303;H;COP;1946611
1082917;18001596;4916445453;ETIQUETA COLORES CJX6ROLX3800UN;1;100;261;18/5/2026;18/5/2026;1001;1;B010;1;2404011303;H;COP;1946611
1082917;18001596;4916445481;ETIQUETA COLORES CJX6ROLX3800UN;1;100;261;18/5/2026;18/5/2026;1001;1;B010;1;2404011303;H;COP;1946611
1082917;18001596;4916445495;ETIQUETA COLORES CJX6ROLX3800UN;1;100;261;18/5/2026;18/5/2026;1001;1;B010;1;2404011303;H;COP;1946611
1082917;18001596;4916445530;ETIQUETA COLORES CJX6ROLX3800UN;1;100;261;18/5/2026;18/5/2026;1001;1;B010;1;2404011303;H;COP;1946611
1082917;18001596;4916445570;ETIQUETA COLORES CJX6ROLX3800UN;1;100;261;18/5/2026;18/5/2026;1001;1;B010;1;2404011303;H;COP;1946611
1082917;18001596;4916445599;ETIQUETA COLORES CJX6ROLX3800UN;1;100;261;18/5/2026;18/5/2026;1001;1;B010;1;2404011303;H;COP;1946611
1082917;18001596;4916445711;ETIQUETA COLORES CJX6ROLX3800UN;1;100;261;18/5/2026;18/5/2026;1001;1;B010;1;2404011303;H;COP;1946611
1082917;18001596;4916445799;ETIQUETA COLORES CJX6ROLX3800UN;1;100;261;18/5/2026;18/5/2026;1001;1;B010;1;2404011303;H;COP;1946611
1082917;18001596;4916445828;ETIQUETA COLORES CJX6ROLX3800UN;1;100;261;18/5/2026;18/5/2026;1001;1;B010;1;2404011303;H;COP;1946611
1082917;18001596;4916445882;ETIQUETA COLORES CJX6ROLX3800UN;1;100;261;18/5/2026;18/5/2026;1001;1;B010;1;2404011303;H;COP;1946611
1082917;18001596;4916445901;ETIQUETA COLORES CJX6ROLX3800UN;1;100;261;18/5/2026;18/5/2026;1001;1;B010;1;2404011303;H;COP;1946611
1082917;18001596;4916445907;ETIQUETA COLORES CJX6ROLX3800UN;1;100;261;18/5/2026;18/5/2026;1001;1;B010;1;2404011303;H;COP;1946611
1082917;18001596;4916445943;ETIQUETA COLORES CJX6ROLX3800UN;1;100;261;18/5/2026;18/5/2026;1001;1;B010;1;2404011303;H;COP;1946611
1082917;18001596;4916446280;ETIQUETA COLORES CJX6ROLX3800UN;25;2.500;261;18/5/2026;18/5/2026;1001;1;B010;1;2404011303;H;COP;1946611
1082917;18001596;4916446286;ETIQUETA COLORES CJX6ROLX3800UN;1;100;261;18/5/2026;18/5/2026;1001;1;B010;1;2404011303;H;COP;1946611
1082917;18001596;4916446428;ETIQUETA COLORES CJX6ROLX3800UN;15;1.500;261;18/5/2026;18/5/2026;1001;1;B010;1;2404011303;H;COP;1946611
1082917;18001596;4916446484;ETIQUETA COLORES CJX6ROLX3800UN;1;100;261;18/5/2026;18/5/2026;1001;1;B010;1;2404011303;H;COP;1946611
1082917;18001596;4916446520;ETIQUETA COLORES CJX6ROLX3800UN;1;100;261;18/5/2026;18/5/2026;1001;1;B010;1;2404011303;H;COP;1946611
1082917;18001596;4916446820;ETIQUETA COLORES CJX6ROLX3800UN;1;100;261;18/5/2026;18/5/2026;1001;1;B010;1;2404011303;H;COP;1946611
1082917;18001596;4916446824;ETIQUETA COLORES CJX6ROLX3800UN;1;100;261;18/5/2026;18/5/2026;1001;1;B010;1;2404011303;H;COP;1946611
1082917;18001596;4916446827;ETIQUETA COLORES CJX6ROLX3800UN;1;100;261;18/5/2026;18/5/2026;1001;1;B010;1;2404011303;H;COP;1946611
1082917;18001596;4916446844;ETIQUETA COLORES CJX6ROLX3800UN;1;100;261;18/5/2026;18/5/2026;1001;1;B010;1;2404011303;H;COP;1946611
1082917;18001596;4916446847;ETIQUETA COLORES CJX6ROLX3800UN;1;100;261;18/5/2026;18/5/2026;1001;1;B010;1;2404011303;H;COP;1946611
1082917;18001596;4916446868;ETIQUETA COLORES CJX6ROLX3800UN;1;100;261;18/5/2026;18/5/2026;1001;1;B010;1;2404011303;H;COP;1946611
1082917;18001596;4916448062;ETIQUETA COLORES CJX6ROLX3800UN;1;100;261;18/5/2026;18/5/2026;1001;1;B010;1;2404011303;H;COP;1946611
1082917;18001602;4916437183;ETIQUETA TERMICA CJX4ROLX2605UN;200;9.600;261;18/5/2026;18/5/2026;1001;1;B010;1;2604241568;H;COP;1946611
1082917;18001602;4916437184;ETIQUETA TERMICA CJX4ROLX2605UN;200;9.600;261;18/5/2026;18/5/2026;1001;1;B010;1;2604241568;H;COP;1946611
1082917;18001602;4916437251;ETIQUETA TERMICA CJX4ROLX2605UN;200;9.600;261;18/5/2026;18/5/2026;1001;1;B010;1;2604241568;H;COP;1946611
1082917;18001602;4916437312;ETIQUETA TERMICA CJX4ROLX2605UN;200;9.600;261;18/5/2026;18/5/2026;1001;1;B010;1;2604241568;H;COP;1946611
1082917;18001602;4916438553;ETIQUETA TERMICA CJX4ROLX2605UN;200;9.600;261;18/5/2026;18/5/2026;1001;1;B010;1;2604241568;H;COP;1946611
1082917;18001602;4916438558;ETIQUETA TERMICA CJX4ROLX2605UN;200;9.600;261;18/5/2026;18/5/2026;1001;1;B010;1;2604241568;H;COP;1946611
1082917;18001602;4916438576;ETIQUETA TERMICA CJX4ROLX2605UN;200;9.600;261;18/5/2026;18/5/2026;1001;1;B010;1;2604241568;H;COP;1946611
1082917;18001602;4916440166;ETIQUETA TERMICA CJX4ROLX2605UN;200;9.600;261;18/5/2026;18/5/2026;1001;1;B010;1;2604241568;H;COP;1946611
1082917;18001602;4916440182;ETIQUETA TERMICA CJX4ROLX2605UN;200;9.600;261;18/5/2026;18/5/2026;1001;1;B010;1;2604241568;H;COP;1946611
1082917;18001602;4916440724;ETIQUETA TERMICA CJX4ROLX2605UN;200;9.600;261;18/5/2026;18/5/2026;1001;1;B010;1;2604241568;H;COP;1946611
1082917;18001602;4916440728;ETIQUETA TERMICA CJX4ROLX2605UN;200;9.600;261;18/5/2026;18/5/2026;1001;1;B010;1;2604241568;H;COP;1946611
1082917;18001602;4916440732;ETIQUETA TERMICA CJX4ROLX2605UN;200;9.600;261;18/5/2026;18/5/2026;1001;1;B010;1;2604241568;H;COP;1946611
1082917;18001602;4916441599;ETIQUETA TERMICA CJX4ROLX2605UN;200;9.600;261;18/5/2026;18/5/2026;1001;1;B010;1;2604241568;H;COP;1946611
1082917;18001602;4916441734;ETIQUETA TERMICA CJX4ROLX2605UN;200;9.600;261;18/5/2026;18/5/2026;1001;1;B010;1;2604290726;H;COP;1946611
1082917;18001602;4916443817;ETIQUETA TERMICA CJX4ROLX2605UN;200;9.600;261;18/5/2026;18/5/2026;1001;1;B010;1;2604290726;H;COP;1946611
1082917;18001602;4916443841;ETIQUETA TERMICA CJX4ROLX2605UN;200;9.600;261;18/5/2026;18/5/2026;1001;1;B010;1;2604290726;H;COP;1946611
1082917;18001602;4916443847;ETIQUETA TERMICA CJX4ROLX2605UN;200;9.600;261;18/5/2026;18/5/2026;1001;1;B010;1;2604290726;H;COP;1946611
1082917;18001602;4916443854;ETIQUETA TERMICA CJX4ROLX2605UN;200;9.600;261;18/5/2026;18/5/2026;1001;1;B010;1;2604290726;H;COP;1946611
1082917;18001602;4916443920;ETIQUETA TERMICA CJX4ROLX2605UN;200;9.600;261;18/5/2026;18/5/2026;1001;1;B010;1;2604290726;H;COP;1946611
1082917;18001602;4916443923;ETIQUETA TERMICA CJX4ROLX2605UN;200;9.600;261;18/5/2026;18/5/2026;1001;1;B010;1;2604290726;H;COP;1946611
1082917;18001602;4916443928;ETIQUETA TERMICA CJX4ROLX2605UN;200;9.600;261;18/5/2026;18/5/2026;1001;1;B010;1;2604290726;H;COP;1946611
1082917;18001602;4916443951;ETIQUETA TERMICA CJX4ROLX2605UN;100;4.800;261;18/5/2026;18/5/2026;1001;1;B010;1;2604290726;H;COP;1946611
1082917;18001612;4916447341;CINTA DE RESINA 110*450M ROLX45000CM;18.900;0;261;18/5/2026;18/5/2026;1001;1;B010;2;2603311297;H;COP;1946611
1082917;18001612;4916450809;CINTA DE RESINA 110*450M ROLX45000CM;5.000;0;261;18/5/2026;18/5/2026;1001;1;B010;1;2603311297;H;COP;1946611
1082917;14002447;4916447365;PRESAS CORTADAS CJ(180UN);71;21.258.962;261;18/5/2026;18/5/2026;1001;2;B010;1;2605160081;H;COP;0
1082917;18001590;4916447341;BOLSA FUNDA PERFORADA BTOX10BOLX100UN;1.000;222.807;261;18/5/2026;18/5/2026;1001;2;B010;3;2604291332;H;COP;0
1082917;18001590;4916450809;BOLSA FUNDA PERFORADA BTOX10BOLX100UN;200;44.561;261;18/5/2026;18/5/2026;1001;2;B010;2;2604291332;H;COP;0
1082917;12002532;5001984162;ALAS CORTADAS POLLO;-38;-403.712;101;18/5/2026;18/5/2026;1001;4;B010;1;2605180200;S;COP;0
1082917;12002532;5001984321;ALAS CORTADAS POLLO;-163,700;-1.739.149;101;18/5/2026;18/5/2026;1001;4;B010;1;2605180200;S;COP;0
1082917;12002532;5001984378;ALAS CORTADAS POLLO;-177,300;-1.883.635;101;18/5/2026;18/5/2026;1001;4;B010;1;2605180200;S;COP;0
1082917;12002532;5001984387;ALAS CORTADAS POLLO;-143,800;-1.527.731;101;18/5/2026;18/5/2026;1001;4;B010;1;2605180200;S;COP;0
1082917;12002532;5001984408;ALAS CORTADAS POLLO;-148,400;-1.576.602;101;18/5/2026;18/5/2026;1001;4;B010;1;2605180200;S;COP;0
1082917;12002532;5001984476;ALAS CORTADAS POLLO;-79,600;-845.670;101;18/5/2026;18/5/2026;1001;4;B010;1;2605180200;S;COP;0
1082917;12002532;5001984621;ALAS CORTADAS POLLO;-115,300;-1.224.947;101;18/5/2026;18/5/2026;1001;4;B010;1;2605180200;S;COP;0
1082917;12002532;5001984767;ALAS CORTADAS POLLO;-136,200;-1.446.989;101;18/5/2026;18/5/2026;1001;4;B010;1;2605180200;S;COP;0
1082917;12002532;5001984780;ALAS CORTADAS POLLO;-175;-1.859.200;101;18/5/2026;18/5/2026;1001;4;B010;1;2605180200;S;COP;0
1082917;12002532;5001984795;ALAS CORTADAS POLLO;-155,200;-1.648.845;101;18/5/2026;18/5/2026;1001;4;B010;1;2605180200;S;COP;0
1082917;12002532;5001984797;ALAS CORTADAS POLLO;-152,600;-1.621.222;101;18/5/2026;18/5/2026;1001;4;B010;1;2605180200;S;COP;0
1082917;12002532;5001985067;ALAS CORTADAS POLLO;-104,400;-1.109.146;101;18/5/2026;18/5/2026;1001;4;B010;1;2605180200;S;COP;0
1082917;12002532;5001985071;ALAS CORTADAS POLLO;-114;-1.211.136;101;18/5/2026;18/5/2026;1001;4;B010;1;2605180200;S;COP;0
1082917;12002532;5001985072;ALAS CORTADAS POLLO;-141,900;-1.507.546;101;18/5/2026;18/5/2026;1001;4;B010;1;2605180200;S;COP;0
1082917;12002532;5001985223;ALAS CORTADAS POLLO;-166,200;-1.765.709;101;18/5/2026;18/5/2026;1001;4;B010;1;2605180200;S;COP;0
1082917;12002532;5001985252;ALAS CORTADAS POLLO;-147,400;-1.565.978;101;18/5/2026;18/5/2026;1001;4;B010;1;2605180200;S;COP;0
1082917;12002532;5001985289;ALAS CORTADAS POLLO;-171,700;-1.824.141;101;18/5/2026;18/5/2026;1001;4;B010;1;2605180200;S;COP;0
1082917;12002532;5001985460;ALAS CORTADAS POLLO;-47,900;-508.890;101;18/5/2026;18/5/2026;1001;4;B010;1;2605180200;S;COP;0
1082917;12002532;5001985492;ALAS CORTADAS POLLO;-122,200;-1.298.253;101;18/5/2026;18/5/2026;1001;4;B010;1;2605180200;S;COP;0
1082917;12002532;5001985498;ALAS CORTADAS POLLO;-149,700;-1.590.413;101;18/5/2026;18/5/2026;1001;4;B010;1;2605180200;S;COP;0
1082917;12002532;5001985500;ALAS CORTADAS POLLO;-131,700;-1.399.181;101;18/5/2026;18/5/2026;1001;4;B010;1;2605180200;S;COP;0
1082917;12002546;5001984203;CAJA DE POLLO;-167,800;-1.461.706;101;18/5/2026;18/5/2026;1001;4;B010;1;2605180195;S;COP;0
1082917;12002546;5001984212;CAJA DE POLLO;-171,700;-1.495.679;101;18/5/2026;18/5/2026;1001;4;B010;1;2605180195;S;COP;0
1082917;12002546;5001984217;CAJA DE POLLO;-158;-1.376.338;101;18/5/2026;18/5/2026;1001;4;B010;1;2605180195;S;COP;0
1082917;12002546;5001984223;CAJA DE POLLO;-163,200;-1.421.635;101;18/5/2026;18/5/2026;1001;4;B010;1;2605180195;S;COP;0
1082917;12002546;5001984241;CAJA DE POLLO;-158,200;-1.378.080;101;18/5/2026;18/5/2026;1001;4;B010;1;2605180195;S;COP;0
1082917;12002546;5001984275;CAJA DE POLLO;-146,200;-1.273.548;101;18/5/2026;18/5/2026;1001;4;B010;1;2605180195;S;COP;0
1082917;12002546;5001984297;CAJA DE POLLO;-180,800;-1.574.949;101;18/5/2026;18/5/2026;1001;4;B010;1;2605180195;S;COP;0
1082917;12002546;5001984304;CAJA DE POLLO;-147,500;-1.284.873;101;18/5/2026;18/5/2026;1001;4;B010;1;2605180195;S;COP;0
1082917;12002546;5001984327;CAJA DE POLLO;-171;-1.489.581;101;18/5/2026;18/5/2026;1001;4;B010;1;2605180195;S;COP;0
1082917;12002546;5001984341;CAJA DE POLLO;-184,800;-1.609.793;101;18/5/2026;18/5/2026;1001;4;B010;1;2605180195;S;COP;0
1082917;12002546;5001984349;CAJA DE POLLO;-188,100;-1.638.539;101;18/5/2026;18/5/2026;1001;4;B010;1;2605180195;S;COP;0
1082917;12002546;5001984802;CAJA DE POLLO;-181,600;-1.581.918;101;18/5/2026;18/5/2026;1001;4;B010;1;2605180195;S;COP;0
1082917;12002546;5001984804;CAJA DE POLLO;-171,400;-1.493.065;101;18/5/2026;18/5/2026;1001;4;B010;1;2605180195;S;COP;0
1082917;12002546;5001984808;CAJA DE POLLO;-166,500;-1.450.382;101;18/5/2026;18/5/2026;1001;4;B010;1;2605180195;S;COP;0
1082917;12002546;5001984810;CAJA DE POLLO;-178;-1.550.558;101;18/5/2026;18/5/2026;1001;4;B010;1;2605180195;S;COP;0
1082917;12002546;5001984811;CAJA DE POLLO;-167,700;-1.460.835;101;18/5/2026;18/5/2026;1001;4;B010;1;2605180195;S;COP;0
1082917;12002546;5001984815;CAJA DE POLLO;-166,400;-1.449.510;101;18/5/2026;18/5/2026;1001;4;B010;1;2605180195;S;COP;0
1082917;12002546;5001984817;CAJA DE POLLO;-174,100;-1.516.585;101;18/5/2026;18/5/2026;1001;4;B010;1;2605180195;S;COP;0
1082917;12002546;5001984819;CAJA DE POLLO;-155,900;-1.358.045;101;18/5/2026;18/5/2026;1001;4;B010;1;2605180195;S;COP;0
1082917;12002546;5001984820;CAJA DE POLLO;-176;-1.533.136;101;18/5/2026;18/5/2026;1001;4;B010;1;2605180195;S;COP;0
1082917;12002546;5001984825;CAJA DE POLLO;-156,100;-1.359.787;101;18/5/2026;18/5/2026;1001;4;B010;1;2605180195;S;COP;0
1082917;12002546;5001984832;CAJA DE POLLO;-167,500;-1.459.093;101;18/5/2026;18/5/2026;1001;4;B010;1;2605180195;S;COP;0
1082917;12002546;5001984836;CAJA DE POLLO;-162,500;-1.415.538;101;18/5/2026;18/5/2026;1001;4;B010;1;2605180195;S;COP;0
1082917;12002546;5001984837;CAJA DE POLLO;-159,300;-1.387.662;101;18/5/2026;18/5/2026;1001;4;B010;1;2605180195;S;COP;0
1082917;12002546;5001984841;CAJA DE POLLO;-159,300;-1.387.662;101;18/5/2026;18/5/2026;1001;4;B010;1;2605180195;S;COP;0
1082917;12002546;5001984844;CAJA DE POLLO;159,300;1.387.662;102;18/5/2026;18/5/2026;1001;4;B010;1;2605180195;H;COP;0
1082917;12002546;5001984845;CAJA DE POLLO;-183,400;-1.597.597;101;18/5/2026;18/5/2026;1001;4;B010;1;2605180195;S;COP;0
1082917;12002546;5001984849;CAJA DE POLLO;-168,900;-1.471.288;101;18/5/2026;18/5/2026;1001;4;B010;1;2605180195;S;COP;0
1082917;12002546;5001984850;CAJA DE POLLO;-173,500;-1.511.359;101;18/5/2026;18/5/2026;1001;4;B010;1;2605180195;S;COP;0
1082917;12002546;5001984856;CAJA DE POLLO;-165,800;-1.444.284;101;18/5/2026;18/5/2026;1001;4;B010;1;2605180195;S;COP;0
1082917;12002546;5001984863;CAJA DE POLLO;-170,700;-1.486.968;101;18/5/2026;18/5/2026;1001;4;B010;1;2605180195;S;COP;0
1082917;12002546;5001984868;CAJA DE POLLO;-164,200;-1.430.346;101;18/5/2026;18/5/2026;1001;4;B010;1;2605180195;S;COP;0
1082917;12002546;5001985079;CAJA DE POLLO;-172,200;-1.500.034;101;18/5/2026;18/5/2026;1001;4;B010;1;2605180195;S;COP;0
1082917;12002546;5001985219;CAJA DE POLLO;-175,900;-1.532.265;101;18/5/2026;18/5/2026;1001;4;B010;1;2605180195;S;COP;0
1082917;12002546;5001985248;CAJA DE POLLO;-159,500;-1.389.405;101;18/5/2026;18/5/2026;1001;4;B010;1;2605180195;S;COP;0
1082917;12002546;5001985256;CAJA DE POLLO;-173,900;-1.514.843;101;18/5/2026;18/5/2026;1001;4;B010;1;2605180195;S;COP;0
1082917;12002546;5001985266;CAJA DE POLLO;-167,300;-1.457.350;101;18/5/2026;18/5/2026;1001;4;B010;1;2605180195;S;COP;0
1082917;12002546;5001985269;CAJA DE POLLO;-165,500;-1.441.671;101;18/5/2026;18/5/2026;1001;4;B010;1;2605180195;S;COP;0
1082917;12002546;5001985278;CAJA DE POLLO;-166,100;-1.446.897;101;18/5/2026;18/5/2026;1001;4;B010;1;2605180195;S;COP;0
1082917;12002546;5001985285;CAJA DE POLLO;-168,500;-1.467.804;101;18/5/2026;18/5/2026;1001;4;B010;1;2605180195;S;COP;0
1082917;12002546;5001985298;CAJA DE POLLO;-174,500;-1.520.070;101;18/5/2026;18/5/2026;1001;4;B010;1;2605180195;S;COP;0
1082917;12002546;5001985305;CAJA DE POLLO;-167,400;-1.458.221;101;18/5/2026;18/5/2026;1001;4;B010;1;2605180195;S;COP;0
1082917;12002546;5001985310;CAJA DE POLLO;-155,500;-1.354.561;101;18/5/2026;18/5/2026;1001;4;B010;1;2605180195;S;COP;0
1082917;12002546;5001985328;CAJA DE POLLO;-140,700;-1.225.638;101;18/5/2026;18/5/2026;1001;4;B010;1;2605180195;S;COP;0
1082917;12002546;5001985331;CAJA DE POLLO;-146,800;-1.278.775;101;18/5/2026;18/5/2026;1001;4;B010;1;2605180195;S;COP;0
1082917;12002546;5001985334;CAJA DE POLLO;-153,800;-1.339.752;101;18/5/2026;18/5/2026;1001;4;B010;1;2605180195;S;COP;0
1082917;12002546;5001985338;CAJA DE POLLO;-102;-888.522;101;18/5/2026;18/5/2026;1001;4;B010;1;2605180195;S;COP;0
1082917;14002445;5001984596;PRESAS ORIGINAL CJX10BOL(18UN;-900;-27.008.100;101;18/5/2026;18/5/2026;1001;4;B010;1;2605180196;S;COP;0
1082917;14002445;5001985545;PRESAS ORIGINAL CJX10BOL(18UN;-1.688;-50.655.192;101;18/5/2026;18/5/2026;1001;4;B010;1;2605180196;S;COP;0
1082917;14002447;5001985598;PRESAS CORTADAS CJ(180UN);-88;-26.349.136;101;18/5/2026;18/5/2026;1001;4;B010;1;2605180198;S;COP;0
1082918;12001209;4916447112;SALMUERA CRISPY;804,160;1.457.138;261;18/5/2026;18/5/2026;1001;1;B010;1;2605180212;H;COP;1946615
1082918;18001588;4916447112;BOLSA POLLO CRISPY  BTOX2500UN;2.040;213.535;261;18/5/2026;18/5/2026;1001;1;B010;2;2604291273;H;COP;1946615
1082918;18001602;4916437160;ETIQUETA TERMICA CJX4ROLX2605UN;200;9.600;261;18/5/2026;18/5/2026;1001;1;B010;1;2604241568;H;COP;1946615
1082918;18001602;4916437161;ETIQUETA TERMICA CJX4ROLX2605UN;200;9.600;261;18/5/2026;18/5/2026;1001;1;B010;1;2604241568;H;COP;1946615
1082918;18001602;4916437163;ETIQUETA TERMICA CJX4ROLX2605UN;200;9.600;261;18/5/2026;18/5/2026;1001;1;B010;1;2604241568;H;COP;1946615
1082918;18001602;4916437668;ETIQUETA TERMICA CJX4ROLX2605UN;200;9.600;261;18/5/2026;18/5/2026;1001;1;B010;1;2604241568;H;COP;1946615
1082918;18001602;4916437672;ETIQUETA TERMICA CJX4ROLX2605UN;200;9.600;261;18/5/2026;18/5/2026;1001;1;B010;1;2604241568;H;COP;1946615
1082918;18001602;4916438588;ETIQUETA TERMICA CJX4ROLX2605UN;200;9.600;261;18/5/2026;18/5/2026;1001;1;B010;1;2604241568;H;COP;1946615
1082918;18001602;4916438593;ETIQUETA TERMICA CJX4ROLX2605UN;200;9.600;261;18/5/2026;18/5/2026;1001;1;B010;1;2604241568;H;COP;1946615
1082918;18001602;4916438610;ETIQUETA TERMICA CJX4ROLX2605UN;200;9.600;261;18/5/2026;18/5/2026;1001;1;B010;1;2604241568;H;COP;1946615
1082918;18001602;4916439572;ETIQUETA TERMICA CJX4ROLX2605UN;200;9.600;261;18/5/2026;18/5/2026;1001;1;B010;1;2604241568;H;COP;1946615
1082918;18001602;4916439579;ETIQUETA TERMICA CJX4ROLX2605UN;200;9.600;261;18/5/2026;18/5/2026;1001;1;B010;1;2604241568;H;COP;1946615
1082918;18001602;4916439586;ETIQUETA TERMICA CJX4ROLX2605UN;200;9.600;261;18/5/2026;18/5/2026;1001;1;B010;1;2604241568;H;COP;1946615
1082918;18001602;4916441574;ETIQUETA TERMICA CJX4ROLX2605UN;200;9.600;261;18/5/2026;18/5/2026;1001;1;B010;1;2604241568;H;COP;1946615
1082918;18001602;4916441579;ETIQUETA TERMICA CJX4ROLX2605UN;200;9.600;261;18/5/2026;18/5/2026;1001;1;B010;1;2604241568;H;COP;1946615
1082918;18001602;4916441595;ETIQUETA TERMICA CJX4ROLX2605UN;200;9.600;261;18/5/2026;18/5/2026;1001;1;B010;1;2604241568;H;COP;1946615
1082918;18001602;4916445630;ETIQUETA TERMICA CJX4ROLX2605UN;1;48;261;18/5/2026;18/5/2026;1001;1;B010;1;2604290726;H;COP;1946615
1082918;18001602;4916445734;ETIQUETA TERMICA CJX4ROLX2605UN;1;48;261;18/5/2026;18/5/2026;1001;1;B010;1;2604290726;H;COP;1946615
1082918;18001602;4916474486;ETIQUETA TERMICA CJX4ROLX2605UN;200;9.600;261;20/5/2026;20/5/2026;1001;1;B010;1;2604290726;H;COP;1946615
1082918;18001602;4916474490;ETIQUETA TERMICA CJX4ROLX2605UN;200;9.600;261;20/5/2026;20/5/2026;1001;1;B010;1;2604290726;H;COP;1946615
1082918;18001602;4916474493;ETIQUETA TERMICA CJX4ROLX2605UN;100;4.800;261;20/5/2026;20/5/2026;1001;1;B010;1;2604290726;H;COP;1946615
1082918;18001602;4916474670;ETIQUETA TERMICA CJX4ROLX2605UN;200;9.600;261;20/5/2026;20/5/2026;1001;1;B010;1;2604290726;H;COP;1946615
1082918;18001602;4916474675;ETIQUETA TERMICA CJX4ROLX2605UN;200;9.600;261;20/5/2026;20/5/2026;1001;1;B010;1;2604290726;H;COP;1946615
1082918;18001602;4916474676;ETIQUETA TERMICA CJX4ROLX2605UN;180;8.640;261;20/5/2026;20/5/2026;1001;1;B010;1;2604290726;H;COP;1946615
1082918;18001612;4916447112;CINTA DE RESINA 110*450M ROLX45000CM;14.000;0;261;18/5/2026;18/5/2026;1001;1;B010;3;2603311297;H;COP;1946615
1082918;18001612;4916450856;CINTA DE RESINA 110*450M ROLX45000CM;1.000;0;261;18/5/2026;18/5/2026;1001;1;B010;1;2603311297;H;COP;1946615
1082918;11001689;4916439083;PRESAS CORTADAS DE POLLO MP;1.719,900;14.487.180;261;18/5/2026;18/5/2026;1001;2;B010;1;2605160388;H;COP;0
1082918;11001689;4916446958;PRESAS CORTADAS DE POLLO MP;3.736,400;30.966.446;261;18/5/2026;18/5/2026;1001;2;B010;1;2605160485;H;COP;0
1082918;11001689;4916447444;PRESAS CORTADAS DE POLLO MP;350;2.900.722;261;18/5/2026;18/5/2026;1001;2;B010;1;2605180704;H;COP;0
1082918;18001590;4916447112;BOLSA FUNDA PERFORADA BTOX10BOLX100UN;500;111.403;261;18/5/2026;18/5/2026;1001;2;B010;4;2604291332;H;COP;0
1082918;18001602;4916474885;ETIQUETA TERMICA CJX4ROLX2605UN;-1.850;-88.798;262;20/5/2026;20/5/2026;1001;2;B010;1;2604241568;S;COP;0
1082918;14002444;5001985307;PRESAS CRISPY CJX10BOL(18UN);-2.280;-61.544.040;101;18/5/2026;18/5/2026;1001;4;B010;1;2605180205;S;COP;0
1082919;11000341;4916459559;MARINADOR CRISPY 15.66KG CJX60UN;5;17.883;261;19/5/2026;19/5/2026;1001;1;B010;1;2603050867;H;COP;1946616
1082919;14002440;4916438109;CARNE DE STRIPS;522;8.566.542;261;18/5/2026;18/5/2026;1001;1;B010;1;2605180262;H;COP;1946616
1082919;14002440;4916459557;CARNE DE STRIPS;-154,500;-2.535.500;262;19/5/2026;19/5/2026;1001;1;B010;1;2605180262;S;COP;1946616
1082919;18001585;4916459559;BOLSA FUNDA BTOX10BOLX100UN;15;3.226;261;19/5/2026;19/5/2026;1001;1;B010;3;2604151095;H;COP;1946616
1082919;18001586;4916459559;BOLSA FUELLE  BTOX50BOLX100UN;510;28.000;261;19/5/2026;19/5/2026;1001;1;B010;2;2604291357;H;COP;1946616
1082919;18001602;4916437307;ETIQUETA TERMICA CJX4ROLX2605UN;200;9.600;261;18/5/2026;18/5/2026;1001;1;B010;1;2604241568;H;COP;1946616
1082919;18001602;4916437310;ETIQUETA TERMICA CJX4ROLX2605UN;200;9.600;261;18/5/2026;18/5/2026;1001;1;B010;1;2604241568;H;COP;1946616
1082919;18001612;4916459559;CINTA DE RESINA 110*450M ROLX45000CM;1.245,800;0;261;19/5/2026;19/5/2026;1001;1;B010;4;2603311297;H;COP;1946616
1082919;11000092;4916459559;CARRAGENINA BTOX25KG;0,172;5.871;261;19/5/2026;19/5/2026;1001;2;B010;5;2603091072;H;COP;0
1082919;11001130;4916459559;SAL YODADA  BTOX25UNX0.5KG;3,158;7.217;261;19/5/2026;19/5/2026;1001;2;B010;6;2604220955;H;COP;0
1082919;14002441;4916437835;STRIPS MARINADO BOL(20UN);-75;-1.264.275;101;18/5/2026;18/5/2026;1001;4;B010;1;2605180209;S;COP;0
1082919;14002441;4916438475;STRIPS MARINADO BOL(20UN);-150;-2.528.550;101;18/5/2026;18/5/2026;1001;4;B010;1;2605180209;S;COP;0
1082919;14002441;4916438693;STRIPS MARINADO BOL(20UN);-150;-2.528.550;101;18/5/2026;18/5/2026;1001;4;B010;1;2605180209;S;COP;0
1082920;12002517;4916446123;MIX DE SALMUERA CRISPY;163,680;2.127.349;261;18/5/2026;18/5/2026;1001;1;B010;1;2605180787;H;COP;1946619
1082920;18001596;4916450752;ETIQUETA COLORES CJX6ROLX3800UN;1;100;261;18/5/2026;18/5/2026;1001;1;B010;1;2404011303;H;COP;1946619
1082920;12001209;4916446144;SALMUERA CRISPY;-1.263,680;-2.289.788;101;18/5/2026;18/5/2026;1001;4;B010;1;2605180212;S;COP;0
1082921;11000341;4916448127;MARINADOR CRISPY 15.66KG CJX60UN;5;17.883;261;18/5/2026;18/5/2026;1001;1;B010;2;2602231132;H;COP;1946618
1082921;14002446;4916441056;CARNE BIG CRUNCH;288,400;4.622.475;261;18/5/2026;18/5/2026;1001;1;B010;1;2605180265;H;COP;1946618
1082921;14002446;4916453904;CARNE BIG CRUNCH;-288,400;-4.622.475;262;18/5/2026;18/5/2026;1001;1;B010;1;2605180265;S;COP;1946618
1082921;14002446;4916454724;CARNE BIG CRUNCH;210,600;3.375.497;261;19/5/2026;19/5/2026;1001;1;B010;2;2605180265;H;COP;1946618
1082921;18001585;4916454724;BOLSA FUNDA BTOX10BOLX100UN;20;4.301;261;19/5/2026;19/5/2026;1001;1;B010;1;2604151095;H;COP;1946618
1082921;18001586;4916454724;BOLSA FUELLE  BTOX50BOLX100UN;400;21.961;261;19/5/2026;19/5/2026;1001;1;B010;3;2604291357;H;COP;1946618
1082921;18001602;4916438649;ETIQUETA TERMICA CJX4ROLX2605UN;300;14.400;261;18/5/2026;18/5/2026;1001;1;B010;1;2604241568;H;COP;1946618
1082921;18001602;4916439029;ETIQUETA TERMICA CJX4ROLX2605UN;100;4.800;261;18/5/2026;18/5/2026;1001;1;B010;1;2604241568;H;COP;1946618
1082921;18001602;4916439305;ETIQUETA TERMICA CJX4ROLX2605UN;100;4.800;261;18/5/2026;18/5/2026;1001;1;B010;1;2604241568;H;COP;1946618
1082921;18001612;4916454724;CINTA DE RESINA 110*450M ROLX45000CM;3.000;0;261;19/5/2026;19/5/2026;1001;1;B010;4;2603311297;H;COP;1946618
1082921;14002427;4916439143;BIG CRUNCH MARINADO BOL(10UN);-300;-2.829.000;101;18/5/2026;18/5/2026;1001;4;B010;1;2605180214;S;COP;0
1082921;14002427;4916448127;BIG CRUNCH MARINADO BOL(10UN);-90;-848.700;101;18/5/2026;18/5/2026;1001;4;B010;1;2605180214;S;COP;0
1082922;12002516;4916446140;MIX DE SALMUERA ORIGINAL;93,520;1.123.924;261;18/5/2026;18/5/2026;1001;1;B010;1;2605140318;H;COP;1946621
1082922;18001596;4916450733;ETIQUETA COLORES CJX6ROLX3800UN;1;100;261;18/5/2026;18/5/2026;1001;1;B010;1;2404011303;H;COP;1946621
1082922;11001377;4916450733;HIELO BOL(12KG);35;245.000;261;18/5/2026;18/5/2026;1001;2;B010;2;2605160511;H;COP;0
1082922;12001211;4916446170;SALMUERA IMOR;-1.493,520;-1.315.791;101;18/5/2026;18/5/2026;1001;4;B010;1;2605180216;S;COP;0
1082927;12002546;4916437260;CAJA DE POLLO;162,600;1.416.409;261;18/5/2026;18/5/2026;1001;1;B010;1;2605130114;H;COP;1946624
1082927;12002546;4916437262;CAJA DE POLLO;155;1.350.205;261;18/5/2026;18/5/2026;1001;1;B010;1;2605130114;H;COP;1946624
1082927;12002546;4916437265;CAJA DE POLLO;172,800;1.505.261;261;18/5/2026;18/5/2026;1001;1;B010;1;2605130114;H;COP;1946624
1082927;12002546;4916437266;CAJA DE POLLO;160,900;1.401.600;261;18/5/2026;18/5/2026;1001;1;B010;1;2605130114;H;COP;1946624
1082927;12002546;4916437282;CAJA DE POLLO;180,300;1.570.593;261;18/5/2026;18/5/2026;1001;1;B010;1;2605130114;H;COP;1946624
1082927;12002546;4916437320;CAJA DE POLLO;163,900;1.427.733;261;18/5/2026;18/5/2026;1001;1;B010;1;2605130114;H;COP;1946624
1082927;12002546;4916437323;CAJA DE POLLO;147,500;1.284.873;261;18/5/2026;18/5/2026;1001;1;B010;1;2605130114;H;COP;1946624
1082927;12002546;4916437598;CAJA DE POLLO;162,700;1.417.280;261;18/5/2026;18/5/2026;1001;1;B010;1;2605140091;H;COP;1946624
1082927;12002546;4916438598;CAJA DE POLLO;166,100;1.446.897;261;18/5/2026;18/5/2026;1001;1;B010;1;2605130114;H;COP;1946624
1082927;12002546;4916438612;CAJA DE POLLO;161,100;1.403.342;261;18/5/2026;18/5/2026;1001;1;B010;1;2605130114;H;COP;1946624
1082927;12002546;4916438618;CAJA DE POLLO;141,100;1.229.122;261;18/5/2026;18/5/2026;1001;1;B010;1;2605130114;H;COP;1946624
1082927;12002546;4916438619;CAJA DE POLLO;164,200;1.430.346;261;18/5/2026;18/5/2026;1001;1;B010;1;2605130114;H;COP;1946624
1082927;12002546;4916438734;CAJA DE POLLO;163,500;1.424.249;261;18/5/2026;18/5/2026;1001;1;B010;1;2605130114;H;COP;1946624
1082927;12002546;4916438738;CAJA DE POLLO;186,600;1.625.473;261;18/5/2026;18/5/2026;1001;1;B010;1;2605130114;H;COP;1946624
1082927;12002546;4916439274;CAJA DE POLLO;144,800;1.261.353;261;18/5/2026;18/5/2026;1001;1;B010;1;2605140091;H;COP;1946624
1082927;12002546;4916439491;CAJA DE POLLO;160,400;1.397.244;261;18/5/2026;18/5/2026;1001;1;B010;1;2605140091;H;COP;1946624
1082927;12002546;4916439492;CAJA DE POLLO;157,200;1.369.369;261;18/5/2026;18/5/2026;1001;1;B010;1;2605140091;H;COP;1946624
1082927;12002546;4916439494;CAJA DE POLLO;153,800;1.339.752;261;18/5/2026;18/5/2026;1001;1;B010;1;2605140091;H;COP;1946624
1082927;12002546;4916439561;CAJA DE POLLO;150,500;1.311.006;261;18/5/2026;18/5/2026;1001;1;B010;1;2605140091;H;COP;1946624
1082927;12002546;4916439952;CAJA DE POLLO;149,300;1.300.552;261;18/5/2026;18/5/2026;1001;1;B010;1;2605140091;H;COP;1946624
1082927;12002546;4916440365;CAJA DE POLLO;159,700;1.391.147;261;18/5/2026;18/5/2026;1001;1;B010;1;2605140091;H;COP;1946624
1082927;12002546;4916440366;CAJA DE POLLO;170,900;1.488.710;261;18/5/2026;18/5/2026;1001;1;B010;1;2605140091;H;COP;1946624
1082927;12002546;4916440367;CAJA DE POLLO;178,800;1.557.527;261;18/5/2026;18/5/2026;1001;1;B010;1;2605140091;H;COP;1946624
1082927;12002546;4916440372;CAJA DE POLLO;173,300;1.509.616;261;18/5/2026;18/5/2026;1001;1;B010;1;2605140091;H;COP;1946624
1082927;12002546;4916440687;CAJA DE POLLO;166,300;1.448.639;261;18/5/2026;18/5/2026;1001;1;B010;1;2605140091;H;COP;1946624
1082927;12002546;4916440688;CAJA DE POLLO;166,700;1.452.124;261;18/5/2026;18/5/2026;1001;1;B010;1;2605140091;H;COP;1946624
1082927;12002546;4916440721;CAJA DE POLLO;155;1.350.205;261;18/5/2026;18/5/2026;1001;1;B010;1;2605140091;H;COP;1946624
1082927;12002546;4916441178;CAJA DE POLLO;310,200;2.702.152;261;18/5/2026;18/5/2026;1001;1;B010;1;2605140091;H;COP;1946624
1082927;12002546;4916441597;CAJA DE POLLO;475,600;4.142.952;261;18/5/2026;18/5/2026;1001;1;B010;1;2605140091;H;COP;1946624
1082927;12002546;4916441765;CAJA DE POLLO;162,800;1.418.151;261;18/5/2026;18/5/2026;1001;1;B010;1;2605140091;H;COP;1946624
1082927;12002546;4916443745;CAJA DE POLLO;157,200;1.369.369;261;18/5/2026;18/5/2026;1001;1;B010;1;2605140091;H;COP;1946624
1082927;12002546;4916444075;CAJA DE POLLO;157,100;1.368.498;261;18/5/2026;18/5/2026;1001;1;B010;1;2605140091;H;COP;1946624
1082927;12002546;4916444076;CAJA DE POLLO;164,500;1.432.960;261;18/5/2026;18/5/2026;1001;1;B010;1;2605140091;H;COP;1946624
1082927;12002546;4916444117;CAJA DE POLLO;161,400;1.405.955;261;18/5/2026;18/5/2026;1001;1;B010;1;2605140091;H;COP;1946624
1082927;12002546;4916444725;CAJA DE POLLO;169,400;1.475.643;261;18/5/2026;18/5/2026;1001;1;B010;1;2605140091;H;COP;1946624
1082927;12002546;4916444727;CAJA DE POLLO;169,900;1.479.999;261;18/5/2026;18/5/2026;1001;1;B010;1;2605140091;H;COP;1946624
1082927;12002546;4916445159;CAJA DE POLLO;164,200;1.430.346;261;18/5/2026;18/5/2026;1001;1;B010;1;2605140091;H;COP;1946624
1082927;12002546;4916446077;CAJA DE POLLO;162,900;1.419.022;261;18/5/2026;18/5/2026;1001;1;B010;1;2605140091;H;COP;1946624
1082927;12002546;4916446246;CAJA DE POLLO;163,800;1.426.862;261;18/5/2026;18/5/2026;1001;1;B010;1;2605140091;H;COP;1946624
1082927;12002546;4916459611;CAJA DE POLLO;202,500;1.763.978;261;19/5/2026;19/5/2026;1001;1;B010;1;2605140091;H;COP;1946624
1082927;13000367;4916438850;COSTILLA DE POLLO;-140;-182.000;531;18/5/2026;18/5/2026;1001;1;B010;1;2605180252;S;COP;1946624
1082927;13000367;4916438852;COSTILLA DE POLLO;-140;-182.000;531;18/5/2026;18/5/2026;1001;1;B010;1;2605180252;S;COP;1946624
1082927;13000367;4916439384;COSTILLA DE POLLO;-140;-182.000;531;18/5/2026;18/5/2026;1001;1;B010;1;2605180252;S;COP;1946624
1082927;13000367;4916439548;COSTILLA DE POLLO;-140;-182.000;531;18/5/2026;18/5/2026;1001;1;B010;1;2605180252;S;COP;1946624
1082927;13000367;4916440695;COSTILLA DE POLLO;-140;-182.000;531;18/5/2026;18/5/2026;1001;1;B010;1;2605180252;S;COP;1946624
1082927;13000367;4916440696;COSTILLA DE POLLO;-140;-182.000;531;18/5/2026;18/5/2026;1001;1;B010;1;2605180252;S;COP;1946624
1082927;13000367;4916442503;COSTILLA DE POLLO;-140;-182.000;531;18/5/2026;18/5/2026;1001;1;B010;1;2605180252;S;COP;1946624
1082927;13000367;4916444853;COSTILLA DE POLLO;-140;-182.000;531;18/5/2026;18/5/2026;1001;1;B010;1;2605180252;S;COP;1946624
1082927;13000367;4916446362;COSTILLA DE POLLO;-140;-182.000;531;18/5/2026;18/5/2026;1001;1;B010;1;2605180252;S;COP;1946624
1082927;13000367;4916446885;COSTILLA DE POLLO;-140;-182.000;531;18/5/2026;18/5/2026;1001;1;B010;1;2605180252;S;COP;1946624
1082927;13000367;4916447651;COSTILLA DE POLLO;-95,700;-124.410;531;18/5/2026;18/5/2026;1001;1;B010;1;2605180252;S;COP;1946624
1082927;13000367;4916447708;COSTILLA DE POLLO;-140;-182.000;531;18/5/2026;18/5/2026;1001;1;B010;1;2605180252;S;COP;1946624
1082927;13000367;4916459592;COSTILLA DE POLLO;-140;-182.000;531;19/5/2026;19/5/2026;1001;1;B010;1;2605180252;S;COP;1946624
1082927;13000367;4916459593;COSTILLA DE POLLO;-140;-182.000;531;19/5/2026;19/5/2026;1001;1;B010;1;2605180252;S;COP;1946624
1082927;13000369;4916439814;PIEL DE POLLO;-140;-98.000;531;18/5/2026;18/5/2026;1001;1;B010;1;2605180252;S;COP;1946624
1082927;13000369;4916440798;PIEL DE POLLO;-140;-98.000;531;18/5/2026;18/5/2026;1001;1;B010;1;2605180252;S;COP;1946624
1082927;13000369;4916445135;PIEL DE POLLO;-140;-98.000;531;18/5/2026;18/5/2026;1001;1;B010;1;2605180252;S;COP;1946624
1082927;13000369;4916447529;PIEL DE POLLO;-140;-98.000;531;18/5/2026;18/5/2026;1001;1;B010;1;2605180252;S;COP;1946624
1082927;13000369;4916447749;PIEL DE POLLO;-23,900;-16.730;531;18/5/2026;18/5/2026;1001;1;B010;1;2605180252;S;COP;1946624
1082927;18001585;4916459583;BOLSA FUNDA BTOX10BOLX100UN;85;18.280;261;19/5/2026;19/5/2026;1001;1;B010;1;2604151095;H;COP;1946624
1082927;18001596;4916437332;ETIQUETA COLORES CJX6ROLX3800UN;1;100;261;18/5/2026;18/5/2026;1001;1;B010;1;2404011303;H;COP;1946624
1082927;18001596;4916437343;ETIQUETA COLORES CJX6ROLX3800UN;1;100;261;18/5/2026;18/5/2026;1001;1;B010;1;2404011303;H;COP;1946624
1082927;18001596;4916437553;ETIQUETA COLORES CJX6ROLX3800UN;1;100;261;18/5/2026;18/5/2026;1001;1;B010;1;2404011303;H;COP;1946624
1082927;18001596;4916437558;ETIQUETA COLORES CJX6ROLX3800UN;1;100;261;18/5/2026;18/5/2026;1001;1;B010;1;2404011303;H;COP;1946624
1082927;18001596;4916437564;ETIQUETA COLORES CJX6ROLX3800UN;1;100;261;18/5/2026;18/5/2026;1001;1;B010;1;2404011303;H;COP;1946624
1082927;18001596;4916437862;ETIQUETA COLORES CJX6ROLX3800UN;84;8.399;261;18/5/2026;18/5/2026;1001;1;B010;1;2404011303;H;COP;1946624
1082927;18001596;4916438695;ETIQUETA COLORES CJX6ROLX3800UN;1;100;261;18/5/2026;18/5/2026;1001;1;B010;1;2404011303;H;COP;1946624
1082927;18001596;4916438848;ETIQUETA COLORES CJX6ROLX3800UN;2;200;261;18/5/2026;18/5/2026;1001;1;B010;1;2404011303;H;COP;1946624
1082927;18001596;4916438883;ETIQUETA COLORES CJX6ROLX3800UN;1;100;261;18/5/2026;18/5/2026;1001;1;B010;1;2404011303;H;COP;1946624
1082927;18001596;4916439214;ETIQUETA COLORES CJX6ROLX3800UN;1;100;261;18/5/2026;18/5/2026;1001;1;B010;1;2404011303;H;COP;1946624
1082927;18001596;4916439381;ETIQUETA COLORES CJX6ROLX3800UN;1;100;261;18/5/2026;18/5/2026;1001;1;B010;1;2404011303;H;COP;1946624
1082927;18001596;4916439547;ETIQUETA COLORES CJX6ROLX3800UN;1;100;261;18/5/2026;18/5/2026;1001;1;B010;1;2404011303;H;COP;1946624
1082927;18001596;4916439581;ETIQUETA COLORES CJX6ROLX3800UN;1;100;261;18/5/2026;18/5/2026;1001;1;B010;1;2404011303;H;COP;1946624
1082927;18001596;4916439779;ETIQUETA COLORES CJX6ROLX3800UN;35;3.500;261;18/5/2026;18/5/2026;1001;1;B010;1;2404011303;H;COP;1946624
1082927;18001596;4916439813;ETIQUETA COLORES CJX6ROLX3800UN;1;100;261;18/5/2026;18/5/2026;1001;1;B010;1;2404011303;H;COP;1946624
1082927;18001596;4916439929;ETIQUETA COLORES CJX6ROLX3800UN;1;100;261;18/5/2026;18/5/2026;1001;1;B010;1;2404011303;H;COP;1946624
1082927;18001596;4916440002;ETIQUETA COLORES CJX6ROLX3800UN;1;100;261;18/5/2026;18/5/2026;1001;1;B010;1;2404011303;H;COP;1946624
1082927;18001596;4916440306;ETIQUETA COLORES CJX6ROLX3800UN;1;100;261;18/5/2026;18/5/2026;1001;1;B010;1;2404011303;H;COP;1946624
1082927;18001596;4916440568;ETIQUETA COLORES CJX6ROLX3800UN;1;100;261;18/5/2026;18/5/2026;1001;1;B010;1;2404011303;H;COP;1946624
1082927;18001596;4916440694;ETIQUETA COLORES CJX6ROLX3800UN;2;200;261;18/5/2026;18/5/2026;1001;1;B010;1;2404011303;H;COP;1946624
1082927;18001596;4916440796;ETIQUETA COLORES CJX6ROLX3800UN;1;100;261;18/5/2026;18/5/2026;1001;1;B010;1;2404011303;H;COP;1946624
1082927;18001596;4916440816;ETIQUETA COLORES CJX6ROLX3800UN;1;100;261;18/5/2026;18/5/2026;1001;1;B010;1;2404011303;H;COP;1946624
1082927;18001596;4916440858;ETIQUETA COLORES CJX6ROLX3800UN;1;100;261;18/5/2026;18/5/2026;1001;1;B010;1;2404011303;H;COP;1946624
1082927;18001596;4916440939;ETIQUETA COLORES CJX6ROLX3800UN;1;100;261;18/5/2026;18/5/2026;1001;1;B010;1;2404011303;H;COP;1946624
1082927;18001596;4916441281;ETIQUETA COLORES CJX6ROLX3800UN;1;100;261;18/5/2026;18/5/2026;1001;1;B010;1;2404011303;H;COP;1946624
1082927;18001596;4916442501;ETIQUETA COLORES CJX6ROLX3800UN;1;100;261;18/5/2026;18/5/2026;1001;1;B010;1;2404011303;H;COP;1946624
1082927;18001596;4916443927;ETIQUETA COLORES CJX6ROLX3800UN;1;100;261;18/5/2026;18/5/2026;1001;1;B010;1;2404011303;H;COP;1946624
1082927;18001596;4916444064;ETIQUETA COLORES CJX6ROLX3800UN;1;100;261;18/5/2026;18/5/2026;1001;1;B010;1;2404011303;H;COP;1946624
1082927;18001596;4916444735;ETIQUETA COLORES CJX6ROLX3800UN;1;100;261;18/5/2026;18/5/2026;1001;1;B010;1;2404011303;H;COP;1946624
1082927;18001596;4916444852;ETIQUETA COLORES CJX6ROLX3800UN;1;100;261;18/5/2026;18/5/2026;1001;1;B010;1;2404011303;H;COP;1946624
1082927;18001596;4916445132;ETIQUETA COLORES CJX6ROLX3800UN;1;100;261;18/5/2026;18/5/2026;1001;1;B010;1;2404011303;H;COP;1946624
1082927;18001596;4916445462;ETIQUETA COLORES CJX6ROLX3800UN;1;100;261;18/5/2026;18/5/2026;1001;1;B010;1;2404011303;H;COP;1946624
1082927;18001596;4916446239;ETIQUETA COLORES CJX6ROLX3800UN;1;100;261;18/5/2026;18/5/2026;1001;1;B010;1;2404011303;H;COP;1946624
1082927;18001596;4916446349;ETIQUETA COLORES CJX6ROLX3800UN;1;100;261;18/5/2026;18/5/2026;1001;1;B010;1;2404011303;H;COP;1946624
1082927;18001596;4916446884;ETIQUETA COLORES CJX6ROLX3800UN;1;100;261;18/5/2026;18/5/2026;1001;1;B010;1;2404011303;H;COP;1946624
1082927;18001596;4916447361;ETIQUETA COLORES CJX6ROLX3800UN;1;100;261;18/5/2026;18/5/2026;1001;1;B010;1;2404011303;H;COP;1946624
1082927;18001596;4916447403;ETIQUETA COLORES CJX6ROLX3800UN;1;100;261;18/5/2026;18/5/2026;1001;1;B010;1;2404011303;H;COP;1946624
1082927;18001596;4916447502;ETIQUETA COLORES CJX6ROLX3800UN;1;100;261;18/5/2026;18/5/2026;1001;1;B010;1;2404011303;H;COP;1946624
1082927;18001596;4916447506;ETIQUETA COLORES CJX6ROLX3800UN;1;100;261;18/5/2026;18/5/2026;1001;1;B010;1;2404011303;H;COP;1946624
1082927;18001596;4916447527;ETIQUETA COLORES CJX6ROLX3800UN;1;100;261;18/5/2026;18/5/2026;1001;1;B010;1;2404011303;H;COP;1946624
1082927;18001596;4916447619;ETIQUETA COLORES CJX6ROLX3800UN;21;2.100;261;18/5/2026;18/5/2026;1001;1;B010;1;2404011303;H;COP;1946624
1082927;18001596;4916447650;ETIQUETA COLORES CJX6ROLX3800UN;1;100;261;18/5/2026;18/5/2026;1001;1;B010;1;2404011303;H;COP;1946624
1082927;18001596;4916447707;ETIQUETA COLORES CJX6ROLX3800UN;1;100;261;18/5/2026;18/5/2026;1001;1;B010;1;2404011303;H;COP;1946624
1082927;18001596;4916447747;ETIQUETA COLORES CJX6ROLX3800UN;1;100;261;18/5/2026;18/5/2026;1001;1;B010;1;2404011303;H;COP;1946624
1082927;18001596;4916459583;ETIQUETA COLORES CJX6ROLX3800UN;450;44.995;261;19/5/2026;19/5/2026;1001;1;B010;3;2404011303;H;COP;1946624
1082927;18001612;4916459583;CINTA DE RESINA 110*450M ROLX45000CM;2.145,800;0;261;19/5/2026;19/5/2026;1001;1;B010;2;2603311297;H;COP;1946624
1082927;12002547;5001984159;CARNE FILETE DE POLLO;-200,300;-2.950.018;101;18/5/2026;18/5/2026;1001;4;B010;1;2605180252;S;COP;0
1082927;12002547;5001984185;CARNE FILETE DE POLLO;-207,200;-3.051.642;101;18/5/2026;18/5/2026;1001;4;B010;1;2605180252;S;COP;0
1082927;12002547;5001984323;CARNE FILETE DE POLLO;-190,500;-2.805.684;101;18/5/2026;18/5/2026;1001;4;B010;1;2605180252;S;COP;0
1082927;12002547;5001984366;CARNE FILETE DE POLLO;-203,700;-3.000.094;101;18/5/2026;18/5/2026;1001;4;B010;1;2605180252;S;COP;0
1082927;12002547;5001984411;CARNE FILETE DE POLLO;-200,900;-2.958.855;101;18/5/2026;18/5/2026;1001;4;B010;1;2605180252;S;COP;0
1082927;12002547;5001984458;CARNE FILETE DE POLLO;-195,600;-2.880.797;101;18/5/2026;18/5/2026;1001;4;B010;1;2605180252;S;COP;0
1082927;12002547;5001984544;CARNE FILETE DE POLLO;-193,400;-2.848.395;101;18/5/2026;18/5/2026;1001;4;B010;1;2605180252;S;COP;0
1082927;12002547;5001984553;CARNE FILETE DE POLLO;-193,700;-2.852.814;101;18/5/2026;18/5/2026;1001;4;B010;1;2605180252;S;COP;0
1082927;12002547;5001984629;CARNE FILETE DE POLLO;-193,900;-2.855.759;101;18/5/2026;18/5/2026;1001;4;B010;1;2605180252;S;COP;0
1082927;12002547;5001984667;CARNE FILETE DE POLLO;-181;-2.665.768;101;18/5/2026;18/5/2026;1001;4;B010;1;2605180252;S;COP;0
1082927;12002547;5001984713;CARNE FILETE DE POLLO;-201,500;-2.967.692;101;18/5/2026;18/5/2026;1001;4;B010;1;2605180252;S;COP;0
1082927;12002547;5001984728;CARNE FILETE DE POLLO;-192,600;-2.836.613;101;18/5/2026;18/5/2026;1001;4;B010;1;2605180252;S;COP;0
1082927;12002547;5001984743;CARNE FILETE DE POLLO;-195,200;-2.874.906;101;18/5/2026;18/5/2026;1001;4;B010;1;2605180252;S;COP;0
1082927;12002547;5001984791;CARNE FILETE DE POLLO;-191,600;-2.821.885;101;18/5/2026;18/5/2026;1001;4;B010;1;2605180252;S;COP;0
1082927;12002547;5001985056;CARNE FILETE DE POLLO;-192,600;-2.836.613;101;18/5/2026;18/5/2026;1001;4;B010;1;2605180252;S;COP;0
1082927;12002547;5001985064;CARNE FILETE DE POLLO;-204,200;-3.007.458;101;18/5/2026;18/5/2026;1001;4;B010;1;2605180252;S;COP;0
1082927;12002547;5001985139;CARNE FILETE DE POLLO;-192,200;-2.830.722;101;18/5/2026;18/5/2026;1001;4;B010;1;2605180252;S;COP;0
1082927;12002547;5001985262;CARNE FILETE DE POLLO;-196,600;-2.895.525;101;18/5/2026;18/5/2026;1001;4;B010;1;2605180252;S;COP;0
1082927;12002547;5001985401;CARNE FILETE DE POLLO;-197,900;-2.914.671;101;18/5/2026;18/5/2026;1001;4;B010;1;2605180252;S;COP;0
1082927;12002547;5001985553;CARNE FILETE DE POLLO;-188,900;-2.782.119;101;18/5/2026;18/5/2026;1001;4;B010;1;2605180252;S;COP;0
1082927;12002547;5001985562;CARNE FILETE DE POLLO;-189,200;-2.786.538;101;18/5/2026;18/5/2026;1001;4;B010;1;2605180252;S;COP;0
1082927;12002547;5001985569;CARNE FILETE DE POLLO;-189,300;-2.788.010;101;18/5/2026;18/5/2026;1001;4;B010;1;2605180252;S;COP;0
1082927;12002547;5001985570;CARNE FILETE DE POLLO;-76,600;-1.128.165;101;18/5/2026;18/5/2026;1001;4;B010;1;2605180252;S;COP;0
1082929;12002547;4916437300;CARNE FILETE DE POLLO;193,400;2.848.395;261;18/5/2026;18/5/2026;1001;1;B010;1;2605170014;H;COP;1946659
1082929;12002547;4916437302;CARNE FILETE DE POLLO;43,800;645.086;261;18/5/2026;18/5/2026;1001;1;B010;1;2605170014;H;COP;1946659
1082929;12002547;4916437304;CARNE FILETE DE POLLO;186,800;2.751.190;261;18/5/2026;18/5/2026;1001;1;B010;1;2605170014;H;COP;1946659
1082929;12002547;4916437313;CARNE FILETE DE POLLO;211;3.107.608;261;18/5/2026;18/5/2026;1001;1;B010;1;2605170014;H;COP;1946659
1082929;12002547;4916437314;CARNE FILETE DE POLLO;191,700;2.823.358;261;18/5/2026;18/5/2026;1001;1;B010;1;2605170014;H;COP;1946659
1082929;12002547;4916437424;CARNE FILETE DE POLLO;181,700;2.676.078;261;18/5/2026;18/5/2026;1001;1;B010;1;2605170014;H;COP;1946659
1082929;12002547;4916438719;CARNE FILETE DE POLLO;200,600;2.954.437;261;18/5/2026;18/5/2026;1001;1;B010;1;2605170014;H;COP;1946659
1082929;12002547;4916438720;CARNE FILETE DE POLLO;204,700;3.014.822;261;18/5/2026;18/5/2026;1001;1;B010;1;2605170014;H;COP;1946659
1082929;12002547;4916438725;CARNE FILETE DE POLLO;194;2.857.232;261;18/5/2026;18/5/2026;1001;1;B010;1;2605170014;H;COP;1946659
1082929;12002547;4916438727;CARNE FILETE DE POLLO;81,700;1.203.278;261;18/5/2026;18/5/2026;1001;1;B010;1;2605170014;H;COP;1946659
1082929;12002547;4916438728;CARNE FILETE DE POLLO;201,200;2.963.274;261;18/5/2026;18/5/2026;1001;1;B010;1;2605170014;H;COP;1946659
1082929;12002547;4916438829;CARNE FILETE DE POLLO;207,700;3.059.006;261;18/5/2026;18/5/2026;1001;1;B010;1;2605160100;H;COP;1946659
1082929;12002547;4916438957;CARNE FILETE DE POLLO;200,300;2.950.018;261;18/5/2026;18/5/2026;1001;1;B010;1;2605160100;H;COP;1946659
1082929;12002547;4916439480;CARNE FILETE DE POLLO;194,200;2.860.178;261;18/5/2026;18/5/2026;1001;1;B010;1;2605160100;H;COP;1946659
1082929;12002547;4916440677;CARNE FILETE DE POLLO;193,900;2.855.759;261;18/5/2026;18/5/2026;1001;1;B010;1;2605180252;H;COP;1946659
1082929;12002547;4916440680;CARNE FILETE DE POLLO;193,400;2.848.395;261;18/5/2026;18/5/2026;1001;1;B010;1;2605180252;H;COP;1946659
1082929;12002547;4916440684;CARNE FILETE DE POLLO;193,700;2.852.814;261;18/5/2026;18/5/2026;1001;1;B010;1;2605180252;H;COP;1946659
1082929;12002547;4916441760;CARNE FILETE DE POLLO;201,500;2.967.692;261;18/5/2026;18/5/2026;1001;1;B010;1;2605180252;H;COP;1946659
1082929;12002547;4916441762;CARNE FILETE DE POLLO;181;2.665.768;261;18/5/2026;18/5/2026;1001;1;B010;1;2605180252;H;COP;1946659
1082929;12002547;4916442750;CARNE FILETE DE POLLO;191,600;2.821.885;261;18/5/2026;18/5/2026;1001;1;B010;1;2605180252;H;COP;1946659
1082929;12002547;4916443189;CARNE FILETE DE POLLO;195,200;2.874.906;261;18/5/2026;18/5/2026;1001;1;B010;1;2605180252;H;COP;1946659
1082929;12002547;4916443955;CARNE FILETE DE POLLO;192,600;2.836.613;261;18/5/2026;18/5/2026;1001;1;B010;1;2605180252;H;COP;1946659
1082929;12002547;4916444105;CARNE FILETE DE POLLO;204,200;3.007.458;261;18/5/2026;18/5/2026;1001;1;B010;1;2605180252;H;COP;1946659
1082929;12002547;4916444720;CARNE FILETE DE POLLO;195,600;2.880.797;261;18/5/2026;18/5/2026;1001;1;B010;1;2605180252;H;COP;1946659
1082929;12002547;4916444723;CARNE FILETE DE POLLO;192,600;2.836.613;261;18/5/2026;18/5/2026;1001;1;B010;1;2605180252;H;COP;1946659
1082929;12002547;4916444799;CARNE FILETE DE POLLO;192,200;2.830.722;261;18/5/2026;18/5/2026;1001;1;B010;1;2605180252;H;COP;1946659
1082929;12002547;4916445333;CARNE FILETE DE POLLO;200,900;2.958.855;261;18/5/2026;18/5/2026;1001;1;B010;1;2605180252;H;COP;1946659
1082929;12002547;4916446300;CARNE FILETE DE POLLO;197,900;2.914.671;261;18/5/2026;18/5/2026;1001;1;B010;1;2605180252;H;COP;1946659
1082929;12002547;4916459612;CARNE FILETE DE POLLO;-81,700;-1.203.278;262;18/5/2026;18/5/2026;1001;1;B010;1;2605170014;S;COP;1946659
1082929;12002547;4916459613;CARNE FILETE DE POLLO;-43,800;-645.086;262;18/5/2026;18/5/2026;1001;1;B010;1;2605170014;S;COP;1946659
1082929;13000366;4916442360;CARNE INDUSTRIAL DE POLLO;-140;-140.000;531;18/5/2026;18/5/2026;1001;1;B010;1;2605180261;S;COP;1946659
1082929;13000366;4916447588;CARNE INDUSTRIAL DE POLLO;-140;-140.000;531;18/5/2026;18/5/2026;1001;1;B010;1;2605180261;S;COP;1946659
1082929;13000366;4916447600;CARNE INDUSTRIAL DE POLLO;-140;-140.000;531;18/5/2026;18/5/2026;1001;1;B010;1;2605180261;S;COP;1946659
1082929;13000366;4916447765;CARNE INDUSTRIAL DE POLLO;-22,300;-22.300;531;18/5/2026;18/5/2026;1001;1;B010;1;2605180261;S;COP;1946659
1082929;13000367;4916441619;COSTILLA DE POLLO;-140;-182.000;531;18/5/2026;18/5/2026;1001;1;B010;1;2605180261;S;COP;1946659
1082929;13000367;4916441627;COSTILLA DE POLLO;-140;-182.000;531;18/5/2026;18/5/2026;1001;1;B010;1;2605180261;S;COP;1946659
1082929;13000367;4916459576;COSTILLA DE POLLO;140;182.000;532;18/5/2026;18/5/2026;1001;1;B010;1;2605180261;H;COP;1946659
1082929;13000367;4916459577;COSTILLA DE POLLO;140;182.000;532;18/5/2026;18/5/2026;1001;1;B010;1;2605180261;H;COP;1946659
1082929;18001585;4916459615;BOLSA FUNDA BTOX10BOLX100UN;15;3.226;261;19/5/2026;19/5/2026;1001;1;B010;1;2604151095;H;COP;1946659
1082929;18001596;4916437297;ETIQUETA COLORES CJX6ROLX3800UN;1;100;261;18/5/2026;18/5/2026;1001;1;B010;1;2404011303;H;COP;1946659
1082929;18001596;4916437496;ETIQUETA COLORES CJX6ROLX3800UN;1;100;261;18/5/2026;18/5/2026;1001;1;B010;1;2404011303;H;COP;1946659
1082929;18001596;4916437708;ETIQUETA COLORES CJX6ROLX3800UN;1;100;261;18/5/2026;18/5/2026;1001;1;B010;1;2404011303;H;COP;1946659
1082929;18001596;4916437825;ETIQUETA COLORES CJX6ROLX3800UN;1;100;261;18/5/2026;18/5/2026;1001;1;B010;1;2404011303;H;COP;1946659
1082929;18001596;4916438033;ETIQUETA COLORES CJX6ROLX3800UN;1;100;261;18/5/2026;18/5/2026;1001;1;B010;1;2404011303;H;COP;1946659
1082929;18001596;4916438760;ETIQUETA COLORES CJX6ROLX3800UN;1;100;261;18/5/2026;18/5/2026;1001;1;B010;1;2404011303;H;COP;1946659
1082929;18001596;4916438946;ETIQUETA COLORES CJX6ROLX3800UN;1;100;261;18/5/2026;18/5/2026;1001;1;B010;1;2404011303;H;COP;1946659
1082929;18001596;4916438999;ETIQUETA COLORES CJX6ROLX3800UN;1;100;261;18/5/2026;18/5/2026;1001;1;B010;1;2404011303;H;COP;1946659
1082929;18001596;4916439433;ETIQUETA COLORES CJX6ROLX3800UN;1;100;261;18/5/2026;18/5/2026;1001;1;B010;1;2404011303;H;COP;1946659
1082929;18001596;4916439744;ETIQUETA COLORES CJX6ROLX3800UN;1;100;261;18/5/2026;18/5/2026;1001;1;B010;1;2404011303;H;COP;1946659
1082929;18001596;4916439748;ETIQUETA COLORES CJX6ROLX3800UN;1;100;261;18/5/2026;18/5/2026;1001;1;B010;1;2404011303;H;COP;1946659
1082929;18001596;4916439907;ETIQUETA COLORES CJX6ROLX3800UN;1;100;261;18/5/2026;18/5/2026;1001;1;B010;1;2404011303;H;COP;1946659
1082929;18001596;4916440314;ETIQUETA COLORES CJX6ROLX3800UN;1;100;261;18/5/2026;18/5/2026;1001;1;B010;1;2404011303;H;COP;1946659
1082929;18001596;4916440587;ETIQUETA COLORES CJX6ROLX3800UN;1;100;261;18/5/2026;18/5/2026;1001;1;B010;1;2404011303;H;COP;1946659
1082929;18001596;4916440785;ETIQUETA COLORES CJX6ROLX3800UN;1;100;261;18/5/2026;18/5/2026;1001;1;B010;1;2404011303;H;COP;1946659
1082929;18001596;4916441382;ETIQUETA COLORES CJX6ROLX3800UN;1;100;261;18/5/2026;18/5/2026;1001;1;B010;1;2404011303;H;COP;1946659
1082929;18001596;4916441467;ETIQUETA COLORES CJX6ROLX3800UN;1;100;261;18/5/2026;18/5/2026;1001;1;B010;1;2404011303;H;COP;1946659
1082929;18001596;4916441520;ETIQUETA COLORES CJX6ROLX3800UN;1;100;261;18/5/2026;18/5/2026;1001;1;B010;1;2404011303;H;COP;1946659
1082929;18001596;4916441617;ETIQUETA COLORES CJX6ROLX3800UN;1;100;261;18/5/2026;18/5/2026;1001;1;B010;1;2404011303;H;COP;1946659
1082929;18001596;4916441623;ETIQUETA COLORES CJX6ROLX3800UN;1;100;261;18/5/2026;18/5/2026;1001;1;B010;1;2404011303;H;COP;1946659
1082929;18001596;4916442127;ETIQUETA COLORES CJX6ROLX3800UN;1;100;261;18/5/2026;18/5/2026;1001;1;B010;1;2404011303;H;COP;1946659
1082929;18001596;4916442155;ETIQUETA COLORES CJX6ROLX3800UN;1;100;261;18/5/2026;18/5/2026;1001;1;B010;1;2404011303;H;COP;1946659
1082929;18001596;4916442204;ETIQUETA COLORES CJX6ROLX3800UN;1;100;261;18/5/2026;18/5/2026;1001;1;B010;1;2404011303;H;COP;1946659
1082929;18001596;4916442354;ETIQUETA COLORES CJX6ROLX3800UN;1;100;261;18/5/2026;18/5/2026;1001;1;B010;1;2404011303;H;COP;1946659
1082929;18001596;4916442364;ETIQUETA COLORES CJX6ROLX3800UN;14;1.400;261;18/5/2026;18/5/2026;1001;1;B010;1;2404011303;H;COP;1946659
1082929;18001596;4916443914;ETIQUETA COLORES CJX6ROLX3800UN;1;100;261;18/5/2026;18/5/2026;1001;1;B010;1;2404011303;H;COP;1946659
1082929;18001596;4916444383;ETIQUETA COLORES CJX6ROLX3800UN;1;100;261;18/5/2026;18/5/2026;1001;1;B010;1;2404011303;H;COP;1946659
1082929;18001596;4916444996;ETIQUETA COLORES CJX6ROLX3800UN;1;100;261;18/5/2026;18/5/2026;1001;1;B010;1;2404011303;H;COP;1946659
1082929;18001596;4916445276;ETIQUETA COLORES CJX6ROLX3800UN;1;100;261;18/5/2026;18/5/2026;1001;1;B010;1;2404011303;H;COP;1946659
1082929;18001596;4916445552;ETIQUETA COLORES CJX6ROLX3800UN;1;100;261;18/5/2026;18/5/2026;1001;1;B010;1;2404011303;H;COP;1946659
1082929;18001596;4916445826;ETIQUETA COLORES CJX6ROLX3800UN;1;100;261;18/5/2026;18/5/2026;1001;1;B010;1;2404011303;H;COP;1946659
1082929;18001596;4916445860;ETIQUETA COLORES CJX6ROLX3800UN;1;100;261;18/5/2026;18/5/2026;1001;1;B010;1;2404011303;H;COP;1946659
1082929;18001596;4916445998;ETIQUETA COLORES CJX6ROLX3800UN;1;100;261;18/5/2026;18/5/2026;1001;1;B010;1;2404011303;H;COP;1946659
1082929;18001596;4916446177;ETIQUETA COLORES CJX6ROLX3800UN;1;100;261;18/5/2026;18/5/2026;1001;1;B010;1;2404011303;H;COP;1946659
1082929;18001596;4916446994;ETIQUETA COLORES CJX6ROLX3800UN;1;100;261;18/5/2026;18/5/2026;1001;1;B010;1;2404011303;H;COP;1946659
1082929;18001596;4916447115;ETIQUETA COLORES CJX6ROLX3800UN;1;100;261;18/5/2026;18/5/2026;1001;1;B010;1;2404011303;H;COP;1946659
1082929;18001596;4916447142;ETIQUETA COLORES CJX6ROLX3800UN;1;100;261;18/5/2026;18/5/2026;1001;1;B010;1;2404011303;H;COP;1946659
1082929;18001596;4916447584;ETIQUETA COLORES CJX6ROLX3800UN;2;200;261;18/5/2026;18/5/2026;1001;1;B010;1;2404011303;H;COP;1946659
1082929;18001596;4916447612;ETIQUETA COLORES CJX6ROLX3800UN;14;1.400;261;18/5/2026;18/5/2026;1001;1;B010;1;2404011303;H;COP;1946659
1082929;18001596;4916447764;ETIQUETA COLORES CJX6ROLX3800UN;1;100;261;18/5/2026;18/5/2026;1001;1;B010;1;2404011303;H;COP;1946659
1082929;18001596;4916459615;ETIQUETA COLORES CJX6ROLX3800UN;210;20.998;261;19/5/2026;19/5/2026;1001;1;B010;3;2404011303;H;COP;1946659
1082929;18001612;4916459615;CINTA DE RESINA 110*450M ROLX45000CM;2.145,800;0;261;19/5/2026;19/5/2026;1001;1;B010;2;2603311297;H;COP;1946659
1082929;12002548;5001984228;CARNE POLLO CORTADA PARA POP CORN;-133,300;-2.054.820;101;18/5/2026;18/5/2026;1001;4;B010;1;2605180261;S;COP;0
1082929;12002548;5001984380;CARNE POLLO CORTADA PARA POP CORN;-157;-2.420.155;101;18/5/2026;18/5/2026;1001;4;B010;1;2605180261;S;COP;0
1082929;12002548;5001984441;CARNE POLLO CORTADA PARA POP CORN;-175;-2.697.625;101;18/5/2026;18/5/2026;1001;4;B010;1;2605180261;S;COP;0
1082929;12002548;5001984511;CARNE POLLO CORTADA PARA POP CORN;-142,900;-2.202.804;101;18/5/2026;18/5/2026;1001;4;B010;1;2605180261;S;COP;0
1082929;12002548;5001984513;CARNE POLLO CORTADA PARA POP CORN;-77,900;-1.200.829;101;18/5/2026;18/5/2026;1001;4;B010;1;2605180261;S;COP;0
1082929;12002548;5001984536;CARNE POLLO CORTADA PARA POP CORN;-136,500;-2.104.148;101;18/5/2026;18/5/2026;1001;4;B010;1;2605180261;S;COP;0
1082929;12002548;5001984632;CARNE POLLO CORTADA PARA POP CORN;-130,300;-2.008.575;101;18/5/2026;18/5/2026;1001;4;B010;1;2605180261;S;COP;0
1082929;12002548;5001984798;CARNE POLLO CORTADA PARA POP CORN;-177,700;-2.739.246;101;18/5/2026;18/5/2026;1001;4;B010;1;2605180261;S;COP;0
1082929;12002548;5001984879;CARNE POLLO CORTADA PARA POP CORN;-193,700;-2.985.886;101;18/5/2026;18/5/2026;1001;4;B010;1;2605180261;S;COP;0
1082929;12002548;5001984884;CARNE POLLO CORTADA PARA POP CORN;-155,100;-2.390.867;101;18/5/2026;18/5/2026;1001;4;B010;1;2605180261;S;COP;0
1082929;12002548;5001985103;CARNE POLLO CORTADA PARA POP CORN;-170,900;-2.634.424;101;18/5/2026;18/5/2026;1001;4;B010;1;2605180261;S;COP;0
1082929;12002548;5001985281;CARNE POLLO CORTADA PARA POP CORN;-163,600;-2.521.894;101;18/5/2026;18/5/2026;1001;4;B010;1;2605180261;S;COP;0
1082929;12002548;5001985321;CARNE POLLO CORTADA PARA POP CORN;-92,900;-1.432.054;101;18/5/2026;18/5/2026;1001;4;B010;1;2605180261;S;COP;0
1082929;12002548;5001985341;CARNE POLLO CORTADA PARA POP CORN;-82,500;-1.271.738;101;18/5/2026;18/5/2026;1001;4;B010;1;2605180261;S;COP;0
1082929;12002548;5001985526;CARNE POLLO CORTADA PARA POP CORN;-164,900;-2.541.934;101;18/5/2026;18/5/2026;1001;4;B010;1;2605180261;S;COP;0
1082929;12002548;5001985528;CARNE POLLO CORTADA PARA POP CORN;-124,300;-1.916.085;101;18/5/2026;18/5/2026;1001;4;B010;1;2605180261;S;COP;0
1082929;14002437;5001984669;CARNE PARA KENTUCKY SANDWNCH;-133;-2.252.355;101;18/5/2026;18/5/2026;1001;4;B010;1;2605180264;S;COP;0
1082929;14002437;5001984709;CARNE PARA KENTUCKY SANDWNCH;-133;-2.252.355;101;18/5/2026;18/5/2026;1001;4;B010;1;2605180264;S;COP;0
1082929;14002437;5001984803;CARNE PARA KENTUCKY SANDWNCH;-133,100;-2.254.049;101;18/5/2026;18/5/2026;1001;4;B010;1;2605180264;S;COP;0
1082929;14002437;5001984806;CARNE PARA KENTUCKY SANDWNCH;-133;-2.252.355;101;18/5/2026;18/5/2026;1001;4;B010;1;2605180264;S;COP;0
1082929;14002437;5001985390;CARNE PARA KENTUCKY SANDWNCH;-128,500;-2.176.148;101;18/5/2026;18/5/2026;1001;4;B010;1;2605180264;S;COP;0
1082929;14002437;5001985517;CARNE PARA KENTUCKY SANDWNCH;-133;-2.252.355;101;18/5/2026;18/5/2026;1001;4;B010;1;2605180264;S;COP;0
1082929;14002440;5001984154;CARNE DE STRIPS;-133;-2.182.663;101;18/5/2026;18/5/2026;1001;4;B010;1;2605180262;S;COP;0
1082929;14002440;5001984167;CARNE DE STRIPS;-133;-2.182.663;101;18/5/2026;18/5/2026;1001;4;B010;1;2605180262;S;COP;0
1082929;14002440;5001984214;CARNE DE STRIPS;-133;-2.182.663;101;18/5/2026;18/5/2026;1001;4;B010;1;2605180262;S;COP;0
1082929;14002440;5001984254;CARNE DE STRIPS;-123;-2.018.553;101;18/5/2026;18/5/2026;1001;4;B010;1;2605180262;S;COP;0
1082929;14002446;5001984342;CARNE BIG CRUNCH;-133;-2.131.724;101;18/5/2026;18/5/2026;1001;4;B010;1;2605180265;S;COP;0
1082929;14002446;5001984372;CARNE BIG CRUNCH;-155,400;-2.490.751;101;18/5/2026;18/5/2026;1001;4;B010;1;2605180265;S;COP;0
1082929;14002446;5001984888;CARNE BIG CRUNCH;-126,200;-2.022.734;101;18/5/2026;18/5/2026;1001;4;B010;1;2605180265;S;COP;0
1082929;14002446;5001985054;CARNE BIG CRUNCH;-133;-2.131.724;101;18/5/2026;18/5/2026;1001;4;B010;1;2605180265;S;COP;0
1082929;14002446;5001985160;CARNE BIG CRUNCH;-133;-2.131.724;101;18/5/2026;18/5/2026;1001;4;B010;1;2605180265;S;COP;0
1082929;14002446;5001985218;CARNE BIG CRUNCH;-133;-2.131.724;101;18/5/2026;18/5/2026;1001;4;B010;1;2605180265;S;COP;0
1082929;14002446;5001985309;CARNE BIG CRUNCH;-133;-2.131.724;101;18/5/2026;18/5/2026;1001;4;B010;1;2605180265;S;COP;0
1082930;13000365;4916446466;ASERRIN HUESO DE POLLO;-160;-160;531;18/5/2026;18/5/2026;1001;1;B010;1;2605180383;S;COP;1946753
1082930;13000365;4916446467;ASERRIN HUESO DE POLLO;-160;-160;531;18/5/2026;18/5/2026;1001;1;B010;1;2605180383;S;COP;1946753
1082930;13000365;4916446804;ASERRIN HUESO DE POLLO;-16,900;-17;531;18/5/2026;18/5/2026;1001;1;B010;1;2605180383;S;COP;1946753
1082930;13000365;4916446808;ASERRIN HUESO DE POLLO;-60;-60;531;18/5/2026;18/5/2026;1001;1;B010;1;2605180383;S;COP;1946753
1082930;13000367;4916444479;COSTILLA DE POLLO;140;182.000;261;18/5/2026;18/5/2026;1001;1;B010;1;2605160100;H;COP;1946753
1082930;13000367;4916444482;COSTILLA DE POLLO;140;182.000;261;18/5/2026;18/5/2026;1001;1;B010;1;2605160100;H;COP;1946753
1082930;13000367;4916444483;COSTILLA DE POLLO;140;182.000;261;18/5/2026;18/5/2026;1001;1;B010;1;2605160100;H;COP;1946753
1082930;13000367;4916444485;COSTILLA DE POLLO;140;182.000;261;18/5/2026;18/5/2026;1001;1;B010;1;2605160100;H;COP;1946753
1082930;13000367;4916444512;COSTILLA DE POLLO;64;83.200;261;18/5/2026;18/5/2026;1001;1;B010;1;2605160100;H;COP;1946753
1082930;13000367;4916444516;COSTILLA DE POLLO;30,300;39.390;261;18/5/2026;18/5/2026;1001;1;B010;1;2605160100;H;COP;1946753
1082930;13000367;4916444519;COSTILLA DE POLLO;140;182.000;261;18/5/2026;18/5/2026;1001;1;B010;1;2605160100;H;COP;1946753
1082930;13000367;4916444524;COSTILLA DE POLLO;140;182.000;261;18/5/2026;18/5/2026;1001;1;B010;1;2605160100;H;COP;1946753
1082930;13000367;4916444540;COSTILLA DE POLLO;140;182.000;261;18/5/2026;18/5/2026;1001;1;B010;1;2605160100;H;COP;1946753
1082930;13000367;4916444541;COSTILLA DE POLLO;140;182.000;261;18/5/2026;18/5/2026;1001;1;B010;1;2605160100;H;COP;1946753
1082930;13000367;4916444544;COSTILLA DE POLLO;140;182.000;261;18/5/2026;18/5/2026;1001;1;B010;1;2605160100;H;COP;1946753
1082930;13000367;4916444546;COSTILLA DE POLLO;140;182.000;261;18/5/2026;18/5/2026;1001;1;B010;1;2605160100;H;COP;1946753
1082930;13000367;4916446403;COSTILLA DE POLLO;140;182.000;261;18/5/2026;18/5/2026;1001;1;B010;1;2605170014;H;COP;1946753
1082930;13000368;4916444612;GRASA DE POLLO;86,900;26.070;261;18/5/2026;18/5/2026;1001;1;B010;1;2605160078;H;COP;1946753
1082930;13000371;4916444637;PUNTILLAS;20;4.000;261;18/5/2026;18/5/2026;1001;1;B010;1;2605160078;H;COP;1946753
1082930;13000371;4916444652;PUNTILLAS;20;4.000;261;18/5/2026;18/5/2026;1001;1;B010;1;2605160078;H;COP;1946753
1082930;13000371;4916444654;PUNTILLAS;20;4.000;261;18/5/2026;18/5/2026;1001;1;B010;1;2605160078;H;COP;1946753
1082930;13000371;4916444657;PUNTILLAS;7,600;1.520;261;18/5/2026;18/5/2026;1001;1;B010;1;2605160078;H;COP;1946753
1082930;13000371;4916444659;PUNTILLAS;20;4.000;261;18/5/2026;18/5/2026;1001;1;B010;1;2605160078;H;COP;1946753
1082930;13000371;4916444673;PUNTILLAS;20;4.000;261;18/5/2026;18/5/2026;1001;1;B010;1;2605160078;H;COP;1946753
1082930;13000371;4916444675;PUNTILLAS;20;4.000;261;18/5/2026;18/5/2026;1001;1;B010;1;2605160078;H;COP;1946753
1082930;13000371;4916459544;PUNTILLAS;25,200;5.040;261;19/5/2026;19/5/2026;1001;1;B010;1;2605190155;H;COP;1946753
1082930;18001593;4916459544;BOLSA PASTA DE POLLO BTOX9BOLX50UN;110;80.850;261;19/5/2026;19/5/2026;1001;1;B010;2;2604081042;H;COP;1946753
1082930;18001612;4916459544;CINTA DE RESINA 110*450M ROLX45000CM;2.145,800;0;261;19/5/2026;19/5/2026;1001;1;B010;3;2603311297;H;COP;1946753
1082930;14002442;5001985422;PASTA DE POLLO;-120;-293.640;101;18/5/2026;18/5/2026;1001;4;B010;1;2605180383;S;COP;0
1082930;14002442;5001985423;PASTA DE POLLO;-120;-293.640;101;18/5/2026;18/5/2026;1001;4;B010;1;2605180383;S;COP;0
1082930;14002442;5001985424;PASTA DE POLLO;-120;-293.640;101;18/5/2026;18/5/2026;1001;4;B010;1;2605180383;S;COP;0
1082930;14002442;5001985425;PASTA DE POLLO;-120;-293.640;101;18/5/2026;18/5/2026;1001;4;B010;1;2605180383;S;COP;0
1082930;14002442;5001985426;PASTA DE POLLO;-120;-293.640;101;18/5/2026;18/5/2026;1001;4;B010;1;2605180383;S;COP;0
1082930;14002442;5001985427;PASTA DE POLLO;-120;-293.640;101;18/5/2026;18/5/2026;1001;4;B010;1;2605180383;S;COP;0
1082930;14002442;5001985428;PASTA DE POLLO;-120;-293.640;101;18/5/2026;18/5/2026;1001;4;B010;1;2605180383;S;COP;0
1082930;14002442;5001985429;PASTA DE POLLO;-120;-293.640;101;18/5/2026;18/5/2026;1001;4;B010;1;2605180383;S;COP;0
1082930;14002442;5001985430;PASTA DE POLLO;-120;-293.640;101;18/5/2026;18/5/2026;1001;4;B010;1;2605180383;S;COP;0
1082930;14002442;5001985431;PASTA DE POLLO;-120;-293.640;101;18/5/2026;18/5/2026;1001;4;B010;1;2605180383;S;COP;0
1082930;14002442;5001985433;PASTA DE POLLO;-120;-293.640;101;18/5/2026;18/5/2026;1001;4;B010;1;2605180383;S;COP;0
1082930;14002442;5001985434;PASTA DE POLLO;-120;-293.640;101;18/5/2026;18/5/2026;1001;4;B010;1;2605180383;S;COP;0
1082930;14002442;5001985436;PASTA DE POLLO;-30;-73.410;101;18/5/2026;18/5/2026;1001;4;B010;1;2605180383;S;COP;0
1082930;14002442;5001985445;PASTA DE POLLO;-160;-391.520;101;18/5/2026;18/5/2026;1001;4;B010;1;2605180383;S;COP;0
1082930;14002442;5001985446;PASTA DE POLLO;-160;-391.520;101;18/5/2026;18/5/2026;1001;4;B010;1;2605180383;S;COP;0
1082930;14002442;5001985563;PASTA DE POLLO;160;391.520;102;18/5/2026;18/5/2026;1001;4;B010;1;2605180383;H;COP;0
1082930;14002442;5001985565;PASTA DE POLLO;160;391.520;102;18/5/2026;18/5/2026;1001;4;B010;1;2605180383;H;COP;0
1082931;11000341;4916459572;MARINADOR CRISPY 15.66KG CJX60UN;3;10.730;261;19/5/2026;19/5/2026;1001;1;B010;2;2603050867;H;COP;1946880
1082931;14002440;4916459572;CARNE DE STRIPS;154,500;2.535.500;261;19/5/2026;19/5/2026;1001;1;B010;1;2605180262;H;COP;1946880
1082931;18001585;4916459572;BOLSA FUNDA BTOX10BOLX100UN;15;3.226;261;19/5/2026;19/5/2026;1001;1;B010;4;2604151095;H;COP;1946880
1082931;18001586;4916459572;BOLSA FUELLE  BTOX50BOLX100UN;310;17.020;261;19/5/2026;19/5/2026;1001;1;B010;3;2604291357;H;COP;1946880
1082931;18001602;4916438517;ETIQUETA TERMICA CJX4ROLX2605UN;200;9.600;261;18/5/2026;18/5/2026;1001;1;B010;1;2604241568;H;COP;1946880
1082931;18001602;4916438676;ETIQUETA TERMICA CJX4ROLX2605UN;300;14.400;261;18/5/2026;18/5/2026;1001;1;B010;1;2604241568;H;COP;1946880
1082931;18001602;4916438960;ETIQUETA TERMICA CJX4ROLX2605UN;200;9.600;261;18/5/2026;18/5/2026;1001;1;B010;1;2604241568;H;COP;1946880
1082931;18001602;4916439616;ETIQUETA TERMICA CJX4ROLX2605UN;300;14.400;261;18/5/2026;18/5/2026;1001;1;B010;1;2604241568;H;COP;1946880
1082931;18001612;4916459572;CINTA DE RESINA 110*450M ROLX45000CM;1.245,800;0;261;19/5/2026;19/5/2026;1001;1;B010;5;2603311297;H;COP;1946880
1082931;11000092;4916459572;CARRAGENINA BTOX25KG;0,114;3.891;261;19/5/2026;19/5/2026;1001;2;B010;6;2603091072;H;COP;0
1082931;11001130;4916459572;SAL YODADA  BTOX25UNX0.5KG;2,087;4.769;261;19/5/2026;19/5/2026;1001;2;B010;7;2604220955;H;COP;0
1082931;14002440;4916459572;CARNE DE STRIPS;50;820.550;261;19/5/2026;19/5/2026;1001;2;B010;8;2605190171;H;COP;0
1082931;14002441;4916448124;STRIPS MARINADO BOL(20UN);-247;-4.163.679;101;18/5/2026;18/5/2026;1001;4;B010;1;2605180559;S;COP;0
1082933;11000341;4916453815;MARINADOR CRISPY 15.66KG CJX60UN;10;35.765;261;19/5/2026;19/5/2026;1001;1;B010;3;2604291170;H;COP;1947006
1082933;14002446;4916447542;CARNE BIG CRUNCH;133;2.131.724;261;18/5/2026;18/5/2026;1001;1;B010;1;2605180265;H;COP;1947006
1082933;14002446;4916447615;CARNE BIG CRUNCH;414,600;6.645.209;261;18/5/2026;18/5/2026;1001;1;B010;1;2605180265;H;COP;1947006
1082933;14002446;4916453815;CARNE BIG CRUNCH;81,920;1.313.014;261;19/5/2026;19/5/2026;1001;1;B010;1;2605170020;H;COP;1947006
1082933;14002446;4916453815;CARNE BIG CRUNCH;110,600;1.772.697;261;19/5/2026;19/5/2026;1001;1;B010;2;2605180265;H;COP;1947006
1082933;18001586;4916453815;BOLSA FUELLE  BTOX50BOLX100UN;1.500;82.354;261;19/5/2026;19/5/2026;1001;1;B010;4;2604291357;H;COP;1947006
1082933;18001602;4916439555;ETIQUETA TERMICA CJX4ROLX2605UN;200;9.600;261;18/5/2026;18/5/2026;1001;1;B010;1;2604241568;H;COP;1947006
1082933;18001602;4916439562;ETIQUETA TERMICA CJX4ROLX2605UN;200;9.600;261;18/5/2026;18/5/2026;1001;1;B010;1;2604241568;H;COP;1947006
1082933;18001602;4916441101;ETIQUETA TERMICA CJX4ROLX2605UN;200;9.600;261;18/5/2026;18/5/2026;1001;1;B010;1;2604241568;H;COP;1947006
1082933;18001602;4916445739;ETIQUETA TERMICA CJX4ROLX2605UN;300;14.400;261;18/5/2026;18/5/2026;1001;1;B010;1;2604241568;H;COP;1947006
1082933;18001602;4916445795;ETIQUETA TERMICA CJX4ROLX2605UN;300;14.400;261;18/5/2026;18/5/2026;1001;1;B010;1;2604241568;H;COP;1947006
1082933;18001602;4916445806;ETIQUETA TERMICA CJX4ROLX2605UN;200;9.600;261;18/5/2026;18/5/2026;1001;1;B010;1;2604241568;H;COP;1947006
1082933;18001602;4916446143;ETIQUETA TERMICA CJX4ROLX2605UN;200;9.600;261;18/5/2026;18/5/2026;1001;1;B010;1;2604241568;H;COP;1947006
1082933;18001602;4916446708;ETIQUETA TERMICA CJX4ROLX2605UN;200;9.600;261;18/5/2026;18/5/2026;1001;1;B010;1;2604241568;H;COP;1947006
1082933;18001602;4916446765;ETIQUETA TERMICA CJX4ROLX2605UN;200;9.600;261;18/5/2026;18/5/2026;1001;1;B010;1;2604241568;H;COP;1947006
1082933;18001602;4916474386;ETIQUETA TERMICA CJX4ROLX2605UN;200;9.600;261;20/5/2026;20/5/2026;1001;1;B010;1;2604290726;H;COP;1947006
1082933;18001602;4916474392;ETIQUETA TERMICA CJX4ROLX2605UN;200;9.600;261;20/5/2026;20/5/2026;1001;1;B010;1;2604290726;H;COP;1947006
1082933;18001602;4916474397;ETIQUETA TERMICA CJX4ROLX2605UN;180;8.640;261;20/5/2026;20/5/2026;1001;1;B010;1;2604290726;H;COP;1947006
1082933;18001612;4916453815;CINTA DE RESINA 110*450M ROLX45000CM;10.700;0;261;19/5/2026;19/5/2026;1001;1;B010;5;2603311297;H;COP;1947006
1082933;11000092;4916453815;CARRAGENINA BTOX25KG;0,347;11.845;261;19/5/2026;19/5/2026;1001;2;B010;7;2603091072;H;COP;0
1082933;11001130;4916453815;SAL YODADA  BTOX25UNX0.5KG;6,360;14.534;261;19/5/2026;19/5/2026;1001;2;B010;6;2604220955;H;COP;0
1082933;14002427;4916448122;BIG CRUNCH MARINADO BOL(10UN);-1.441;-13.588.630;101;18/5/2026;18/5/2026;1001;4;B010;1;2605180769;S;COP;0
1082934;11001134;4916439885;MARINADOR CRISPY INYECCION BTOX20KG;163,680;1.862.094;261;18/5/2026;18/5/2026;1003;1;B010;2;2605061243;H;COP;1947030
1082934;18001591;4916439885;BOLSA ENSALADA IMPRESA BTOX10BOLX100UN;11;3.346;261;18/5/2026;18/5/2026;1003;1;B010;3;2604221468;H;COP;1947030
1082934;18001602;4916439713;ETIQUETA TERMICA CJX4ROLX2605UN;11;528;261;18/5/2026;18/5/2026;1001;1;B010;1;2604241568;H;COP;1947030
1082934;18001602;4916439885;ETIQUETA TERMICA CJX4ROLX2605UN;11;528;261;18/5/2026;18/5/2026;1001;1;B010;5;2604241568;H;COP;1947030
1082934;18001612;4916439885;CINTA DE RESINA 110*450M ROLX45000CM;60;0;261;18/5/2026;18/5/2026;1001;1;B010;4;2603311297;H;COP;1947030
1082934;12002517;4916439885;MIX DE SALMUERA CRISPY;-163,680;-2.127.349;101;18/5/2026;18/5/2026;1003;4;B010;1;2605180787;S;COP;0
1082936;11000341;4916453624;MARINADOR CRISPY 15.66KG CJX60UN;1;3.577;261;19/5/2026;19/5/2026;1001;1;B010;1;2602231132;H;COP;1947049
1082936;11000341;4916453624;MARINADOR CRISPY 15.66KG CJX60UN;8;28.612;261;19/5/2026;19/5/2026;1001;1;B010;2;2604291170;H;COP;1947049
1082936;14002437;4916447442;CARNE PARA KENTUCKY SANDWNCH;660,600;11.187.262;261;18/5/2026;18/5/2026;1001;1;B010;1;2605180264;H;COP;1947049
1082936;18001585;4916453624;BOLSA FUNDA BTOX10BOLX100UN;50;10.753;261;19/5/2026;19/5/2026;1001;1;B010;4;2604151095;H;COP;1947049
1082936;18001586;4916453624;BOLSA FUELLE  BTOX50BOLX100UN;1.650;90.589;261;19/5/2026;19/5/2026;1001;1;B010;3;2604291357;H;COP;1947049
1082936;18001602;4916439759;ETIQUETA TERMICA CJX4ROLX2605UN;200;9.600;261;18/5/2026;18/5/2026;1001;1;B010;1;2604241568;H;COP;1947049
1082936;18001602;4916439768;ETIQUETA TERMICA CJX4ROLX2605UN;200;9.600;261;18/5/2026;18/5/2026;1001;1;B010;1;2604241568;H;COP;1947049
1082936;18001602;4916440099;ETIQUETA TERMICA CJX4ROLX2605UN;300;14.400;261;18/5/2026;18/5/2026;1001;1;B010;1;2604241568;H;COP;1947049
1082936;18001602;4916440405;ETIQUETA TERMICA CJX4ROLX2605UN;200;9.600;261;18/5/2026;18/5/2026;1001;1;B010;1;2604241568;H;COP;1947049
1082936;18001602;4916443395;ETIQUETA TERMICA CJX4ROLX2605UN;200;9.600;261;18/5/2026;18/5/2026;1001;1;B010;1;2604290726;H;COP;1947049
1082936;18001602;4916443423;ETIQUETA TERMICA CJX4ROLX2605UN;200;9.600;261;18/5/2026;18/5/2026;1001;1;B010;1;2604290726;H;COP;1947049
1082936;18001602;4916444892;ETIQUETA TERMICA CJX4ROLX2605UN;200;9.600;261;18/5/2026;18/5/2026;1001;1;B010;1;2604290726;H;COP;1947049
1082936;18001602;4916445704;ETIQUETA TERMICA CJX4ROLX2605UN;400;19.200;261;18/5/2026;18/5/2026;1001;1;B010;1;2604290726;H;COP;1947049
1082936;18001602;4916446931;ETIQUETA TERMICA CJX4ROLX2605UN;200;9.600;261;18/5/2026;18/5/2026;1001;1;B010;1;2604241568;H;COP;1947049
1082936;18001602;4916447347;ETIQUETA TERMICA CJX4ROLX2605UN;150;7.200;261;18/5/2026;18/5/2026;1001;1;B010;1;2604290726;H;COP;1947049
1082936;18001602;4916474434;ETIQUETA TERMICA CJX4ROLX2605UN;200;9.600;261;20/5/2026;20/5/2026;1001;1;B010;1;2604290726;H;COP;1947049
1082936;18001602;4916474436;ETIQUETA TERMICA CJX4ROLX2605UN;200;9.600;261;20/5/2026;20/5/2026;1001;1;B010;1;2604290726;H;COP;1947049
1082936;18001602;4916474438;ETIQUETA TERMICA CJX4ROLX2605UN;200;9.600;261;20/5/2026;20/5/2026;1001;1;B010;1;2604290726;H;COP;1947049
1082936;18001602;4916474440;ETIQUETA TERMICA CJX4ROLX2605UN;180;8.640;261;20/5/2026;20/5/2026;1001;1;B010;1;2604290726;H;COP;1947049
1082936;18001612;4916453624;CINTA DE RESINA 110*450M ROLX45000CM;12.000;0;261;19/5/2026;19/5/2026;1001;1;B010;5;2603311297;H;COP;1947049
1082936;11000092;4916453624;CARRAGENINA BTOX25KG;0,310;10.582;261;19/5/2026;19/5/2026;1001;2;B010;7;2603091072;H;COP;0
1082936;11001130;4916453624;SAL YODADA  BTOX25UNX0.5KG;5,600;12.797;261;19/5/2026;19/5/2026;1001;2;B010;6;2604220955;H;COP;0
1082936;14002433;4916448099;KENTUCKY SANDWNCH BOL(5UN);-1.601;-13.758.994;101;18/5/2026;18/5/2026;1001;4;B010;1;2605180807;S;COP;0
1082937;11000456;4916439859;POLVO IMOR BTOX20KG;43,900;450.954;261;18/5/2026;18/5/2026;1003;1;B010;2;2604221202;H;COP;1947050
1082937;11000456;4916439859;POLVO IMOR BTOX20KG;200;2.054.460;261;18/5/2026;18/5/2026;1003;1;B010;3;2605061246;H;COP;1947050
1082937;18001591;4916439859;BOLSA ENSALADA IMPRESA BTOX10BOLX100UN;48;14.602;261;18/5/2026;18/5/2026;1003;1;B010;4;2604221468;H;COP;1947050
1082937;18001602;4916439772;ETIQUETA TERMICA CJX4ROLX2605UN;49;2.352;261;18/5/2026;18/5/2026;1001;1;B010;1;2604241568;H;COP;1947050
1082937;18001602;4916439859;ETIQUETA TERMICA CJX4ROLX2605UN;49;2.352;261;18/5/2026;18/5/2026;1001;1;B010;6;2604241568;H;COP;1947050
1082937;18001612;4916439859;CINTA DE RESINA 110*450M ROLX45000CM;300;0;261;18/5/2026;18/5/2026;1001;1;B010;5;2603311297;H;COP;1947050
1082937;11000456;4916439859;POLVO IMOR BTOX20KG;76,740;788.296;261;18/5/2026;18/5/2026;1003;2;B010;7;2604291065;H;COP;0
1082937;18001602;4916447059;ETIQUETA TERMICA CJX4ROLX2605UN;-49;-2.352;262;18/5/2026;18/5/2026;1001;2;B010;1;2604241568;S;COP;0
1082937;12002516;4916439859;MIX DE SALMUERA ORIGINAL;-320,640;-3.853.452;101;18/5/2026;18/5/2026;1003;4;B010;1;2605180806;S;COP;0
1082938;11000893;4916447189;AZUCAR BTOX50KG;200;796.000;261;18/5/2026;18/5/2026;1003;1;B010;6;2604271240;H;COP;1947072
1082938;11000893;4916447189;AZUCAR BTOX50KG;100;398.000;261;18/5/2026;18/5/2026;1003;1;B010;7;2605040966;H;COP;1947072
1082938;11001115;4916447189;MAYONESA HALLMANNS CJx4UNX3,77KG;120,640;1.388.876;261;18/5/2026;18/5/2026;1003;1;B010;5;2604290830;H;COP;1947072
1082938;11001130;4916447189;SAL YODADA  BTOX25UNX0.5KG;17,100;39.077;261;18/5/2026;18/5/2026;1003;1;B010;8;2604220955;H;COP;1947072
1082938;11001133;4916447189;VINAGRE BLANCO CJX4GLNX3.78KG;99,900;234.051;261;18/5/2026;18/5/2026;1003;1;B010;9;2605141177;H;COP;1947072
1082938;11001136;4916447189;ACEITE CANOLA Y SOYA;66,700;475.055;261;18/5/2026;18/5/2026;1003;1;B010;3;2604301083;H;COP;1947072
1082938;11001136;4916447189;ACEITE CANOLA Y SOYA;41,300;294.149;261;18/5/2026;18/5/2026;1003;1;B010;4;2605070915;H;COP;1947072
1082938;18001585;4916447189;BOLSA FUNDA BTOX10BOLX100UN;60;12.903;261;18/5/2026;18/5/2026;1001;1;B010;12;2604151095;H;COP;1947072
1082938;18001586;4916447189;BOLSA FUELLE  BTOX50BOLX100UN;30;1.647;261;18/5/2026;18/5/2026;1001;1;B010;11;2604291357;H;COP;1947072
1082938;18001591;4916447189;BOLSA ENSALADA IMPRESA BTOX10BOLX100UN;30;9.126;261;18/5/2026;18/5/2026;1003;1;B010;10;2604221468;H;COP;1947072
1082938;18001602;4916439927;ETIQUETA TERMICA CJX4ROLX2605UN;30;1.440;261;18/5/2026;18/5/2026;1001;1;B010;1;2604241568;H;COP;1947072
1082938;18001602;4916439942;ETIQUETA TERMICA CJX4ROLX2605UN;30;1.440;261;18/5/2026;18/5/2026;1001;1;B010;1;2604241568;H;COP;1947072
1082938;18001612;4916447189;CINTA DE RESINA 110*450M ROLX45000CM;300;0;261;18/5/2026;18/5/2026;1001;1;B010;13;2603311297;H;COP;1947072
1082938;11001115;4916447189;MAYONESA HALLMANNS CJx4UNX3,77KG;34,470;396.838;261;18/5/2026;18/5/2026;1003;2;B010;2;2605130463;H;COP;0
1082938;11001115;4916447189;MAYONESA HALLMANNS CJx4UNX3,77KG;267,890;3.084.102;261;18/5/2026;18/5/2026;1003;2;B010;14;2604290858;H;COP;0
1082938;18001593;4916456835;BOLSA PASTA DE POLLO BTOX9BOLX50UN;30;22.050;261;19/5/2026;19/5/2026;1001;2;B010;1;2604081042;H;COP;0
1082938;12000496;4916447189;MIX ADEREZO ENSALADA;-948;-10.297.176;101;18/5/2026;18/5/2026;1003;4;B010;1;2605180823;S;COP;0
1082939;12002545;4916452732;ADEREZO PARA ENSALADA DE COL;331,800;4.431.189;261;19/5/2026;19/5/2026;1002;1;B010;1;2605181543;H;COP;1947099
1082939;12002545;4916457693;ADEREZO PARA ENSALADA DE COL;15,800;211.010;261;19/5/2026;19/5/2026;1002;1;B010;1;2605181543;H;COP;1947099
1082939;12002545;4916457752;ADEREZO PARA ENSALADA DE COL;-15,800;-211.009;262;19/5/2026;19/5/2026;1002;1;B010;1;2605181543;S;COP;1947099
1082939;12002549;4916452699;VERDURAS PARA ENSALADA DE COL;1.020;4.603.260;261;19/5/2026;19/5/2026;1002;1;B010;1;2605181541;H;COP;1947099
1082939;18001591;4916457693;BOLSA ENSALADA IMPRESA BTOX10BOLX100UN;710;215.986;261;19/5/2026;19/5/2026;1002;1;B010;2;2604221468;H;COP;1947099
1082939;18001602;4916440094;ETIQUETA TERMICA CJX4ROLX2605UN;200;9.600;261;18/5/2026;18/5/2026;1002;1;B010;1;2604241568;H;COP;1947099
1082939;18001602;4916440103;ETIQUETA TERMICA CJX4ROLX2605UN;200;9.600;261;18/5/2026;18/5/2026;1002;1;B010;1;2604241568;H;COP;1947099
1082939;18001602;4916440107;ETIQUETA TERMICA CJX4ROLX2605UN;200;9.600;261;18/5/2026;18/5/2026;1002;1;B010;1;2604241568;H;COP;1947099
1082939;18001602;4916440111;ETIQUETA TERMICA CJX4ROLX2605UN;41;1.968;261;18/5/2026;18/5/2026;1002;1;B010;1;2604241568;H;COP;1947099
1082939;18001602;4916452840;ETIQUETA TERMICA CJX4ROLX2605UN;74;3.552;261;19/5/2026;19/5/2026;1002;1;B010;1;2604241568;H;COP;1947099
1082939;18001612;4916458018;CINTA DE RESINA 110*450M ROLX45000CM;1.488;0;261;19/5/2026;19/5/2026;1002;1;B010;1;2603271068;H;COP;1947099
1082939;18001590;4916458027;BOLSA FUNDA PERFORADA BTOX10BOLX100UN;80;17.825;261;19/5/2026;19/5/2026;1001;2;B010;1;2604291332;H;COP;0
1082939;18001612;4916458018;CINTA DE RESINA 110*450M ROLX45000CM;500;0;261;19/5/2026;19/5/2026;1002;2;B010;2;2603311297;H;COP;0
1082939;14002432;4916452916;ENSALADA COL BOL(2KG);-688;-10.121.856;101;19/5/2026;19/5/2026;1002;4;B010;1;2605180853;S;COP;0
1082940;11000561;4916457884;TOMATE;36,500;177.025;261;19/5/2026;19/5/2026;1002;1;B010;1;2605150453;H;COP;1947107
1082940;11000561;4916457884;TOMATE;422;2.046.700;261;19/5/2026;19/5/2026;1002;1;B010;2;2605160477;H;COP;1947107
1082940;18001585;4916457884;BOLSA FUNDA BTOX10BOLX100UN;20;4.301;261;19/5/2026;19/5/2026;1001;1;B010;4;2604151095;H;COP;1947107
1082940;18001591;4916457884;BOLSA ENSALADA IMPRESA BTOX10BOLX100UN;92;27.987;261;19/5/2026;19/5/2026;1002;1;B010;3;2604221468;H;COP;1947107
1082940;18001596;4916440236;ETIQUETA COLORES CJX6ROLX3800UN;90;8.999;261;18/5/2026;18/5/2026;1002;1;B010;1;2404011303;H;COP;1947107
1082940;18001596;4916452693;ETIQUETA COLORES CJX6ROLX3800UN;1;100;261;19/5/2026;19/5/2026;1002;1;B010;1;2404011303;H;COP;1947107
1082940;18001612;4916457884;CINTA DE RESINA 110*450M ROLX45000CM;600,921;0;261;19/5/2026;19/5/2026;1002;1;B010;5;2603271068;H;COP;1947107
1082940;14002424;4916452994;TOMATE PROCESADO BOL(5KG);-90;-2.452.230;101;19/5/2026;19/5/2026;1002;4;B010;1;2605180862;S;COP;0
1082941;11000312;4916458261;LECHUGA (REPOLLO);549,100;1.395.841;261;19/5/2026;19/5/2026;1002;1;B010;1;2605150747;H;COP;1947119
1082941;18001585;4916458261;BOLSA FUNDA BTOX10BOLX100UN;16;3.441;261;19/5/2026;19/5/2026;1001;1;B010;3;2604151095;H;COP;1947119
1082941;18001589;4916458261;BOLSA PARA GRANOS BTOX2500UN;356;48.886;261;19/5/2026;19/5/2026;1002;1;B010;2;2512110142;H;COP;1947119
1082941;18001596;4916440261;ETIQUETA COLORES CJX6ROLX3800UN;200;19.998;261;18/5/2026;18/5/2026;1002;1;B010;1;2404011303;H;COP;1947119
1082941;18001596;4916440279;ETIQUETA COLORES CJX6ROLX3800UN;101;10.099;261;18/5/2026;18/5/2026;1002;1;B010;1;2404011303;H;COP;1947119
1082941;18001596;4916452608;ETIQUETA COLORES CJX6ROLX3800UN;58;5.799;261;19/5/2026;19/5/2026;1002;1;B010;1;2404011303;H;COP;1947119
1082941;18001612;4916458261;CINTA DE RESINA 110*450M ROLX45000CM;900;0;261;19/5/2026;19/5/2026;1002;1;B010;4;2603311297;H;COP;1947119
1082941;11000312;4916458261;LECHUGA (REPOLLO);140;355.887;261;19/5/2026;19/5/2026;1002;2;B010;5;2605160475;H;COP;0
1082941;14002428;4916452989;LECHUGA BATAVIA PROCESADA BOL(1KG);-337;-2.658.256;101;19/5/2026;19/5/2026;1002;4;B010;1;2605180884;S;COP;0
1082942;11000341;4916453533;MARINADOR CRISPY 15.66KG CJX60UN;55;196.710;261;19/5/2026;19/5/2026;1001;1;B010;1;2604291170;H;COP;1947139
1082942;12002548;4916444826;CARNE POLLO CORTADA PARA POP CORN;348,800;5.376.753;261;18/5/2026;18/5/2026;1001;1;B010;1;2605180261;H;COP;1947139
1082942;12002548;4916444858;CARNE POLLO CORTADA PARA POP CORN;177,700;2.739.246;261;18/5/2026;18/5/2026;1001;1;B010;1;2605180261;H;COP;1947139
1082942;12002548;4916447728;CARNE POLLO CORTADA PARA POP CORN;246,100;3.793.632;261;18/5/2026;18/5/2026;1001;1;B010;1;2605180261;H;COP;1947139
1082942;12002548;4916447744;CARNE POLLO CORTADA PARA POP CORN;263,800;4.066.478;261;18/5/2026;18/5/2026;1001;1;B010;1;2605180261;H;COP;1947139
1082942;18001585;4916453533;BOLSA FUNDA BTOX10BOLX100UN;100;21.506;261;19/5/2026;19/5/2026;1001;1;B010;3;2604151095;H;COP;1947139
1082942;18001586;4916453533;BOLSA FUELLE  BTOX50BOLX100UN;1.900;104.315;261;19/5/2026;19/5/2026;1001;1;B010;2;2604291357;H;COP;1947139
1082942;18001602;4916440433;ETIQUETA TERMICA CJX4ROLX2605UN;300;14.400;261;18/5/2026;18/5/2026;1001;1;B010;1;2604241568;H;COP;1947139
1082942;18001602;4916440455;ETIQUETA TERMICA CJX4ROLX2605UN;300;14.400;261;18/5/2026;18/5/2026;1001;1;B010;1;2604241568;H;COP;1947139
1082942;18001602;4916441078;ETIQUETA TERMICA CJX4ROLX2605UN;200;9.600;261;18/5/2026;18/5/2026;1001;1;B010;1;2604241568;H;COP;1947139
1082942;18001602;4916441083;ETIQUETA TERMICA CJX4ROLX2605UN;200;9.600;261;18/5/2026;18/5/2026;1001;1;B010;1;2604241568;H;COP;1947139
1082942;18001602;4916441084;ETIQUETA TERMICA CJX4ROLX2605UN;200;9.600;261;18/5/2026;18/5/2026;1001;1;B010;1;2604241568;H;COP;1947139
1082942;18001602;4916443856;ETIQUETA TERMICA CJX4ROLX2605UN;300;14.400;261;18/5/2026;18/5/2026;1001;1;B010;1;2604290726;H;COP;1947139
1082942;18001602;4916443881;ETIQUETA TERMICA CJX4ROLX2605UN;300;14.400;261;18/5/2026;18/5/2026;1001;1;B010;1;2604290726;H;COP;1947139
1082942;18001602;4916445217;ETIQUETA TERMICA CJX4ROLX2605UN;300;14.400;261;18/5/2026;18/5/2026;1001;1;B010;1;2604290726;H;COP;1947139
1082942;18001602;4916445238;ETIQUETA TERMICA CJX4ROLX2605UN;200;9.600;261;18/5/2026;18/5/2026;1001;1;B010;1;2604290726;H;COP;1947139
1082942;18001602;4916474351;ETIQUETA TERMICA CJX4ROLX2605UN;200;9.600;261;20/5/2026;20/5/2026;1001;1;B010;1;2604290726;H;COP;1947139
1082942;18001602;4916474365;ETIQUETA TERMICA CJX4ROLX2605UN;20;960;261;20/5/2026;20/5/2026;1001;1;B010;1;2604290726;H;COP;1947139
1082942;18001612;4916453533;CINTA DE RESINA 110*450M ROLX45000CM;13.000;0;261;19/5/2026;19/5/2026;1001;1;B010;4;2603311297;H;COP;1947139
1082942;14002613;4916448068;POP CORN BOL(0,88KG);-1.856;-22.617.216;101;18/5/2026;18/5/2026;1001;4;B010;1;2605180912;S;COP;0
1082943;11001132;4916459616;SALSA DE AREQUIPE BOLX5KG;22,620;242.197;261;19/5/2026;19/5/2026;1008;1;B010;1;2605071286;H;COP;1947143
1082943;18001597;4916459616;ETIQUETA POSTRES CJX6ROLX10786UN;16.800;1.363.063;261;19/5/2026;19/5/2026;1008;1;B010;2;2401300920;H;COP;1947143
1082943;18001602;4916440474;ETIQUETA TERMICA CJX4ROLX2605UN;103;4.944;261;18/5/2026;18/5/2026;1008;1;B010;1;2604290726;H;COP;1947143
1082943;18001602;4916454769;ETIQUETA TERMICA CJX4ROLX2605UN;70;3.360;261;19/5/2026;19/5/2026;1008;1;B010;1;2604290726;H;COP;1947143
1082943;18001602;4916458878;ETIQUETA TERMICA CJX4ROLX2605UN;70;3.360;261;19/5/2026;19/5/2026;1008;1;B010;1;2604290726;H;COP;1947143
1082943;18001602;4916459646;ETIQUETA TERMICA CJX4ROLX2605UN;62;2.976;261;19/5/2026;19/5/2026;1008;1;B010;1;2604290726;H;COP;1947143
1082943;18001612;4916459647;CINTA DE RESINA 110*450M ROLX45000CM;22.700;0;261;19/5/2026;19/5/2026;1008;1;B010;1;2603311297;H;COP;1947143
1082943;18001664;4916459158;CAJA HELADOS C790 50X34 BTOX25UN;160;766.913;261;19/5/2026;19/5/2026;1008;1;B010;2;2605060291;H;COP;1947143
1082943;18001665;4916459158;SEPARADOR HELADO BOLX50UN;86;46.612;261;19/5/2026;19/5/2026;1008;1;B010;3;2604210797;H;COP;1947143
1082943;18001665;4916459642;SEPARADOR HELADO BOLX50UN;8;4.336;261;19/5/2026;19/5/2026;1008;1;B010;1;2604300729;H;COP;1947143
1082943;18001776;4916459158;TAPA PAPEL 7.25OZ CJX35BOLX50UN;16.825;1.454.967;261;19/5/2026;19/5/2026;1008;1;B010;1;2604201130;H;COP;1947143
1082943;11001128;4916459158;BASE HELADO VAINILLA CJX13.2KG;40;195.922;261;19/5/2026;19/5/2026;1008;2;B010;5;2604240732;H;COP;0
1082943;11001128;4916459158;BASE HELADO VAINILLA CJX13.2KG;1.069,200;5.236.993;261;19/5/2026;19/5/2026;1008;2;B010;6;2605081377;H;COP;0
1082943;11001128;4916459158;BASE HELADO VAINILLA CJX13.2KG;722;3.536.391;261;19/5/2026;19/5/2026;1008;2;B010;7;2605080638;H;COP;0
1082943;11001128;4916459617;BASE HELADO VAINILLA CJX13.2KG;-52,430;-256.805;262;19/5/2026;19/5/2026;1008;2;B010;1;2605080638;S;COP;0
1082943;11001132;4916459616;SALSA DE AREQUIPE BOLX5KG;255;2.730.336;261;19/5/2026;19/5/2026;1008;2;B010;3;2605090515;H;COP;0
1082943;11001132;4916459616;SALSA DE AREQUIPE BOLX5KG;58,380;625.086;261;19/5/2026;19/5/2026;1008;2;B010;4;2605141157;H;COP;0
1082943;18001602;4916459197;ETIQUETA TERMICA CJX4ROLX2605UN;-85;-4.080;262;19/5/2026;19/5/2026;1008;2;B010;1;2604290726;S;COP;0
1082943;18001665;4916459158;SEPARADOR HELADO BOLX50UN;432;234.144;261;19/5/2026;19/5/2026;1008;2;B010;4;2604300729;H;COP;0
1082943;18001665;4916459622;SEPARADOR HELADO BOLX50UN;-45;-24.390;262;19/5/2026;19/5/2026;1008;2;B010;1;2604300729;S;COP;0
1082943;18001889;4916459158;VASO SUNDAE GENERICO 7,25OZ CJX35X50;16.800;1.455.833;261;19/5/2026;19/5/2026;1008;2;B010;8;2603021322;H;COP;0
1082943;18001932;4916459620;SEPARADOR HELADO TROQUELADO BOL(50UN);155;123.225;261;19/5/2026;19/5/2026;1008;2;B010;1;2604300309;H;COP;0
1082943;14002995;4916458859;SUNDAE DE AREQUIPE CJ(105UN);-160;-22.343.840;101;19/5/2026;19/5/2026;1008;4;B010;1;2605180919;S;COP;0
1082944;11001129;4916446976;GALLETA OREO CJX648UN;6.480;1.049.586;261;18/5/2026;18/5/2026;1008;1;B010;2;2604161333;H;COP;1947145
1082944;18001591;4916446976;BOLSA ENSALADA IMPRESA BTOX10BOLX100UN;14;4.259;261;18/5/2026;18/5/2026;1008;1;B010;3;2604221468;H;COP;1947145
1082944;18001602;4916440495;ETIQUETA TERMICA CJX4ROLX2605UN;18;864;261;18/5/2026;18/5/2026;1008;1;B010;1;2604290726;H;COP;1947145
1082944;18001612;4916446976;CINTA DE RESINA 110*450M ROLX45000CM;75;0;261;18/5/2026;18/5/2026;1008;1;B010;4;2604170949;H;COP;1947145
1082944;12002544;4916446976;GALLETA TRITURADA;-64,200;-1.334.269;101;18/5/2026;18/5/2026;1008;4;B010;1;2605180920;S;COP;0
1082945;11001135;4916457962;MARINADO PICANTE CJX25UN;37;1.055.650;261;19/5/2026;19/5/2026;1001;1;B010;4;2604221405;H;COP;1947157
1082945;12002532;4916447782;ALAS CORTADAS POLLO;128,900;1.369.434;261;18/5/2026;18/5/2026;1001;1;B010;1;2605150121;H;COP;1947157
1082945;12002532;4916447833;ALAS CORTADAS POLLO;79,600;845.670;261;18/5/2026;18/5/2026;1001;1;B010;1;2605180200;H;COP;1947157
1082945;12002532;4916457962;ALAS CORTADAS POLLO;138,400;1.470.362;261;19/5/2026;19/5/2026;1001;1;B010;1;2605090171;H;COP;1947157
1082945;12002532;4916457962;ALAS CORTADAS POLLO;9,400;99.866;261;19/5/2026;19/5/2026;1001;1;B010;2;2605130119;H;COP;1947157
1082945;12002532;4916457962;ALAS CORTADAS POLLO;46,500;494.016;261;19/5/2026;19/5/2026;1001;1;B010;3;2605180200;H;COP;1947157
1082945;18001585;4916457962;BOLSA FUNDA BTOX10BOLX100UN;25;5.376;261;19/5/2026;19/5/2026;1001;1;B010;6;2604151095;H;COP;1947157
1082945;18001586;4916457962;BOLSA FUELLE  BTOX50BOLX100UN;590;32.393;261;19/5/2026;19/5/2026;1001;1;B010;5;2604291357;H;COP;1947157
1082945;18001602;4916440584;ETIQUETA TERMICA CJX4ROLX2605UN;200;9.600;261;18/5/2026;18/5/2026;1001;1;B010;1;2604241568;H;COP;1947157
1082945;18001602;4916440589;ETIQUETA TERMICA CJX4ROLX2605UN;200;9.600;261;18/5/2026;18/5/2026;1001;1;B010;1;2604241568;H;COP;1947157
1082945;18001602;4916443580;ETIQUETA TERMICA CJX4ROLX2605UN;200;9.600;261;18/5/2026;18/5/2026;1001;1;B010;1;2604290726;H;COP;1947157
1082945;18001602;4916443642;ETIQUETA TERMICA CJX4ROLX2605UN;300;14.400;261;18/5/2026;18/5/2026;1001;1;B010;1;2604290726;H;COP;1947157
1082945;18001602;4916443661;ETIQUETA TERMICA CJX4ROLX2605UN;300;14.400;261;18/5/2026;18/5/2026;1001;1;B010;1;2604290726;H;COP;1947157
1082945;18001602;4916445338;ETIQUETA TERMICA CJX4ROLX2605UN;200;9.600;261;18/5/2026;18/5/2026;1001;1;B010;1;2604290726;H;COP;1947157
1082945;18001612;4916457962;CINTA DE RESINA 110*450M ROLX45000CM;4.500;0;261;19/5/2026;19/5/2026;1001;1;B010;7;2603311297;H;COP;1947157
1082945;12002532;4916457962;ALAS CORTADAS POLLO;10,800;114.739;261;19/5/2026;19/5/2026;1001;2;B010;8;2605140096;H;COP;0
1082945;12002532;4916457962;ALAS CORTADAS POLLO;295,300;3.137.267;261;19/5/2026;19/5/2026;1001;2;B010;9;2605150121;H;COP;0
1082945;14002429;4916448097;ALAS HOT WINGS BOL(40UN);-590;-9.288.370;101;18/5/2026;18/5/2026;1001;4;B010;1;2605180940;S;COP;0
1082949;12001209;4916446197;SALMUERA CRISPY;459,520;832.650;261;18/5/2026;18/5/2026;1001;1;B010;1;2605180212;H;COP;1947452
1082949;18001588;4916446045;BOLSA POLLO CRISPY  BTOX2500UN;800;83.739;261;18/5/2026;18/5/2026;1001;1;B010;1;2604291273;H;COP;1947452
1082949;18001612;4916446045;CINTA DE RESINA 110*450M ROLX45000CM;5.600;0;261;18/5/2026;18/5/2026;1001;1;B010;2;2603311297;H;COP;1947452
1082949;18001612;4916450901;CINTA DE RESINA 110*450M ROLX45000CM;1.200;0;261;18/5/2026;18/5/2026;1001;1;B010;1;2603311297;H;COP;1947452
1082949;11001689;4916447050;PRESAS CORTADAS DE POLLO MP;1.973,200;16.353.440;261;18/5/2026;18/5/2026;1001;2;B010;1;2605180704;H;COP;0
1082949;11001689;4916447220;PRESAS CORTADAS DE POLLO MP;-350;-2.900.722;262;18/5/2026;18/5/2026;1001;2;B010;1;2605180704;S;COP;0
1082949;18001590;4916446045;BOLSA FUNDA PERFORADA BTOX10BOLX100UN;200;44.561;261;18/5/2026;18/5/2026;1001;2;B010;3;2604291332;H;COP;0
1082949;14002444;5001985368;PRESAS CRISPY CJX10BOL(18UN);-680;-18.355.240;101;18/5/2026;18/5/2026;1001;4;B010;1;2605181220;S;COP;0
1082950;12002547;4916445194;CARNE FILETE DE POLLO;198;2.916.144;261;18/5/2026;18/5/2026;1001;1;B010;1;2605170014;H;COP;1947530
1082950;12002547;4916445198;CARNE FILETE DE POLLO;189,200;2.786.538;261;18/5/2026;18/5/2026;1001;1;B010;1;2605170014;H;COP;1947530
1082950;12002547;4916445210;CARNE FILETE DE POLLO;199,400;2.936.763;261;18/5/2026;18/5/2026;1001;1;B010;1;2605170014;H;COP;1947530
1082950;12002547;4916445215;CARNE FILETE DE POLLO;198,300;2.920.562;261;18/5/2026;18/5/2026;1001;1;B010;1;2605170014;H;COP;1947530
1082950;12002547;4916445219;CARNE FILETE DE POLLO;194,100;2.858.705;261;18/5/2026;18/5/2026;1001;1;B010;1;2605170014;H;COP;1947530
1082950;12002547;4916445233;CARNE FILETE DE POLLO;173,500;2.555.308;261;18/5/2026;18/5/2026;1001;1;B010;1;2605170014;H;COP;1947530
1082950;12002547;4916445237;CARNE FILETE DE POLLO;201,700;2.970.638;261;18/5/2026;18/5/2026;1001;1;B010;1;2605170014;H;COP;1947530
1082950;12002547;4916459535;CARNE FILETE DE POLLO;50,500;743.764;261;19/5/2026;19/5/2026;1001;1;B010;1;2605170014;H;COP;1947530
1082950;12002547;4916459535;CARNE FILETE DE POLLO;151,200;2.226.874;261;19/5/2026;19/5/2026;1001;1;B010;2;2605190169;H;COP;1947530
1082950;18001585;4916459535;BOLSA FUNDA BTOX10BOLX100UN;78;16.774;261;19/5/2026;19/5/2026;1001;1;B010;3;2604151095;H;COP;1947530
1082950;18001596;4916445376;ETIQUETA COLORES CJX6ROLX3800UN;11;1.100;261;18/5/2026;18/5/2026;1001;1;B010;1;2404011303;H;COP;1947530
1082950;18001596;4916445422;ETIQUETA COLORES CJX6ROLX3800UN;77;7.699;261;18/5/2026;18/5/2026;1001;1;B010;1;2404011303;H;COP;1947530
1082950;18001596;4916446846;ETIQUETA COLORES CJX6ROLX3800UN;1;100;261;18/5/2026;18/5/2026;1001;1;B010;1;2404011303;H;COP;1947530
1082950;18001612;4916459535;CINTA DE RESINA 110*450M ROLX45000CM;1.245,800;0;261;19/5/2026;19/5/2026;1001;1;B010;4;2603311297;H;COP;1947530
1082950;12002528;5001985233;PECHUGA CONGELADA;-140;-2.179.380;101;18/5/2026;18/5/2026;1001;4;B010;1;2605181281;S;COP;0
1082950;12002528;5001985234;PECHUGA CONGELADA;-140;-2.179.380;101;18/5/2026;18/5/2026;1001;4;B010;1;2605181281;S;COP;0
1082950;12002528;5001985235;PECHUGA CONGELADA;-140;-2.179.380;101;18/5/2026;18/5/2026;1001;4;B010;1;2605181281;S;COP;0
1082950;12002528;5001985237;PECHUGA CONGELADA;-140;-2.179.380;101;18/5/2026;18/5/2026;1001;4;B010;1;2605181281;S;COP;0
1082950;12002528;5001985239;PECHUGA CONGELADA;-140;-2.179.380;101;18/5/2026;18/5/2026;1001;4;B010;1;2605181281;S;COP;0
1082950;12002528;5001985240;PECHUGA CONGELADA;-140;-2.179.380;101;18/5/2026;18/5/2026;1001;4;B010;1;2605181281;S;COP;0
1082950;12002528;5001985241;PECHUGA CONGELADA;-140;-2.179.380;101;18/5/2026;18/5/2026;1001;4;B010;1;2605181281;S;COP;0
1082950;12002528;5001985242;PECHUGA CONGELADA;-140;-2.179.380;101;18/5/2026;18/5/2026;1001;4;B010;1;2605181281;S;COP;0
1082950;12002528;5001985243;PECHUGA CONGELADA;-140;-2.179.380;101;18/5/2026;18/5/2026;1001;4;B010;1;2605181281;S;COP;0
1082950;12002528;5001985244;PECHUGA CONGELADA;-140;-2.179.380;101;18/5/2026;18/5/2026;1001;4;B010;1;2605181281;S;COP;0
1082950;12002528;5001985245;PECHUGA CONGELADA;-140;-2.179.380;101;18/5/2026;18/5/2026;1001;4;B010;1;2605181281;S;COP;0
1082950;12002528;5001985499;PECHUGA CONGELADA;-10,700;-166.567;101;18/5/2026;18/5/2026;1001;4;B010;1;2605181281;S;COP;0
1082952;11000096;4916457468;CEBOLLA;13,388;32.800;261;19/5/2026;19/5/2026;1002;1;B010;3;2605140722;H;COP;1947836
1082952;11000096;4916457468;CEBOLLA;0,500;1.225;261;19/5/2026;19/5/2026;1002;1;B010;4;2605150473;H;COP;1947836
1082952;11000143;4916457468;COL REPOLLO;168;323.250;261;19/5/2026;19/5/2026;1002;1;B010;1;2605150750;H;COP;1947836
1082952;11000143;4916457468;COL REPOLLO;879,500;1.692.250;261;19/5/2026;19/5/2026;1002;1;B010;9;2605160476;H;COP;1947836
1082952;11000285;4916457468;HOJAS VERDES DE COL;0,800;1.840;261;19/5/2026;19/5/2026;1002;1;B010;5;2605150489;H;COP;1947836
1082952;11000624;4916457468;ZANAHORIA;21;50.400;261;19/5/2026;19/5/2026;1002;1;B010;2;2605150460;H;COP;1947836
1082952;11000624;4916457468;ZANAHORIA;7;16.800;261;19/5/2026;19/5/2026;1002;1;B010;10;2605160469;H;COP;1947836
1082952;18001591;4916457468;BOLSA ENSALADA IMPRESA BTOX10BOLX100UN;41;12.472;261;19/5/2026;19/5/2026;1002;1;B010;6;2604221468;H;COP;1947836
1082952;18001596;4916452339;ETIQUETA COLORES CJX6ROLX3800UN;1;100;261;19/5/2026;19/5/2026;1002;1;B010;1;2404011303;H;COP;1947836
1082952;18001596;4916452363;ETIQUETA COLORES CJX6ROLX3800UN;1;100;261;19/5/2026;19/5/2026;1002;1;B010;1;2404011303;H;COP;1947836
1082952;18001596;4916457468;ETIQUETA COLORES CJX6ROLX3800UN;41;4.100;261;19/5/2026;19/5/2026;1002;1;B010;8;2404011303;H;COP;1947836
1082952;18001612;4916457468;CINTA DE RESINA 110*450M ROLX45000CM;200,079;0;261;19/5/2026;19/5/2026;1002;1;B010;7;2603271068;H;COP;1947836
1082952;11000285;4916457468;HOJAS VERDES DE COL;25;57.500;261;19/5/2026;19/5/2026;1002;2;B010;11;2605160473;H;COP;0
1082952;12002518;5001985839;MIX VERDURAS ENSALADA;-964,200;-3.592.609;101;19/5/2026;19/5/2026;1002;4;B010;1;2605181536;S;COP;0
1082953;12002518;4916452559;MIX VERDURAS ENSALADA;964,200;3.592.609;261;19/5/2026;19/5/2026;1002;1;B010;1;2605181536;H;COP;1947841
1082953;18001585;4916457528;BOLSA FUNDA BTOX10BOLX100UN;40;8.602;261;19/5/2026;19/5/2026;1001;1;B010;1;2604151095;H;COP;1947841
1082953;18001596;4916452341;ETIQUETA COLORES CJX6ROLX3800UN;1;100;261;19/5/2026;19/5/2026;1002;1;B010;1;2404011303;H;COP;1947841
1082953;18001596;4916452353;ETIQUETA COLORES CJX6ROLX3800UN;1;100;261;19/5/2026;19/5/2026;1002;1;B010;1;2404011303;H;COP;1947841
1082953;18001596;4916457528;ETIQUETA COLORES CJX6ROLX3800UN;11;1.100;261;19/5/2026;19/5/2026;1002;1;B010;3;2404011303;H;COP;1947841
1082953;18001612;4916457528;CINTA DE RESINA 110*450M ROLX45000CM;80;0;261;19/5/2026;19/5/2026;1002;1;B010;2;2603271068;H;COP;1947841
1082953;12002549;5001985834;VERDURAS PARA ENSALADA DE COL;-900;-4.061.700;101;19/5/2026;19/5/2026;1002;4;B010;1;2605181541;S;COP;0
1082953;12002549;5001985837;VERDURAS PARA ENSALADA DE COL;-120;-541.560;101;19/5/2026;19/5/2026;1002;4;B010;1;2605181541;S;COP;0
1082954;12000496;4916457648;MIX ADEREZO ENSALADA;347,600;3.775.631;261;19/5/2026;19/5/2026;1003;1;B010;1;2605180823;H;COP;1947843
1082954;18001596;4916452356;ETIQUETA COLORES CJX6ROLX3800UN;1;100;261;19/5/2026;19/5/2026;1002;1;B010;1;2404011303;H;COP;1947843
1082954;18001596;4916452715;ETIQUETA COLORES CJX6ROLX3800UN;40;4.000;261;19/5/2026;19/5/2026;1002;1;B010;3;2404011303;H;COP;1947843
1082954;18001612;4916452715;CINTA DE RESINA 110*450M ROLX45000CM;160;0;261;19/5/2026;19/5/2026;1002;1;B010;2;2603271068;H;COP;1947843
1082954;18001612;4916457648;CINTA DE RESINA 110*450M ROLX45000CM;200;0;261;19/5/2026;19/5/2026;1002;1;B010;2;2603271068;H;COP;1947843
1082954;12002545;4916452715;ADEREZO PARA ENSALADA DE COL;-347,700;-4.643.534;101;19/5/2026;19/5/2026;1002;4;B010;1;2605181543;S;COP;0
1082954;12002545;4916457589;ADEREZO PARA ENSALADA DE COL;0,200;2.671;102;19/5/2026;19/5/2026;1002;4;B010;1;2605181543;H;COP;0
1082954;12002545;4916457632;ADEREZO PARA ENSALADA DE COL;-0,100;-1.336;101;19/5/2026;19/5/2026;1002;4;B010;1;2605181543;S;COP;0
1082955;11000784;4916453807;ALAS DE POLLO MP;333,600;2.811.261;261;19/5/2026;19/5/2026;1001;1;B010;1;2605160356;H;COP;1947998
1082955;11000784;4916454571;ALAS DE POLLO MP;71;598.320;261;19/5/2026;19/5/2026;1001;1;B010;1;2605180785;H;COP;1947998
1082955;11000784;4916454577;ALAS DE POLLO MP;253;2.132.041;261;19/5/2026;19/5/2026;1001;1;B010;1;2605160356;H;COP;1947998
1082955;11000784;4916455063;ALAS DE POLLO MP;523;4.407.342;261;19/5/2026;19/5/2026;1001;1;B010;1;2605141202;H;COP;1947998
1082955;11000784;4916455084;ALAS DE POLLO MP;144,200;1.215.179;261;19/5/2026;19/5/2026;1001;1;B010;1;2605160405;H;COP;1947998
1082955;11000784;4916456571;ALAS DE POLLO MP;263,800;2.223.053;261;19/5/2026;19/5/2026;1001;1;B010;1;2605160429;H;COP;1947998
1082955;11000784;4916456801;ALAS DE POLLO MP;135,200;1.139.336;261;19/5/2026;19/5/2026;1001;1;B010;1;2605180785;H;COP;1947998
1082955;11000784;4916456827;ALAS DE POLLO MP;186,200;1.569.115;261;19/5/2026;19/5/2026;1001;1;B010;1;2605151425;H;COP;1947998
1082955;11000784;4916458645;ALAS DE POLLO MP;145,800;1.214.739;261;19/5/2026;19/5/2026;1001;1;B010;1;2605151425;H;COP;1947998
1082955;11000784;4916459053;ALAS DE POLLO MP;178,200;1.484.681;261;19/5/2026;19/5/2026;1001;1;B010;1;2605190701;H;COP;1947998
1082955;11001117;4916457326;POLLO FRESCO CJX20UN;5.000;62.826.508;261;19/5/2026;19/5/2026;1001;1;B010;1;2605160442;H;COP;1947998
1082955;11001117;4916458711;POLLO FRESCO CJX20UN;4.000;50.137.701;261;19/5/2026;19/5/2026;1001;1;B010;1;2605160434;H;COP;1947998
1082955;12001211;4916459495;SALMUERA IMOR;1.386,840;1.221.806;261;19/5/2026;19/5/2026;1001;1;B010;1;2605190168;H;COP;1947998
1082955;13000368;4916459530;GRASA DE POLLO;-60;-18.000;531;19/5/2026;19/5/2026;1001;1;B010;1;2605190155;S;COP;1947998
1082955;13000371;4916459517;PUNTILLAS;-400;-80.000;531;19/5/2026;19/5/2026;1001;1;B010;1;2605190155;S;COP;1947998
1082955;18001587;4916459495;BOLSA POLLO ORIGINAL  BTOX2500UN;2.500;262.802;261;19/5/2026;19/5/2026;1001;1;B010;2;2604221256;H;COP;1947998
1082955;18001596;4916454062;ETIQUETA COLORES CJX6ROLX3800UN;1;100;261;19/5/2026;19/5/2026;1001;1;B010;1;2404011303;H;COP;1947998
1082955;18001596;4916456167;ETIQUETA COLORES CJX6ROLX3800UN;1;100;261;19/5/2026;19/5/2026;1001;1;B010;1;2404011303;H;COP;1947998
1082955;18001596;4916456168;ETIQUETA COLORES CJX6ROLX3800UN;1;100;261;19/5/2026;19/5/2026;1001;1;B010;1;2404011303;H;COP;1947998
1082955;18001596;4916456388;ETIQUETA COLORES CJX6ROLX3800UN;1;100;261;19/5/2026;19/5/2026;1001;1;B010;1;2404011303;H;COP;1947998
1082955;18001596;4916456516;ETIQUETA COLORES CJX6ROLX3800UN;1;100;261;19/5/2026;19/5/2026;1001;1;B010;1;2404011303;H;COP;1947998
1082955;18001596;4916456534;ETIQUETA COLORES CJX6ROLX3800UN;1;100;261;19/5/2026;19/5/2026;1001;1;B010;1;2404011303;H;COP;1947998
1082955;18001596;4916456836;ETIQUETA COLORES CJX6ROLX3800UN;1;100;261;19/5/2026;19/5/2026;1001;1;B010;1;2404011303;H;COP;1947998
1082955;18001596;4916456841;ETIQUETA COLORES CJX6ROLX3800UN;1;100;261;19/5/2026;19/5/2026;1001;1;B010;1;2404011303;H;COP;1947998
1082955;18001596;4916457025;ETIQUETA COLORES CJX6ROLX3800UN;1;100;261;19/5/2026;19/5/2026;1001;1;B010;1;2404011303;H;COP;1947998
1082955;18001596;4916457074;ETIQUETA COLORES CJX6ROLX3800UN;1;100;261;19/5/2026;19/5/2026;1001;1;B010;1;2404011303;H;COP;1947998
1082955;18001596;4916457076;ETIQUETA COLORES CJX6ROLX3800UN;1;100;261;19/5/2026;19/5/2026;1001;1;B010;1;2404011303;H;COP;1947998
1082955;18001596;4916457088;ETIQUETA COLORES CJX6ROLX3800UN;1;100;261;19/5/2026;19/5/2026;1001;1;B010;1;2404011303;H;COP;1947998
1082955;18001596;4916457095;ETIQUETA COLORES CJX6ROLX3800UN;1;100;261;19/5/2026;19/5/2026;1001;1;B010;1;2404011303;H;COP;1947998
1082955;18001596;4916457110;ETIQUETA COLORES CJX6ROLX3800UN;1;100;261;19/5/2026;19/5/2026;1001;1;B010;1;2404011303;H;COP;1947998
1082955;18001596;4916457117;ETIQUETA COLORES CJX6ROLX3800UN;1;100;261;19/5/2026;19/5/2026;1001;1;B010;1;2404011303;H;COP;1947998
1082955;18001596;4916457123;ETIQUETA COLORES CJX6ROLX3800UN;1;100;261;19/5/2026;19/5/2026;1001;1;B010;1;2404011303;H;COP;1947998
1082955;18001596;4916457127;ETIQUETA COLORES CJX6ROLX3800UN;1;100;261;19/5/2026;19/5/2026;1001;1;B010;1;2404011303;H;COP;1947998
1082955;18001596;4916457138;ETIQUETA COLORES CJX6ROLX3800UN;1;100;261;19/5/2026;19/5/2026;1001;1;B010;1;2404011303;H;COP;1947998
1082955;18001596;4916457149;ETIQUETA COLORES CJX6ROLX3800UN;1;100;261;19/5/2026;19/5/2026;1001;1;B010;1;2404011303;H;COP;1947998
1082955;18001596;4916457160;ETIQUETA COLORES CJX6ROLX3800UN;1;100;261;19/5/2026;19/5/2026;1001;1;B010;1;2404011303;H;COP;1947998
1082955;18001596;4916457182;ETIQUETA COLORES CJX6ROLX3800UN;15;1.500;261;19/5/2026;19/5/2026;1001;1;B010;1;2404011303;H;COP;1947998
1082955;18001596;4916457208;ETIQUETA COLORES CJX6ROLX3800UN;1;100;261;19/5/2026;19/5/2026;1001;1;B010;1;2404011303;H;COP;1947998
1082955;18001596;4916457228;ETIQUETA COLORES CJX6ROLX3800UN;1;100;261;19/5/2026;19/5/2026;1001;1;B010;1;2404011303;H;COP;1947998
1082955;18001596;4916457807;ETIQUETA COLORES CJX6ROLX3800UN;1;100;261;19/5/2026;19/5/2026;1001;1;B010;1;2404011303;H;COP;1947998
1082955;18001596;4916457848;ETIQUETA COLORES CJX6ROLX3800UN;1;100;261;19/5/2026;19/5/2026;1001;1;B010;1;2404011303;H;COP;1947998
1082955;18001596;4916458162;ETIQUETA COLORES CJX6ROLX3800UN;1;100;261;19/5/2026;19/5/2026;1001;1;B010;1;2404011303;H;COP;1947998
1082955;18001596;4916458380;ETIQUETA COLORES CJX6ROLX3800UN;1;100;261;19/5/2026;19/5/2026;1001;1;B010;1;2404011303;H;COP;1947998
1082955;18001596;4916458484;ETIQUETA COLORES CJX6ROLX3800UN;1;100;261;19/5/2026;19/5/2026;1001;1;B010;1;2404011303;H;COP;1947998
1082955;18001596;4916458495;ETIQUETA COLORES CJX6ROLX3800UN;1;100;261;19/5/2026;19/5/2026;1001;1;B010;1;2404011303;H;COP;1947998
1082955;18001596;4916458656;ETIQUETA COLORES CJX6ROLX3800UN;1;100;261;19/5/2026;19/5/2026;1001;1;B010;1;2404011303;H;COP;1947998
1082955;18001596;4916458661;ETIQUETA COLORES CJX6ROLX3800UN;1;100;261;19/5/2026;19/5/2026;1001;1;B010;1;2404011303;H;COP;1947998
1082955;18001596;4916458718;ETIQUETA COLORES CJX6ROLX3800UN;1;100;261;19/5/2026;19/5/2026;1001;1;B010;1;2404011303;H;COP;1947998
1082955;18001596;4916458985;ETIQUETA COLORES CJX6ROLX3800UN;1;100;261;19/5/2026;19/5/2026;1001;1;B010;1;2404011303;H;COP;1947998
1082955;18001596;4916458995;ETIQUETA COLORES CJX6ROLX3800UN;1;100;261;19/5/2026;19/5/2026;1001;1;B010;1;2404011303;H;COP;1947998
1082955;18001596;4916459010;ETIQUETA COLORES CJX6ROLX3800UN;1;100;261;19/5/2026;19/5/2026;1001;1;B010;1;2404011303;H;COP;1947998
1082955;18001596;4916459093;ETIQUETA COLORES CJX6ROLX3800UN;1;100;261;19/5/2026;19/5/2026;1001;1;B010;1;2404011303;H;COP;1947998
1082955;18001596;4916459108;ETIQUETA COLORES CJX6ROLX3800UN;1;100;261;19/5/2026;19/5/2026;1001;1;B010;1;2404011303;H;COP;1947998
1082955;18001596;4916459117;ETIQUETA COLORES CJX6ROLX3800UN;1;100;261;19/5/2026;19/5/2026;1001;1;B010;1;2404011303;H;COP;1947998
1082955;18001596;4916459122;ETIQUETA COLORES CJX6ROLX3800UN;1;100;261;19/5/2026;19/5/2026;1001;1;B010;1;2404011303;H;COP;1947998
1082955;18001596;4916459126;ETIQUETA COLORES CJX6ROLX3800UN;1;100;261;19/5/2026;19/5/2026;1001;1;B010;1;2404011303;H;COP;1947998
1082955;18001596;4916459140;ETIQUETA COLORES CJX6ROLX3800UN;1;100;261;19/5/2026;19/5/2026;1001;1;B010;1;2404011303;H;COP;1947998
1082955;18001596;4916459147;ETIQUETA COLORES CJX6ROLX3800UN;1;100;261;19/5/2026;19/5/2026;1001;1;B010;1;2404011303;H;COP;1947998
1082955;18001596;4916459162;ETIQUETA COLORES CJX6ROLX3800UN;1;100;261;19/5/2026;19/5/2026;1001;1;B010;1;2404011303;H;COP;1947998
1082955;18001596;4916459179;ETIQUETA COLORES CJX6ROLX3800UN;1;100;261;19/5/2026;19/5/2026;1001;1;B010;1;2404011303;H;COP;1947998
1082955;18001596;4916459191;ETIQUETA COLORES CJX6ROLX3800UN;1;100;261;19/5/2026;19/5/2026;1001;1;B010;1;2404011303;H;COP;1947998
1082955;18001596;4916459205;ETIQUETA COLORES CJX6ROLX3800UN;1;100;261;19/5/2026;19/5/2026;1001;1;B010;1;2404011303;H;COP;1947998
1082955;18001596;4916459212;ETIQUETA COLORES CJX6ROLX3800UN;1;100;261;19/5/2026;19/5/2026;1001;1;B010;1;2404011303;H;COP;1947998
1082955;18001596;4916459221;ETIQUETA COLORES CJX6ROLX3800UN;1;100;261;19/5/2026;19/5/2026;1001;1;B010;1;2404011303;H;COP;1947998
1082955;18001596;4916459237;ETIQUETA COLORES CJX6ROLX3800UN;1;100;261;19/5/2026;19/5/2026;1001;1;B010;1;2404011303;H;COP;1947998
1082955;18001596;4916459261;ETIQUETA COLORES CJX6ROLX3800UN;1;100;261;19/5/2026;19/5/2026;1001;1;B010;1;2404011303;H;COP;1947998
1082955;18001596;4916459275;ETIQUETA COLORES CJX6ROLX3800UN;1;100;261;19/5/2026;19/5/2026;1001;1;B010;1;2404011303;H;COP;1947998
1082955;18001596;4916459282;ETIQUETA COLORES CJX6ROLX3800UN;1;100;261;19/5/2026;19/5/2026;1001;1;B010;1;2404011303;H;COP;1947998
1082955;18001596;4916459372;ETIQUETA COLORES CJX6ROLX3800UN;1;100;261;19/5/2026;19/5/2026;1001;1;B010;1;2404011303;H;COP;1947998
1082955;18001596;4916459379;ETIQUETA COLORES CJX6ROLX3800UN;1;100;261;19/5/2026;19/5/2026;1001;1;B010;1;2404011303;H;COP;1947998
1082955;18001596;4916459382;ETIQUETA COLORES CJX6ROLX3800UN;1;100;261;19/5/2026;19/5/2026;1001;1;B010;1;2404011303;H;COP;1947998
1082955;18001596;4916459395;ETIQUETA COLORES CJX6ROLX3800UN;1;100;261;19/5/2026;19/5/2026;1001;1;B010;1;2404011303;H;COP;1947998
1082955;18001596;4916459402;ETIQUETA COLORES CJX6ROLX3800UN;1;100;261;19/5/2026;19/5/2026;1001;1;B010;1;2404011303;H;COP;1947998
1082955;18001596;4916459420;ETIQUETA COLORES CJX6ROLX3800UN;1;100;261;19/5/2026;19/5/2026;1001;1;B010;1;2404011303;H;COP;1947998
1082955;18001596;4916459422;ETIQUETA COLORES CJX6ROLX3800UN;1;100;261;19/5/2026;19/5/2026;1001;1;B010;1;2404011303;H;COP;1947998
1082955;18001596;4916459428;ETIQUETA COLORES CJX6ROLX3800UN;1;100;261;19/5/2026;19/5/2026;1001;1;B010;1;2404011303;H;COP;1947998
1082955;18001596;4916459432;ETIQUETA COLORES CJX6ROLX3800UN;1;100;261;19/5/2026;19/5/2026;1001;1;B010;1;2404011303;H;COP;1947998
1082955;18001596;4916459450;ETIQUETA COLORES CJX6ROLX3800UN;1;100;261;19/5/2026;19/5/2026;1001;1;B010;1;2404011303;H;COP;1947998
1082955;18001596;4916459451;ETIQUETA COLORES CJX6ROLX3800UN;1;100;261;19/5/2026;19/5/2026;1001;1;B010;1;2404011303;H;COP;1947998
1082955;18001596;4916459467;ETIQUETA COLORES CJX6ROLX3800UN;25;2.500;261;19/5/2026;19/5/2026;1001;1;B010;1;2404011303;H;COP;1947998
1082955;18001596;4916459515;ETIQUETA COLORES CJX6ROLX3800UN;1;100;261;19/5/2026;19/5/2026;1001;1;B010;1;2404011303;H;COP;1947998
1082955;18001596;4916459525;ETIQUETA COLORES CJX6ROLX3800UN;1;100;261;19/5/2026;19/5/2026;1001;1;B010;1;2404011303;H;COP;1947998
1082955;18001596;4916459526;ETIQUETA COLORES CJX6ROLX3800UN;3;300;261;19/5/2026;19/5/2026;1001;1;B010;1;2404011303;H;COP;1947998
1082955;18001596;4916459529;ETIQUETA COLORES CJX6ROLX3800UN;1;100;261;19/5/2026;19/5/2026;1001;1;B010;1;2404011303;H;COP;1947998
1082955;18001602;4916453190;ETIQUETA TERMICA CJX4ROLX2605UN;200;9.600;261;19/5/2026;19/5/2026;1001;1;B010;1;2604241568;H;COP;1947998
1082955;18001602;4916453192;ETIQUETA TERMICA CJX4ROLX2605UN;74;3.552;261;19/5/2026;19/5/2026;1001;1;B010;1;2604241568;H;COP;1947998
1082955;18001602;4916453196;ETIQUETA TERMICA CJX4ROLX2605UN;200;9.600;261;19/5/2026;19/5/2026;1001;1;B010;1;2604290726;H;COP;1947998
1082955;18001602;4916453198;ETIQUETA TERMICA CJX4ROLX2605UN;200;9.600;261;19/5/2026;19/5/2026;1001;1;B010;1;2604290726;H;COP;1947998
1082955;18001602;4916453201;ETIQUETA TERMICA CJX4ROLX2605UN;200;9.600;261;19/5/2026;19/5/2026;1001;1;B010;1;2604290726;H;COP;1947998
1082955;18001602;4916453871;ETIQUETA TERMICA CJX4ROLX2605UN;200;9.600;261;19/5/2026;19/5/2026;1001;1;B010;1;2604290726;H;COP;1947998
1082955;18001602;4916453875;ETIQUETA TERMICA CJX4ROLX2605UN;200;9.600;261;19/5/2026;19/5/2026;1001;1;B010;1;2604290726;H;COP;1947998
1082955;18001602;4916453877;ETIQUETA TERMICA CJX4ROLX2605UN;200;9.600;261;19/5/2026;19/5/2026;1001;1;B010;1;2604290726;H;COP;1947998
1082955;18001602;4916456137;ETIQUETA TERMICA CJX4ROLX2605UN;200;9.600;261;19/5/2026;19/5/2026;1001;1;B010;1;2604290726;H;COP;1947998
1082955;18001602;4916456152;ETIQUETA TERMICA CJX4ROLX2605UN;200;9.600;261;19/5/2026;19/5/2026;1001;1;B010;1;2604290726;H;COP;1947998
1082955;18001602;4916456156;ETIQUETA TERMICA CJX4ROLX2605UN;200;9.600;261;19/5/2026;19/5/2026;1001;1;B010;1;2604290726;H;COP;1947998
1082955;18001602;4916456161;ETIQUETA TERMICA CJX4ROLX2605UN;200;9.600;261;19/5/2026;19/5/2026;1001;1;B010;1;2604290726;H;COP;1947998
1082955;18001602;4916456164;ETIQUETA TERMICA CJX4ROLX2605UN;200;9.600;261;19/5/2026;19/5/2026;1001;1;B010;1;2604290726;H;COP;1947998
1082955;18001602;4916457817;ETIQUETA TERMICA CJX4ROLX2605UN;1;48;261;19/5/2026;19/5/2026;1001;1;B010;1;2604290726;H;COP;1947998
1082955;18001602;4916457832;ETIQUETA TERMICA CJX4ROLX2605UN;1;48;261;19/5/2026;19/5/2026;1001;1;B010;1;2604290726;H;COP;1947998
1082955;18001602;4916457835;ETIQUETA TERMICA CJX4ROLX2605UN;200;9.600;261;19/5/2026;19/5/2026;1001;1;B010;1;2604290726;H;COP;1947998
1082955;18001602;4916457842;ETIQUETA TERMICA CJX4ROLX2605UN;200;9.600;261;19/5/2026;19/5/2026;1001;1;B010;1;2604290726;H;COP;1947998
1082955;18001612;4916459495;CINTA DE RESINA 110*450M ROLX45000CM;20.000;0;261;19/5/2026;19/5/2026;1001;1;B010;3;2603311297;H;COP;1947998
1082955;18001612;4916459771;CINTA DE RESINA 110*450M ROLX45000CM;2.145,800;0;261;19/5/2026;19/5/2026;1001;1;B010;1;2603311297;H;COP;1947998
1082955;14002447;4916459495;PRESAS CORTADAS CJ(180UN);88;26.349.136;261;19/5/2026;19/5/2026;1001;2;B010;4;2605180198;H;COP;0
1082955;18001590;4916459495;BOLSA FUNDA PERFORADA BTOX10BOLX100UN;800;178.246;261;19/5/2026;19/5/2026;1001;2;B010;5;2604291332;H;COP;0
1082955;18001602;4916459774;ETIQUETA TERMICA CJX4ROLX2605UN;-1.500;-71.999;262;19/5/2026;19/5/2026;1001;2;B010;1;2604290726;S;COP;0
1082955;12002532;5001986021;ALAS CORTADAS POLLO;-136,700;-1.452.301;101;19/5/2026;19/5/2026;1001;4;B010;1;2605190160;S;COP;0
1082955;12002532;5001986070;ALAS CORTADAS POLLO;-122,700;-1.303.565;101;19/5/2026;19/5/2026;1001;4;B010;1;2605190160;S;COP;0
1082955;12002532;5001986293;ALAS CORTADAS POLLO;-153,300;-1.628.659;101;19/5/2026;19/5/2026;1001;4;B010;1;2605190160;S;COP;0
1082955;12002532;5001986295;ALAS CORTADAS POLLO;-151,100;-1.605.286;101;19/5/2026;19/5/2026;1001;4;B010;1;2605190160;S;COP;0
1082955;12002532;5001986330;ALAS CORTADAS POLLO;-118,500;-1.258.944;101;19/5/2026;19/5/2026;1001;4;B010;1;2605190160;S;COP;0
1082955;12002532;5001986349;ALAS CORTADAS POLLO;-118,500;-1.258.944;101;19/5/2026;19/5/2026;1001;4;B010;1;2605190160;S;COP;0
1082955;12002532;5001986351;ALAS CORTADAS POLLO;-177;-1.880.448;101;19/5/2026;19/5/2026;1001;4;B010;1;2605190160;S;COP;0
1082955;12002532;5001986354;ALAS CORTADAS POLLO;-163;-1.731.712;101;19/5/2026;19/5/2026;1001;4;B010;1;2605190160;S;COP;0
1082955;12002532;5001986397;ALAS CORTADAS POLLO;-187,600;-1.993.062;101;19/5/2026;19/5/2026;1001;4;B010;1;2605190160;S;COP;0
1082955;12002532;5001986398;ALAS CORTADAS POLLO;-182;-1.933.568;101;19/5/2026;19/5/2026;1001;4;B010;1;2605190160;S;COP;0
1082955;12002532;5001986446;ALAS CORTADAS POLLO;-197,600;-2.099.302;101;19/5/2026;19/5/2026;1001;4;B010;1;2605190160;S;COP;0
1082955;12002532;5001986591;ALAS CORTADAS POLLO;-173,600;-1.844.326;101;19/5/2026;19/5/2026;1001;4;B010;1;2605190160;S;COP;0
1082955;12002532;5001986602;ALAS CORTADAS POLLO;-103,300;-1.097.459;101;19/5/2026;19/5/2026;1001;4;B010;1;2605190160;S;COP;0
1082955;12002532;5001986722;ALAS CORTADAS POLLO;-147,700;-1.569.165;101;19/5/2026;19/5/2026;1001;4;B010;1;2605190160;S;COP;0
1082955;12002532;5001986757;ALAS CORTADAS POLLO;-145,700;-1.547.917;101;19/5/2026;19/5/2026;1001;4;B010;1;2605190160;S;COP;0
1082955;12002532;5001987011;ALAS CORTADAS POLLO;-147,200;-1.563.853;101;19/5/2026;19/5/2026;1001;4;B010;1;2605190160;S;COP;0
1082955;12002532;5001987041;ALAS CORTADAS POLLO;-149,200;-1.585.101;101;19/5/2026;19/5/2026;1001;4;B010;1;2605190160;S;COP;0
1082955;12002532;5001987180;ALAS CORTADAS POLLO;-179;-1.901.696;101;19/5/2026;19/5/2026;1001;4;B010;1;2605190160;S;COP;0
1082955;12002532;5001987184;ALAS CORTADAS POLLO;-168,600;-1.791.206;101;19/5/2026;19/5/2026;1001;4;B010;1;2605190160;S;COP;0
1082955;12002532;5001987194;ALAS CORTADAS POLLO;-163,200;-1.733.837;101;19/5/2026;19/5/2026;1001;4;B010;1;2605190160;S;COP;0
1082955;12002532;5001987268;ALAS CORTADAS POLLO;-148,100;-1.573.414;101;19/5/2026;19/5/2026;1001;4;B010;1;2605190160;S;COP;0
1082955;12002532;5001987271;ALAS CORTADAS POLLO;-121;-1.285.504;101;19/5/2026;19/5/2026;1001;4;B010;1;2605190160;S;COP;0
1082955;12002532;5001987272;ALAS CORTADAS POLLO;-151,800;-1.612.723;101;19/5/2026;19/5/2026;1001;4;B010;1;2605190160;S;COP;0
1082955;12002532;5001987276;ALAS CORTADAS POLLO;-142;-1.508.608;101;19/5/2026;19/5/2026;1001;4;B010;1;2605190160;S;COP;0
1082955;12002532;5001987279;ALAS CORTADAS POLLO;-128,400;-1.364.122;101;19/5/2026;19/5/2026;1001;4;B010;1;2605190160;S;COP;0
1082955;12002532;5001987286;ALAS CORTADAS POLLO;-61,900;-657.626;101;19/5/2026;19/5/2026;1001;4;B010;1;2605190160;S;COP;0
1082955;12002532;5001987287;ALAS CORTADAS POLLO;-65,800;-699.059;101;19/5/2026;19/5/2026;1001;4;B010;1;2605190160;S;COP;0
1082955;12002546;5001986464;CAJA DE POLLO;-154,400;-1.344.978;101;19/5/2026;19/5/2026;1001;4;B010;1;2605190155;S;COP;0
1082955;12002546;5001986468;CAJA DE POLLO;-171,100;-1.490.452;101;19/5/2026;19/5/2026;1001;4;B010;1;2605190155;S;COP;0
1082955;12002546;5001986470;CAJA DE POLLO;-177,400;-1.545.331;101;19/5/2026;19/5/2026;1001;4;B010;1;2605190155;S;COP;0
1082955;12002546;5001986473;CAJA DE POLLO;-182,500;-1.589.758;101;19/5/2026;19/5/2026;1001;4;B010;1;2605190155;S;COP;0
1082955;12002546;5001986477;CAJA DE POLLO;-159;-1.385.049;101;19/5/2026;19/5/2026;1001;4;B010;1;2605190155;S;COP;0
1082955;12002546;5001986482;CAJA DE POLLO;-157,900;-1.375.467;101;19/5/2026;19/5/2026;1001;4;B010;1;2605190155;S;COP;0
1082955;12002546;5001986483;CAJA DE POLLO;-188,200;-1.639.410;101;19/5/2026;19/5/2026;1001;4;B010;1;2605190155;S;COP;0
1082955;12002546;5001986486;CAJA DE POLLO;-166,600;-1.451.253;101;19/5/2026;19/5/2026;1001;4;B010;1;2605190155;S;COP;0
1082955;12002546;5001986490;CAJA DE POLLO;-183;-1.594.113;101;19/5/2026;19/5/2026;1001;4;B010;1;2605190155;S;COP;0
1082955;12002546;5001986495;CAJA DE POLLO;-183,800;-1.601.082;101;19/5/2026;19/5/2026;1001;4;B010;1;2605190155;S;COP;0
1082955;12002546;5001986497;CAJA DE POLLO;-156,200;-1.360.658;101;19/5/2026;19/5/2026;1001;4;B010;1;2605190155;S;COP;0
1082955;12002546;5001986500;CAJA DE POLLO;-180,900;-1.575.820;101;19/5/2026;19/5/2026;1001;4;B010;1;2605190155;S;COP;0
1082955;12002546;5001986503;CAJA DE POLLO;-179,800;-1.566.238;101;19/5/2026;19/5/2026;1001;4;B010;1;2605190155;S;COP;0
1082955;12002546;5001986507;CAJA DE POLLO;-178,700;-1.556.656;101;19/5/2026;19/5/2026;1001;4;B010;1;2605190155;S;COP;0
1082955;12002546;5001986761;CAJA DE POLLO;-178,800;-1.557.527;101;19/5/2026;19/5/2026;1001;4;B010;1;2605190155;S;COP;0
1082955;12002546;5001987196;CAJA DE POLLO;-165,300;-1.439.928;101;19/5/2026;19/5/2026;1001;4;B010;1;2605190155;S;COP;0
1082955;12002546;5001987199;CAJA DE POLLO;-170,200;-1.482.612;101;19/5/2026;19/5/2026;1001;4;B010;1;2605190155;S;COP;0
1082955;12002546;5001987201;CAJA DE POLLO;-165,500;-1.441.671;101;19/5/2026;19/5/2026;1001;4;B010;1;2605190155;S;COP;0
1082955;12002546;5001987202;CAJA DE POLLO;-173,400;-1.510.487;101;19/5/2026;19/5/2026;1001;4;B010;1;2605190155;S;COP;0
1082955;12002546;5001987205;CAJA DE POLLO;-158,400;-1.379.822;101;19/5/2026;19/5/2026;1001;4;B010;1;2605190155;S;COP;0
1082955;12002546;5001987207;CAJA DE POLLO;-166,700;-1.452.124;101;19/5/2026;19/5/2026;1001;4;B010;1;2605190155;S;COP;0
1082955;12002546;5001987211;CAJA DE POLLO;-180,200;-1.569.722;101;19/5/2026;19/5/2026;1001;4;B010;1;2605190155;S;COP;0
1082955;12002546;5001987214;CAJA DE POLLO;-165,500;-1.441.671;101;19/5/2026;19/5/2026;1001;4;B010;1;2605190155;S;COP;0
1082955;12002546;5001987219;CAJA DE POLLO;-169,400;-1.475.643;101;19/5/2026;19/5/2026;1001;4;B010;1;2605190155;S;COP;0
1082955;12002546;5001987222;CAJA DE POLLO;-169,400;-1.475.643;101;19/5/2026;19/5/2026;1001;4;B010;1;2605190155;S;COP;0
1082955;12002546;5001987224;CAJA DE POLLO;-179,400;-1.562.753;101;19/5/2026;19/5/2026;1001;4;B010;1;2605190155;S;COP;0
1082955;12002546;5001987225;CAJA DE POLLO;-181,100;-1.577.562;101;19/5/2026;19/5/2026;1001;4;B010;1;2605190155;S;COP;0
1082955;12002546;5001987235;CAJA DE POLLO;-156,500;-1.363.272;101;19/5/2026;19/5/2026;1001;4;B010;1;2605190155;S;COP;0
1082955;12002546;5001987239;CAJA DE POLLO;-171,400;-1.493.065;101;19/5/2026;19/5/2026;1001;4;B010;1;2605190155;S;COP;0
1082955;12002546;5001987241;CAJA DE POLLO;-156,800;-1.365.885;101;19/5/2026;19/5/2026;1001;4;B010;1;2605190155;S;COP;0
1082955;12002546;5001987246;CAJA DE POLLO;-169,500;-1.476.515;101;19/5/2026;19/5/2026;1001;4;B010;1;2605190155;S;COP;0
1082955;12002546;5001987282;CAJA DE POLLO;-173,800;-1.513.972;101;19/5/2026;19/5/2026;1001;4;B010;1;2605190155;S;COP;0
1082955;12002546;5001987283;CAJA DE POLLO;-186,600;-1.625.473;101;19/5/2026;19/5/2026;1001;4;B010;1;2605190155;S;COP;0
1082955;12002546;5001987284;CAJA DE POLLO;-190,600;-1.660.317;101;19/5/2026;19/5/2026;1001;4;B010;1;2605190155;S;COP;0
1082955;12002546;5001987285;CAJA DE POLLO;-96,800;-843.225;101;19/5/2026;19/5/2026;1001;4;B010;1;2605190155;S;COP;0
1082955;12002546;5001987328;CAJA DE POLLO;405,200;3.529.697;102;19/5/2026;19/5/2026;1001;4;B010;1;2605190155;H;COP;0
1082955;14002444;5001987327;PRESAS CRISPY CJX10BOL(18UN);-220;-5.938.460;101;19/5/2026;19/5/2026;1001;4;B010;1;2605190157;S;COP;0
1082955;14002445;5001987289;PRESAS ORIGINAL CJX10BOL(18UN;-2.153;-64.609.377;101;19/5/2026;19/5/2026;1001;4;B010;1;2605190156;S;COP;0
1082955;14002447;5001987330;PRESAS CORTADAS CJ(180UN);-50;-14.971.100;101;19/5/2026;19/5/2026;1001;4;B010;1;2605190158;S;COP;0
1082956;11001689;4916457991;PRESAS CORTADAS DE POLLO MP;4.375,800;36.123.006;261;19/5/2026;19/5/2026;1001;1;B010;1;2605181015;H;COP;1947999
1082956;11001689;4916458006;PRESAS CORTADAS DE POLLO MP;3.170;26.168.913;261;19/5/2026;19/5/2026;1001;1;B010;1;2605190516;H;COP;1947999
1082956;11001689;4916458043;PRESAS CORTADAS DE POLLO MP;24,200;199.775;261;19/5/2026;19/5/2026;1001;1;B010;1;2605181015;H;COP;1947999
1082956;11001689;4916458043;PRESAS CORTADAS DE POLLO MP;97,800;807.356;261;19/5/2026;19/5/2026;1001;1;B010;2;2605190516;H;COP;1947999
1082956;12001209;4916459465;SALMUERA CRISPY;1.608,320;2.914.276;261;19/5/2026;19/5/2026;1001;1;B010;1;2605190167;H;COP;1947999
1082956;18001588;4916459465;BOLSA POLLO CRISPY  BTOX2500UN;2.500;261.685;261;19/5/2026;19/5/2026;1001;1;B010;2;2604291273;H;COP;1947999
1082956;18001602;4916453220;ETIQUETA TERMICA CJX4ROLX2605UN;200;9.600;261;19/5/2026;19/5/2026;1001;1;B010;1;2604290726;H;COP;1947999
1082956;18001602;4916453221;ETIQUETA TERMICA CJX4ROLX2605UN;200;9.600;261;19/5/2026;19/5/2026;1001;1;B010;1;2604290726;H;COP;1947999
1082956;18001602;4916453228;ETIQUETA TERMICA CJX4ROLX2605UN;200;9.600;261;19/5/2026;19/5/2026;1001;1;B010;1;2604290726;H;COP;1947999
1082956;18001602;4916453881;ETIQUETA TERMICA CJX4ROLX2605UN;200;9.600;261;19/5/2026;19/5/2026;1001;1;B010;1;2604290726;H;COP;1947999
1082956;18001602;4916453885;ETIQUETA TERMICA CJX4ROLX2605UN;200;9.600;261;19/5/2026;19/5/2026;1001;1;B010;1;2604290726;H;COP;1947999
1082956;18001602;4916453889;ETIQUETA TERMICA CJX4ROLX2605UN;200;9.600;261;19/5/2026;19/5/2026;1001;1;B010;1;2604290726;H;COP;1947999
1082956;18001602;4916455023;ETIQUETA TERMICA CJX4ROLX2605UN;200;9.600;261;19/5/2026;19/5/2026;1001;1;B010;1;2604290726;H;COP;1947999
1082956;18001602;4916455027;ETIQUETA TERMICA CJX4ROLX2605UN;200;9.600;261;19/5/2026;19/5/2026;1001;1;B010;1;2604290726;H;COP;1947999
1082956;18001602;4916455029;ETIQUETA TERMICA CJX4ROLX2605UN;200;9.600;261;19/5/2026;19/5/2026;1001;1;B010;1;2604290726;H;COP;1947999
1082956;18001602;4916456126;ETIQUETA TERMICA CJX4ROLX2605UN;200;9.600;261;19/5/2026;19/5/2026;1001;1;B010;1;2604241568;H;COP;1947999
1082956;18001602;4916457131;ETIQUETA TERMICA CJX4ROLX2605UN;200;9.600;261;19/5/2026;19/5/2026;1001;1;B010;1;2604241568;H;COP;1947999
1082956;18001602;4916457134;ETIQUETA TERMICA CJX4ROLX2605UN;200;9.600;261;19/5/2026;19/5/2026;1001;1;B010;1;2604241568;H;COP;1947999
1082956;18001602;4916458560;ETIQUETA TERMICA CJX4ROLX2605UN;200;9.600;261;19/5/2026;19/5/2026;1001;1;B010;1;2604241568;H;COP;1947999
1082956;18001602;4916458569;ETIQUETA TERMICA CJX4ROLX2605UN;200;9.600;261;19/5/2026;19/5/2026;1001;1;B010;1;2604241568;H;COP;1947999
1082956;18001602;4916459066;ETIQUETA TERMICA CJX4ROLX2605UN;200;9.600;261;19/5/2026;19/5/2026;1001;1;B010;1;2604241568;H;COP;1947999
1082956;18001602;4916459267;ETIQUETA TERMICA CJX4ROLX2605UN;200;9.600;261;19/5/2026;19/5/2026;1001;1;B010;1;2604241568;H;COP;1947999
1082956;18001602;4916459414;ETIQUETA TERMICA CJX4ROLX2605UN;80;3.840;261;19/5/2026;19/5/2026;1001;1;B010;1;2604241568;H;COP;1947999
1082956;18001612;4916459465;CINTA DE RESINA 110*450M ROLX45000CM;21.000;0;261;19/5/2026;19/5/2026;1001;1;B010;3;2603311297;H;COP;1947999
1082956;18001590;4916459465;BOLSA FUNDA PERFORADA BTOX10BOLX100UN;600;133.684;261;19/5/2026;19/5/2026;1001;2;B010;4;2604291332;H;COP;0
1082956;14002444;5001987288;PRESAS CRISPY CJX10BOL(18UN);-3.000;-80.979.000;101;19/5/2026;19/5/2026;1001;4;B010;1;2605190163;S;COP;0
1082956;14002444;5001987326;PRESAS CRISPY CJX10BOL(18UN);220;5.938.460;102;19/5/2026;19/5/2026;1001;4;B010;1;2605190163;H;COP;0
1082957;12002517;4916455106;MIX DE SALMUERA CRISPY;208,320;2.707.535;261;19/5/2026;19/5/2026;1001;1;B010;1;2605190212;H;COP;1948000
1082957;18001596;4916455139;ETIQUETA COLORES CJX6ROLX3800UN;1;100;261;19/5/2026;19/5/2026;1001;1;B010;1;2404011303;H;COP;1948000
1082957;12001209;4916455132;SALMUERA CRISPY;-1.608,320;-2.914.276;101;19/5/2026;19/5/2026;1001;4;B010;1;2605190167;S;COP;0
1082958;12002516;4916455118;MIX DE SALMUERA ORIGINAL;93,520;1.123.923;261;19/5/2026;19/5/2026;1001;1;B010;1;2605140318;H;COP;1948001
1082958;18001596;4916455145;ETIQUETA COLORES CJX6ROLX3800UN;1;100;261;19/5/2026;19/5/2026;1001;1;B010;1;2404011303;H;COP;1948001
1082958;12001211;4916455135;SALMUERA IMOR;-1.493,520;-1.315.791;101;19/5/2026;19/5/2026;1001;4;B010;1;2605190168;S;COP;0
1082959;12002546;4916453361;CAJA DE POLLO;186;1.620.246;261;19/5/2026;19/5/2026;1001;1;B010;1;2605150116;H;COP;1948002
1082959;12002546;4916453383;CAJA DE POLLO;147,700;1.286.615;261;19/5/2026;19/5/2026;1001;1;B010;1;2605140091;H;COP;1948002
1082959;12002546;4916453385;CAJA DE POLLO;150,300;1.309.263;261;19/5/2026;19/5/2026;1001;1;B010;1;2605150116;H;COP;1948002
1082959;12002546;4916453386;CAJA DE POLLO;140,500;1.223.896;261;19/5/2026;19/5/2026;1001;1;B010;1;2605150116;H;COP;1948002
1082959;12002546;4916453501;CAJA DE POLLO;185,300;1.614.148;261;19/5/2026;19/5/2026;1001;1;B010;1;2605150116;H;COP;1948002
1082959;12002546;4916453502;CAJA DE POLLO;167,900;1.462.577;261;19/5/2026;19/5/2026;1001;1;B010;1;2605150116;H;COP;1948002
1082959;12002546;4916453505;CAJA DE POLLO;188;1.637.668;261;19/5/2026;19/5/2026;1001;1;B010;1;2605150116;H;COP;1948002
1082959;12002546;4916453552;CAJA DE POLLO;191,200;1.665.543;261;19/5/2026;19/5/2026;1001;1;B010;1;2605150116;H;COP;1948002
1082959;12002546;4916454444;CAJA DE POLLO;180,500;1.572.336;261;19/5/2026;19/5/2026;1001;1;B010;1;2605150116;H;COP;1948002
1082959;12002546;4916454553;CAJA DE POLLO;173,100;1.507.874;261;19/5/2026;19/5/2026;1001;1;B010;1;2605150116;H;COP;1948002
1082959;12002546;4916454617;CAJA DE POLLO;171,200;1.491.323;261;19/5/2026;19/5/2026;1001;1;B010;1;2605150116;H;COP;1948002
1082959;12002546;4916454618;CAJA DE POLLO;156,600;1.364.143;261;19/5/2026;19/5/2026;1001;1;B010;1;2605150116;H;COP;1948002
1082959;12002546;4916454997;CAJA DE POLLO;174,300;1.518.327;261;19/5/2026;19/5/2026;1001;1;B010;1;2605150116;H;COP;1948002
1082959;12002546;4916454998;CAJA DE POLLO;207,800;1.810.146;261;19/5/2026;19/5/2026;1001;1;B010;1;2605150116;H;COP;1948002
1082959;12002546;4916455643;CAJA DE POLLO;156,300;1.361.529;261;19/5/2026;19/5/2026;1001;1;B010;1;2605150116;H;COP;1948002
1082959;12002546;4916455646;CAJA DE POLLO;186,700;1.626.344;261;19/5/2026;19/5/2026;1001;1;B010;1;2605150116;H;COP;1948002
1082959;12002546;4916455822;CAJA DE POLLO;161,700;1.408.569;261;19/5/2026;19/5/2026;1001;1;B010;1;2605150116;H;COP;1948002
1082959;12002546;4916456561;CAJA DE POLLO;154,900;1.349.334;261;19/5/2026;19/5/2026;1001;1;B010;1;2605150116;H;COP;1948002
1082959;12002546;4916456562;CAJA DE POLLO;171,900;1.497.421;261;19/5/2026;19/5/2026;1001;1;B010;1;2605150116;H;COP;1948002
1082959;12002546;4916456563;CAJA DE POLLO;157;1.367.627;261;19/5/2026;19/5/2026;1001;1;B010;1;2605150116;H;COP;1948002
1082959;12002546;4916456564;CAJA DE POLLO;151,800;1.322.330;261;19/5/2026;19/5/2026;1001;1;B010;1;2605150116;H;COP;1948002
1082959;12002546;4916456566;CAJA DE POLLO;175,500;1.528.781;261;19/5/2026;19/5/2026;1001;1;B010;1;2605150116;H;COP;1948002
1082959;12002546;4916456568;CAJA DE POLLO;162,800;1.418.151;261;19/5/2026;19/5/2026;1001;1;B010;1;2605150116;H;COP;1948002
1082959;12002546;4916456570;CAJA DE POLLO;179,600;1.564.496;261;19/5/2026;19/5/2026;1001;1;B010;1;2605150116;H;COP;1948002
1082959;12002546;4916456605;CAJA DE POLLO;181,400;1.580.175;261;19/5/2026;19/5/2026;1001;1;B010;1;2605150116;H;COP;1948002
1082959;12002546;4916456609;CAJA DE POLLO;101,600;885.038;261;19/5/2026;19/5/2026;1001;1;B010;1;2605150116;H;COP;1948002
1082959;12002546;4916456612;CAJA DE POLLO;166;1.446.026;261;19/5/2026;19/5/2026;1001;1;B010;1;2605150116;H;COP;1948002
1082959;12002546;4916457185;CAJA DE POLLO;165,200;1.439.057;261;19/5/2026;19/5/2026;1001;1;B010;1;2605150116;H;COP;1948002
1082959;12002546;4916457189;CAJA DE POLLO;176,800;1.540.105;261;19/5/2026;19/5/2026;1001;1;B010;1;2605150116;H;COP;1948002
1082959;12002546;4916457201;CAJA DE POLLO;174,900;1.523.554;261;19/5/2026;19/5/2026;1001;1;B010;1;2605150116;H;COP;1948002
1082959;12002546;4916457203;CAJA DE POLLO;158,800;1.383.307;261;19/5/2026;19/5/2026;1001;1;B010;1;2605150116;H;COP;1948002
1082959;12002546;4916457286;CAJA DE POLLO;187,400;1.632.441;261;19/5/2026;19/5/2026;1001;1;B010;1;2605150116;H;COP;1948002
1082959;12002546;4916457291;CAJA DE POLLO;131,900;1.148.981;261;19/5/2026;19/5/2026;1001;1;B010;1;2605150116;H;COP;1948002
1082959;12002546;4916457323;CAJA DE POLLO;167,100;1.455.608;261;19/5/2026;19/5/2026;1001;1;B010;1;2605150116;H;COP;1948002
1082959;12002546;4916457359;CAJA DE POLLO;162,800;1.418.151;261;19/5/2026;19/5/2026;1001;1;B010;1;2605150116;H;COP;1948002
1082959;12002546;4916458286;CAJA DE POLLO;163,300;1.422.506;261;19/5/2026;19/5/2026;1001;1;B010;1;2605150116;H;COP;1948002
1082959;12002546;4916458287;CAJA DE POLLO;164,200;1.430.346;261;19/5/2026;19/5/2026;1001;1;B010;1;2605150116;H;COP;1948002
1082959;12002546;4916458288;CAJA DE POLLO;188,200;1.639.410;261;19/5/2026;19/5/2026;1001;1;B010;1;2605150116;H;COP;1948002
1082959;12002546;4916458565;CAJA DE POLLO;150,900;1.314.490;261;19/5/2026;19/5/2026;1001;1;B010;1;2605150116;H;COP;1948002
1082959;12002546;4916458567;CAJA DE POLLO;157,300;1.370.240;261;19/5/2026;19/5/2026;1001;1;B010;1;2605150116;H;COP;1948002
1082959;12002546;4916458570;CAJA DE POLLO;175,300;1.527.038;261;19/5/2026;19/5/2026;1001;1;B010;1;2605150116;H;COP;1948002
1082959;12002546;4916458622;CAJA DE POLLO;178,100;1.551.429;261;19/5/2026;19/5/2026;1001;1;B010;1;2605150116;H;COP;1948002
1082959;12002546;4916458915;CAJA DE POLLO;151,900;1.323.201;261;19/5/2026;19/5/2026;1001;1;B010;1;2605150116;H;COP;1948002
1082959;12002546;4916458917;CAJA DE POLLO;146,500;1.276.162;261;19/5/2026;19/5/2026;1001;1;B010;1;2605150116;H;COP;1948002
1082959;12002546;4916458918;CAJA DE POLLO;163,800;1.426.862;261;19/5/2026;19/5/2026;1001;1;B010;1;2605150116;H;COP;1948002
1082959;12002546;4916459208;CAJA DE POLLO;173,300;1.509.616;261;19/5/2026;19/5/2026;1001;1;B010;1;2605150116;H;COP;1948002
1082959;12002546;4916459210;CAJA DE POLLO;167,600;1.459.964;261;19/5/2026;19/5/2026;1001;1;B010;1;2605150116;H;COP;1948002
1082959;12002546;4916459433;CAJA DE POLLO;158,600;1.381.565;261;19/5/2026;19/5/2026;1001;1;B010;1;2605150116;H;COP;1948002
1082959;12002546;4916459436;CAJA DE POLLO;174,300;1.518.327;261;19/5/2026;19/5/2026;1001;1;B010;1;2605140091;H;COP;1948002
1082959;13000367;4916454688;COSTILLA DE POLLO;-140;-182.000;531;19/5/2026;19/5/2026;1001;1;B010;1;2605190169;S;COP;1948002
1082959;13000367;4916454893;COSTILLA DE POLLO;-140;-182.000;531;19/5/2026;19/5/2026;1001;1;B010;1;2605190169;S;COP;1948002
1082959;13000367;4916455508;COSTILLA DE POLLO;-140;-182.000;531;19/5/2026;19/5/2026;1001;1;B010;1;2605190169;S;COP;1948002
1082959;13000367;4916455807;COSTILLA DE POLLO;-140;-182.000;531;19/5/2026;19/5/2026;1001;1;B010;1;2605190169;S;COP;1948002
1082959;13000367;4916456387;COSTILLA DE POLLO;-140;-182.000;531;19/5/2026;19/5/2026;1001;1;B010;1;2605190169;S;COP;1948002
1082959;13000367;4916456586;COSTILLA DE POLLO;-140;-182.000;531;19/5/2026;19/5/2026;1001;1;B010;1;2605190169;S;COP;1948002
1082959;13000367;4916456824;COSTILLA DE POLLO;-140;-182.000;531;19/5/2026;19/5/2026;1001;1;B010;1;2605190169;S;COP;1948002
1082959;13000367;4916457297;COSTILLA DE POLLO;-140;-182.000;531;19/5/2026;19/5/2026;1001;1;B010;1;2605190169;S;COP;1948002
1082959;13000367;4916457385;COSTILLA DE POLLO;-140;-182.000;531;19/5/2026;19/5/2026;1001;1;B010;1;2605190169;S;COP;1948002
1082959;13000367;4916457386;COSTILLA DE POLLO;-140;-182.000;531;19/5/2026;19/5/2026;1001;1;B010;1;2605190169;S;COP;1948002
1082959;13000367;4916457722;COSTILLA DE POLLO;-140;-182.000;531;19/5/2026;19/5/2026;1001;1;B010;1;2605190169;S;COP;1948002
1082959;13000367;4916457885;COSTILLA DE POLLO;-140;-182.000;531;19/5/2026;19/5/2026;1001;1;B010;1;2605190169;S;COP;1948002
1082959;13000367;4916458615;COSTILLA DE POLLO;-140;-182.000;531;19/5/2026;19/5/2026;1001;1;B010;1;2605190169;S;COP;1948002
1082959;13000367;4916458795;COSTILLA DE POLLO;-140;-182.000;531;19/5/2026;19/5/2026;1001;1;B010;1;2605190169;S;COP;1948002
1082959;13000367;4916458972;COSTILLA DE POLLO;-140;-182.000;531;19/5/2026;19/5/2026;1001;1;B010;1;2605190169;S;COP;1948002
1082959;13000367;4916459244;COSTILLA DE POLLO;-140;-182.000;531;19/5/2026;19/5/2026;1001;1;B010;1;2605190169;S;COP;1948002
1082959;13000367;4916459390;COSTILLA DE POLLO;-140;-182.000;531;19/5/2026;19/5/2026;1001;1;B010;1;2605190169;S;COP;1948002
1082959;13000367;4916459392;COSTILLA DE POLLO;-140;-182.000;531;19/5/2026;19/5/2026;1001;1;B010;1;2605190169;S;COP;1948002
1082959;13000367;4916459398;COSTILLA DE POLLO;-36,200;-47.060;531;19/5/2026;19/5/2026;1001;1;B010;1;2605190169;S;COP;1948002
1082959;13000369;4916455694;PIEL DE POLLO;-140;-98.000;531;19/5/2026;19/5/2026;1001;1;B010;1;2605190169;S;COP;1948002
1082959;13000369;4916457654;PIEL DE POLLO;-140;-98.000;531;19/5/2026;19/5/2026;1001;1;B010;1;2605190169;S;COP;1948002
1082959;13000369;4916458329;PIEL DE POLLO;-140;-98.000;531;19/5/2026;19/5/2026;1001;1;B010;1;2605190169;S;COP;1948002
1082959;13000369;4916458824;PIEL DE POLLO;-140;-98.000;531;19/5/2026;19/5/2026;1001;1;B010;1;2605190169;S;COP;1948002
1082959;13000369;4916459412;PIEL DE POLLO;-140;-98.000;531;19/5/2026;19/5/2026;1001;1;B010;1;2605190169;S;COP;1948002
1082959;13000369;4916459431;PIEL DE POLLO;-11,300;-7.910;531;19/5/2026;19/5/2026;1001;1;B010;1;2605190169;S;COP;1948002
1082959;18001596;4916453768;ETIQUETA COLORES CJX6ROLX3800UN;1;100;261;19/5/2026;19/5/2026;1001;1;B010;1;2404011303;H;COP;1948002
1082959;18001596;4916454114;ETIQUETA COLORES CJX6ROLX3800UN;1;100;261;19/5/2026;19/5/2026;1001;1;B010;1;2404011303;H;COP;1948002
1082959;18001596;4916454528;ETIQUETA COLORES CJX6ROLX3800UN;1;100;261;19/5/2026;19/5/2026;1001;1;B010;1;2404011303;H;COP;1948002
1082959;18001596;4916454686;ETIQUETA COLORES CJX6ROLX3800UN;1;100;261;19/5/2026;19/5/2026;1001;1;B010;1;2404011303;H;COP;1948002
1082959;18001596;4916454689;ETIQUETA COLORES CJX6ROLX3800UN;140;13.998;261;19/5/2026;19/5/2026;1001;1;B010;1;2404011303;H;COP;1948002
1082959;18001596;4916454815;ETIQUETA COLORES CJX6ROLX3800UN;1;100;261;19/5/2026;19/5/2026;1001;1;B010;1;2404011303;H;COP;1948002
1082959;18001596;4916454892;ETIQUETA COLORES CJX6ROLX3800UN;1;100;261;19/5/2026;19/5/2026;1001;1;B010;1;2404011303;H;COP;1948002
1082959;18001596;4916455109;ETIQUETA COLORES CJX6ROLX3800UN;1;100;261;19/5/2026;19/5/2026;1001;1;B010;1;2404011303;H;COP;1948002
1082959;18001596;4916455389;ETIQUETA COLORES CJX6ROLX3800UN;1;100;261;19/5/2026;19/5/2026;1001;1;B010;1;2404011303;H;COP;1948002
1082959;18001596;4916455492;ETIQUETA COLORES CJX6ROLX3800UN;1;100;261;19/5/2026;19/5/2026;1001;1;B010;1;2404011303;H;COP;1948002
1082959;18001596;4916455507;ETIQUETA COLORES CJX6ROLX3800UN;1;100;261;19/5/2026;19/5/2026;1001;1;B010;1;2404011303;H;COP;1948002
1082959;18001596;4916455634;ETIQUETA COLORES CJX6ROLX3800UN;1;100;261;19/5/2026;19/5/2026;1001;1;B010;1;2404011303;H;COP;1948002
1082959;18001596;4916455692;ETIQUETA COLORES CJX6ROLX3800UN;1;100;261;19/5/2026;19/5/2026;1001;1;B010;1;2404011303;H;COP;1948002
1082959;18001596;4916455702;ETIQUETA COLORES CJX6ROLX3800UN;70;6.999;261;19/5/2026;19/5/2026;1001;1;B010;1;2404011303;H;COP;1948002
1082959;18001596;4916455800;ETIQUETA COLORES CJX6ROLX3800UN;1;100;261;19/5/2026;19/5/2026;1001;1;B010;1;2404011303;H;COP;1948002
1082959;18001596;4916455805;ETIQUETA COLORES CJX6ROLX3800UN;1;100;261;19/5/2026;19/5/2026;1001;1;B010;1;2404011303;H;COP;1948002
1082959;18001596;4916456284;ETIQUETA COLORES CJX6ROLX3800UN;1;100;261;19/5/2026;19/5/2026;1001;1;B010;1;2404011303;H;COP;1948002
1082959;18001596;4916456385;ETIQUETA COLORES CJX6ROLX3800UN;1;100;261;19/5/2026;19/5/2026;1001;1;B010;1;2404011303;H;COP;1948002
1082959;18001596;4916456530;ETIQUETA COLORES CJX6ROLX3800UN;1;100;261;19/5/2026;19/5/2026;1001;1;B010;1;2404011303;H;COP;1948002
1082959;18001596;4916456585;ETIQUETA COLORES CJX6ROLX3800UN;1;100;261;19/5/2026;19/5/2026;1001;1;B010;1;2404011303;H;COP;1948002
1082959;18001596;4916456701;ETIQUETA COLORES CJX6ROLX3800UN;1;100;261;19/5/2026;19/5/2026;1001;1;B010;1;2404011303;H;COP;1948002
1082959;18001596;4916456821;ETIQUETA COLORES CJX6ROLX3800UN;1;100;261;19/5/2026;19/5/2026;1001;1;B010;1;2404011303;H;COP;1948002
1082959;18001596;4916456945;ETIQUETA COLORES CJX6ROLX3800UN;1;100;261;19/5/2026;19/5/2026;1001;1;B010;1;2404011303;H;COP;1948002
1082959;18001596;4916457115;ETIQUETA COLORES CJX6ROLX3800UN;1;100;261;19/5/2026;19/5/2026;1001;1;B010;1;2404011303;H;COP;1948002
1082959;18001596;4916457168;ETIQUETA COLORES CJX6ROLX3800UN;1;100;261;19/5/2026;19/5/2026;1001;1;B010;1;2404011303;H;COP;1948002
1082959;18001596;4916457188;ETIQUETA COLORES CJX6ROLX3800UN;1;100;261;19/5/2026;19/5/2026;1001;1;B010;1;2404011303;H;COP;1948002
1082959;18001596;4916457209;ETIQUETA COLORES CJX6ROLX3800UN;1;100;261;19/5/2026;19/5/2026;1001;1;B010;1;2404011303;H;COP;1948002
1082959;18001596;4916457296;ETIQUETA COLORES CJX6ROLX3800UN;1;100;261;19/5/2026;19/5/2026;1001;1;B010;1;2404011303;H;COP;1948002
1082959;18001596;4916457384;ETIQUETA COLORES CJX6ROLX3800UN;2;200;261;19/5/2026;19/5/2026;1001;1;B010;1;2404011303;H;COP;1948002
1082959;18001596;4916457433;ETIQUETA COLORES CJX6ROLX3800UN;1;100;261;19/5/2026;19/5/2026;1001;1;B010;1;2404011303;H;COP;1948002
1082959;18001596;4916457464;ETIQUETA COLORES CJX6ROLX3800UN;1;100;261;19/5/2026;19/5/2026;1001;1;B010;1;2404011303;H;COP;1948002
1082959;18001596;4916457653;ETIQUETA COLORES CJX6ROLX3800UN;1;100;261;19/5/2026;19/5/2026;1001;1;B010;1;2404011303;H;COP;1948002
1082959;18001596;4916457720;ETIQUETA COLORES CJX6ROLX3800UN;1;100;261;19/5/2026;19/5/2026;1001;1;B010;1;2404011303;H;COP;1948002
1082959;18001596;4916457881;ETIQUETA COLORES CJX6ROLX3800UN;1;100;261;19/5/2026;19/5/2026;1001;1;B010;1;2404011303;H;COP;1948002
1082959;18001596;4916458326;ETIQUETA COLORES CJX6ROLX3800UN;1;100;261;19/5/2026;19/5/2026;1001;1;B010;1;2404011303;H;COP;1948002
1082959;18001596;4916458525;ETIQUETA COLORES CJX6ROLX3800UN;1;100;261;19/5/2026;19/5/2026;1001;1;B010;1;2404011303;H;COP;1948002
1082959;18001596;4916458538;ETIQUETA COLORES CJX6ROLX3800UN;1;100;261;19/5/2026;19/5/2026;1001;1;B010;1;2404011303;H;COP;1948002
1082959;18001596;4916458554;ETIQUETA COLORES CJX6ROLX3800UN;1;100;261;19/5/2026;19/5/2026;1001;1;B010;1;2404011303;H;COP;1948002
1082959;18001596;4916458614;ETIQUETA COLORES CJX6ROLX3800UN;1;100;261;19/5/2026;19/5/2026;1001;1;B010;1;2404011303;H;COP;1948002
1082959;18001596;4916458794;ETIQUETA COLORES CJX6ROLX3800UN;1;100;261;19/5/2026;19/5/2026;1001;1;B010;1;2404011303;H;COP;1948002
1082959;18001596;4916458819;ETIQUETA COLORES CJX6ROLX3800UN;1;100;261;19/5/2026;19/5/2026;1001;1;B010;1;2404011303;H;COP;1948002
1082959;18001596;4916458863;ETIQUETA COLORES CJX6ROLX3800UN;1;100;261;19/5/2026;19/5/2026;1001;1;B010;1;2404011303;H;COP;1948002
1082959;18001596;4916458971;ETIQUETA COLORES CJX6ROLX3800UN;1;100;261;19/5/2026;19/5/2026;1001;1;B010;1;2404011303;H;COP;1948002
1082959;18001596;4916458976;ETIQUETA COLORES CJX6ROLX3800UN;1;100;261;19/5/2026;19/5/2026;1001;1;B010;1;2404011303;H;COP;1948002
1082959;18001596;4916459171;ETIQUETA COLORES CJX6ROLX3800UN;1;100;261;19/5/2026;19/5/2026;1001;1;B010;1;2404011303;H;COP;1948002
1082959;18001596;4916459243;ETIQUETA COLORES CJX6ROLX3800UN;1;100;261;19/5/2026;19/5/2026;1001;1;B010;1;2404011303;H;COP;1948002
1082959;18001596;4916459319;ETIQUETA COLORES CJX6ROLX3800UN;1;100;261;19/5/2026;19/5/2026;1001;1;B010;1;2404011303;H;COP;1948002
1082959;18001596;4916459325;ETIQUETA COLORES CJX6ROLX3800UN;1;100;261;19/5/2026;19/5/2026;1001;1;B010;1;2404011303;H;COP;1948002
1082959;18001596;4916459352;ETIQUETA COLORES CJX6ROLX3800UN;1;100;261;19/5/2026;19/5/2026;1001;1;B010;1;2404011303;H;COP;1948002
1082959;18001596;4916459375;ETIQUETA COLORES CJX6ROLX3800UN;1;100;261;19/5/2026;19/5/2026;1001;1;B010;1;2404011303;H;COP;1948002
1082959;18001596;4916459378;ETIQUETA COLORES CJX6ROLX3800UN;1;100;261;19/5/2026;19/5/2026;1001;1;B010;1;2404011303;H;COP;1948002
1082959;18001596;4916459389;ETIQUETA COLORES CJX6ROLX3800UN;2;200;261;19/5/2026;19/5/2026;1001;1;B010;1;2404011303;H;COP;1948002
1082959;18001596;4916459397;ETIQUETA COLORES CJX6ROLX3800UN;1;100;261;19/5/2026;19/5/2026;1001;1;B010;1;2404011303;H;COP;1948002
1082959;18001596;4916459409;ETIQUETA COLORES CJX6ROLX3800UN;1;100;261;19/5/2026;19/5/2026;1001;1;B010;1;2404011303;H;COP;1948002
1082959;18001596;4916459430;ETIQUETA COLORES CJX6ROLX3800UN;1;100;261;19/5/2026;19/5/2026;1001;1;B010;1;2404011303;H;COP;1948002
1082959;18001596;4916459554;ETIQUETA COLORES CJX6ROLX3800UN;1;100;261;19/5/2026;19/5/2026;1001;1;B010;1;2404011303;H;COP;1948002
1082959;18001612;4916475835;CINTA DE RESINA 110*450M ROLX45000CM;3.245,800;0;261;21/5/2026;21/5/2026;1001;1;B010;1;2603311297;H;COP;1948002
1082959;18001590;4916475835;BOLSA FUNDA PERFORADA BTOX10BOLX100UN;210;48.270;261;21/5/2026;21/5/2026;1004;2;B010;2;2604291332;H;COP;0
1082959;12002547;5001986029;CARNE FILETE DE POLLO;-203,600;-2.998.621;101;19/5/2026;19/5/2026;1001;4;B010;1;2605190169;S;COP;0
1082959;12002547;5001986074;CARNE FILETE DE POLLO;-207,200;-3.051.642;101;19/5/2026;19/5/2026;1001;4;B010;1;2605190169;S;COP;0
1082959;12002547;5001986102;CARNE FILETE DE POLLO;-200,400;-2.951.491;101;19/5/2026;19/5/2026;1001;4;B010;1;2605190169;S;COP;0
1082959;12002547;5001986131;CARNE FILETE DE POLLO;-195;-2.871.960;101;19/5/2026;19/5/2026;1001;4;B010;1;2605190169;S;COP;0
1082959;12002547;5001986163;CARNE FILETE DE POLLO;-186,600;-2.748.245;101;19/5/2026;19/5/2026;1001;4;B010;1;2605190169;S;COP;0
1082959;12002547;5001986186;CARNE FILETE DE POLLO;-177,700;-2.617.166;101;19/5/2026;19/5/2026;1001;4;B010;1;2605190169;S;COP;0
1082959;12002547;5001986199;CARNE FILETE DE POLLO;-195,900;-2.885.215;101;19/5/2026;19/5/2026;1001;4;B010;1;2605190169;S;COP;0
1082959;12002547;5001986313;CARNE FILETE DE POLLO;-193,600;-2.851.341;101;19/5/2026;19/5/2026;1001;4;B010;1;2605190169;S;COP;0
1082959;12002547;5001986353;CARNE FILETE DE POLLO;-202,700;-2.985.366;101;19/5/2026;19/5/2026;1001;4;B010;1;2605190169;S;COP;0
1082959;12002547;5001986375;CARNE FILETE DE POLLO;-200,400;-2.951.491;101;19/5/2026;19/5/2026;1001;4;B010;1;2605190169;S;COP;0
1082959;12002547;5001986420;CARNE FILETE DE POLLO;-205,100;-3.020.713;101;19/5/2026;19/5/2026;1001;4;B010;1;2605190169;S;COP;0
1082959;12002547;5001986480;CARNE FILETE DE POLLO;-201,100;-2.961.801;101;19/5/2026;19/5/2026;1001;4;B010;1;2605190169;S;COP;0
1082959;12002547;5001986498;CARNE FILETE DE POLLO;-213,500;-3.144.428;101;19/5/2026;19/5/2026;1001;4;B010;1;2605190169;S;COP;0
1082959;12002547;5001986501;CARNE FILETE DE POLLO;-201,200;-2.963.274;101;19/5/2026;19/5/2026;1001;4;B010;1;2605190169;S;COP;0
1082959;12002547;5001986504;CARNE FILETE DE POLLO;-189,400;-2.789.483;101;19/5/2026;19/5/2026;1001;4;B010;1;2605190169;S;COP;0
1082959;12002547;5001986534;CARNE FILETE DE POLLO;-206,200;-3.036.914;101;19/5/2026;19/5/2026;1001;4;B010;1;2605190169;S;COP;0
1082959;12002547;5001986541;CARNE FILETE DE POLLO;-210;-3.092.880;101;19/5/2026;19/5/2026;1001;4;B010;1;2605190169;S;COP;0
1082959;12002547;5001986765;CARNE FILETE DE POLLO;-194,200;-2.860.178;101;19/5/2026;19/5/2026;1001;4;B010;1;2605190169;S;COP;0
1082959;12002547;5001986766;CARNE FILETE DE POLLO;-212,500;-3.129.700;101;19/5/2026;19/5/2026;1001;4;B010;1;2605190169;S;COP;0
1082959;12002547;5001986771;CARNE FILETE DE POLLO;-212,700;-3.132.646;101;19/5/2026;19/5/2026;1001;4;B010;1;2605190169;S;COP;0
1082959;12002547;5001987108;CARNE FILETE DE POLLO;-206;-3.033.968;101;19/5/2026;19/5/2026;1001;4;B010;1;2605190169;S;COP;0
1082959;12002547;5001987178;CARNE FILETE DE POLLO;-198,300;-2.920.562;101;19/5/2026;19/5/2026;1001;4;B010;1;2605190169;S;COP;0
1082959;12002547;5001987213;CARNE FILETE DE POLLO;-197,700;-2.911.726;101;19/5/2026;19/5/2026;1001;4;B010;1;2605190169;S;COP;0
1082959;12002547;5001987254;CARNE FILETE DE POLLO;-190,500;-2.805.684;101;19/5/2026;19/5/2026;1001;4;B010;1;2605190169;S;COP;0
1082959;12002547;5001987256;CARNE FILETE DE POLLO;-108,200;-1.593.570;101;19/5/2026;19/5/2026;1001;4;B010;1;2605190169;S;COP;0
1082959;12002547;5001987259;CARNE FILETE DE POLLO;-148,700;-2.190.054;101;19/5/2026;19/5/2026;1001;4;B010;1;2605190169;S;COP;0
1082959;12002547;5001987269;CARNE FILETE DE POLLO;-93,500;-1.377.068;101;19/5/2026;19/5/2026;1001;4;B010;1;2605190169;S;COP;0
1082959;12002547;5001987270;CARNE FILETE DE POLLO;-80,100;-1.179.713;101;19/5/2026;19/5/2026;1001;4;B010;1;2605190169;S;COP;0
1082959;12002547;5001987293;CARNE FILETE DE POLLO;-57,900;-852.751;101;19/5/2026;19/5/2026;1001;4;B010;1;2605190169;S;COP;0
1082959;12002547;5001989428;CARNE FILETE DE POLLO;558,200;8.221.169;102;21/5/2026;21/5/2026;1001;4;B010;1;2605190169;H;COP;0
1082960;12002547;4916453536;CARNE FILETE DE POLLO;196,600;2.895.525;261;19/5/2026;19/5/2026;1001;1;B010;1;2605180252;H;COP;1948003
1082960;12002547;4916453538;CARNE FILETE DE POLLO;189,200;2.786.538;261;19/5/2026;19/5/2026;1001;1;B010;1;2605180252;H;COP;1948003
1082960;12002547;4916453542;CARNE FILETE DE POLLO;189,300;2.788.010;261;19/5/2026;19/5/2026;1001;1;B010;1;2605180252;H;COP;1948003
1082960;12002547;4916453543;CARNE FILETE DE POLLO;190,500;2.805.684;261;19/5/2026;19/5/2026;1001;1;B010;1;2605180252;H;COP;1948003
1082960;12002547;4916453547;CARNE FILETE DE POLLO;203,700;3.000.093;261;19/5/2026;19/5/2026;1001;1;B010;1;2605180252;H;COP;1948003
1082960;12002547;4916453549;CARNE FILETE DE POLLO;76,600;1.128.165;261;19/5/2026;19/5/2026;1001;1;B010;1;2605180252;H;COP;1948003
1082960;12002547;4916453551;CARNE FILETE DE POLLO;188,900;2.782.119;261;19/5/2026;19/5/2026;1001;1;B010;1;2605180252;H;COP;1948003
1082960;12002547;4916454447;CARNE FILETE DE POLLO;200,300;2.950.018;261;19/5/2026;19/5/2026;1001;1;B010;1;2605180252;H;COP;1948003
1082960;12002547;4916454448;CARNE FILETE DE POLLO;207,200;3.051.642;261;19/5/2026;19/5/2026;1001;1;B010;1;2605180252;H;COP;1948003
1082960;12002547;4916454847;CARNE FILETE DE POLLO;200,400;2.951.491;261;19/5/2026;19/5/2026;1001;1;B010;1;2605190169;H;COP;1948003
1082960;12002547;4916455256;CARNE FILETE DE POLLO;207,200;3.051.642;261;19/5/2026;19/5/2026;1001;1;B010;1;2605190169;H;COP;1948003
1082960;12002547;4916455257;CARNE FILETE DE POLLO;195;2.871.960;261;19/5/2026;19/5/2026;1001;1;B010;1;2605190169;H;COP;1948003
1082960;12002547;4916455459;CARNE FILETE DE POLLO;203,600;2.998.621;261;19/5/2026;19/5/2026;1001;1;B010;1;2605190169;H;COP;1948003
1082960;12002547;4916456324;CARNE FILETE DE POLLO;195,900;2.885.215;261;19/5/2026;19/5/2026;1001;1;B010;1;2605190169;H;COP;1948003
1082960;12002547;4916456572;CARNE FILETE DE POLLO;202,700;2.985.366;261;19/5/2026;19/5/2026;1001;1;B010;1;2605190169;H;COP;1948003
1082960;12002547;4916456967;CARNE FILETE DE POLLO;177,700;2.617.166;261;19/5/2026;19/5/2026;1001;1;B010;1;2605190169;H;COP;1948003
1082960;12002547;4916457206;CARNE FILETE DE POLLO;201,100;2.961.801;261;19/5/2026;19/5/2026;1001;1;B010;1;2605190169;H;COP;1948003
1082960;12002547;4916458291;CARNE FILETE DE POLLO;210;3.092.880;261;19/5/2026;19/5/2026;1001;1;B010;1;2605190169;H;COP;1948003
1082960;12002547;4916458296;CARNE FILETE DE POLLO;206,200;3.036.914;261;19/5/2026;19/5/2026;1001;1;B010;1;2605190169;H;COP;1948003
1082960;12002547;4916458575;CARNE FILETE DE POLLO;212,700;3.132.646;261;19/5/2026;19/5/2026;1001;1;B010;1;2605190169;H;COP;1948003
1082960;12002547;4916458913;CARNE FILETE DE POLLO;212,500;3.129.700;261;19/5/2026;19/5/2026;1001;1;B010;1;2605190169;H;COP;1948003
1082960;12002547;4916459211;CARNE FILETE DE POLLO;198,300;2.920.562;261;19/5/2026;19/5/2026;1001;1;B010;1;2605190169;H;COP;1948003
1082960;12002547;4916475827;CARNE FILETE DE POLLO;-645,200;-9.502.506;262;21/5/2026;21/5/2026;1001;1;B010;1;2605190169;S;COP;1948003
1082960;13000366;4916457877;CARNE INDUSTRIAL DE POLLO;-140;-140.000;531;19/5/2026;19/5/2026;1001;1;B010;1;2605190170;S;COP;1948003
1082960;13000366;4916459425;CARNE INDUSTRIAL DE POLLO;-80;-80.000;531;19/5/2026;19/5/2026;1001;1;B010;1;2605190170;S;COP;1948003
1082960;18001596;4916453648;ETIQUETA COLORES CJX6ROLX3800UN;1;100;261;19/5/2026;19/5/2026;1001;1;B010;1;2404011303;H;COP;1948003
1082960;18001596;4916453867;ETIQUETA COLORES CJX6ROLX3800UN;1;100;261;19/5/2026;19/5/2026;1001;1;B010;1;2404011303;H;COP;1948003
1082960;18001596;4916454020;ETIQUETA COLORES CJX6ROLX3800UN;1;100;261;19/5/2026;19/5/2026;1001;1;B010;1;2404011303;H;COP;1948003
1082960;18001596;4916454439;ETIQUETA COLORES CJX6ROLX3800UN;1;100;261;19/5/2026;19/5/2026;1001;1;B010;1;2404011303;H;COP;1948003
1082960;18001596;4916454629;ETIQUETA COLORES CJX6ROLX3800UN;1;100;261;19/5/2026;19/5/2026;1001;1;B010;1;2404011303;H;COP;1948003
1082960;18001596;4916454709;ETIQUETA COLORES CJX6ROLX3800UN;1;100;261;19/5/2026;19/5/2026;1001;1;B010;1;2404011303;H;COP;1948003
1082960;18001596;4916454989;ETIQUETA COLORES CJX6ROLX3800UN;1;100;261;19/5/2026;19/5/2026;1001;1;B010;1;2404011303;H;COP;1948003
1082960;18001596;4916455432;ETIQUETA COLORES CJX6ROLX3800UN;1;100;261;19/5/2026;19/5/2026;1001;1;B010;1;2404011303;H;COP;1948003
1082960;18001596;4916455450;ETIQUETA COLORES CJX6ROLX3800UN;1;100;261;19/5/2026;19/5/2026;1001;1;B010;1;2404011303;H;COP;1948003
1082960;18001596;4916455886;ETIQUETA COLORES CJX6ROLX3800UN;1;100;261;19/5/2026;19/5/2026;1001;1;B010;1;2404011303;H;COP;1948003
1082960;18001596;4916456070;ETIQUETA COLORES CJX6ROLX3800UN;1;100;261;19/5/2026;19/5/2026;1001;1;B010;1;2404011303;H;COP;1948003
1082960;18001596;4916456247;ETIQUETA COLORES CJX6ROLX3800UN;1;100;261;19/5/2026;19/5/2026;1001;1;B010;1;2404011303;H;COP;1948003
1082960;18001596;4916456752;ETIQUETA COLORES CJX6ROLX3800UN;1;100;261;19/5/2026;19/5/2026;1001;1;B010;1;2404011303;H;COP;1948003
1082960;18001596;4916456760;ETIQUETA COLORES CJX6ROLX3800UN;1;100;261;19/5/2026;19/5/2026;1001;1;B010;1;2404011303;H;COP;1948003
1082960;18001596;4916456843;ETIQUETA COLORES CJX6ROLX3800UN;21;2.100;261;19/5/2026;19/5/2026;1001;1;B010;1;2404011303;H;COP;1948003
1082960;18001596;4916456997;ETIQUETA COLORES CJX6ROLX3800UN;1;100;261;19/5/2026;19/5/2026;1001;1;B010;1;2404011303;H;COP;1948003
1082960;18001596;4916457038;ETIQUETA COLORES CJX6ROLX3800UN;1;100;261;19/5/2026;19/5/2026;1001;1;B010;1;2404011303;H;COP;1948003
1082960;18001596;4916457044;ETIQUETA COLORES CJX6ROLX3800UN;1;100;261;19/5/2026;19/5/2026;1001;1;B010;1;2404011303;H;COP;1948003
1082960;18001596;4916457812;ETIQUETA COLORES CJX6ROLX3800UN;1;100;261;19/5/2026;19/5/2026;1001;1;B010;1;2404011303;H;COP;1948003
1082960;18001596;4916457872;ETIQUETA COLORES CJX6ROLX3800UN;1;100;261;19/5/2026;19/5/2026;1001;1;B010;1;2404011303;H;COP;1948003
1082960;18001596;4916458239;ETIQUETA COLORES CJX6ROLX3800UN;2;200;261;19/5/2026;19/5/2026;1001;1;B010;1;2404011303;H;COP;1948003
1082960;18001596;4916458373;ETIQUETA COLORES CJX6ROLX3800UN;1;100;261;19/5/2026;19/5/2026;1001;1;B010;1;2404011303;H;COP;1948003
1082960;18001596;4916458381;ETIQUETA COLORES CJX6ROLX3800UN;1;100;261;19/5/2026;19/5/2026;1001;1;B010;1;2404011303;H;COP;1948003
1082960;18001596;4916458751;ETIQUETA COLORES CJX6ROLX3800UN;1;100;261;19/5/2026;19/5/2026;1001;1;B010;1;2404011303;H;COP;1948003
1082960;18001596;4916458877;ETIQUETA COLORES CJX6ROLX3800UN;1;100;261;19/5/2026;19/5/2026;1001;1;B010;1;2404011303;H;COP;1948003
1082960;18001596;4916458899;ETIQUETA COLORES CJX6ROLX3800UN;1;100;261;19/5/2026;19/5/2026;1001;1;B010;1;2404011303;H;COP;1948003
1082960;18001596;4916459109;ETIQUETA COLORES CJX6ROLX3800UN;1;100;261;19/5/2026;19/5/2026;1001;1;B010;1;2404011303;H;COP;1948003
1082960;18001596;4916459353;ETIQUETA COLORES CJX6ROLX3800UN;1;100;261;19/5/2026;19/5/2026;1001;1;B010;1;2404011303;H;COP;1948003
1082960;18001596;4916459355;ETIQUETA COLORES CJX6ROLX3800UN;1;100;261;19/5/2026;19/5/2026;1001;1;B010;1;2404011303;H;COP;1948003
1082960;18001596;4916459362;ETIQUETA COLORES CJX6ROLX3800UN;1;100;261;19/5/2026;19/5/2026;1001;1;B010;1;2404011303;H;COP;1948003
1082960;18001596;4916459423;ETIQUETA COLORES CJX6ROLX3800UN;1;100;261;19/5/2026;19/5/2026;1001;1;B010;1;2404011303;H;COP;1948003
1082960;18001596;4916459427;ETIQUETA COLORES CJX6ROLX3800UN;1;100;261;19/5/2026;19/5/2026;1001;1;B010;1;2404011303;H;COP;1948003
1082960;18001596;4916475865;ETIQUETA COLORES CJX6ROLX3800UN;510;50.994;261;21/5/2026;21/5/2026;1001;1;B010;2;2404011303;H;COP;1948003
1082960;18001612;4916475865;CINTA DE RESINA 110*450M ROLX45000CM;4.525,500;0;261;21/5/2026;21/5/2026;1001;1;B010;1;2603311297;H;COP;1948003
1082960;12002511;4916475865;PECHUGA DESCONGELADA;58,200;877.481;261;21/5/2026;21/5/2026;1001;2;B010;3;2605081566;H;COP;0
1082960;12002511;4916475865;PECHUGA DESCONGELADA;424,800;6.404.710;261;21/5/2026;21/5/2026;1001;2;B010;4;2605110361;H;COP;0
1082960;12002548;5001986016;CARNE POLLO CORTADA PARA POP CORN;-192,300;-2.964.305;101;19/5/2026;19/5/2026;1001;4;B010;1;2605190170;S;COP;0
1082960;12002548;5001986081;CARNE POLLO CORTADA PARA POP CORN;-90,300;-1.391.975;101;19/5/2026;19/5/2026;1001;4;B010;1;2605190170;S;COP;0
1082960;12002548;5001986087;CARNE POLLO CORTADA PARA POP CORN;-161;-2.481.815;101;19/5/2026;19/5/2026;1001;4;B010;1;2605190170;S;COP;0
1082960;12002548;5001986114;CARNE POLLO CORTADA PARA POP CORN;-176,900;-2.726.914;101;19/5/2026;19/5/2026;1001;4;B010;1;2605190170;S;COP;0
1082960;12002548;5001986175;CARNE POLLO CORTADA PARA POP CORN;-166,100;-2.560.432;101;19/5/2026;19/5/2026;1001;4;B010;1;2605190170;S;COP;0
1082960;12002548;5001986252;CARNE POLLO CORTADA PARA POP CORN;-170,100;-2.622.092;101;19/5/2026;19/5/2026;1001;4;B010;1;2605190170;S;COP;0
1082960;12002548;5001986282;CARNE POLLO CORTADA PARA POP CORN;-165;-2.543.475;101;19/5/2026;19/5/2026;1001;4;B010;1;2605190170;S;COP;0
1082960;12002548;5001986308;CARNE POLLO CORTADA PARA POP CORN;-163,800;-2.524.977;101;19/5/2026;19/5/2026;1001;4;B010;1;2605190170;S;COP;0
1082960;12002548;5001986383;CARNE POLLO CORTADA PARA POP CORN;-136,300;-2.101.065;101;19/5/2026;19/5/2026;1001;4;B010;1;2605190170;S;COP;0
1082960;12002548;5001986450;CARNE POLLO CORTADA PARA POP CORN;-127,600;-1.966.954;101;19/5/2026;19/5/2026;1001;4;B010;1;2605190170;S;COP;0
1082960;12002548;5001986455;CARNE POLLO CORTADA PARA POP CORN;-124,600;-1.920.709;101;19/5/2026;19/5/2026;1001;4;B010;1;2605190170;S;COP;0
1082960;12002548;5001986719;CARNE POLLO CORTADA PARA POP CORN;-155,800;-2.401.657;101;19/5/2026;19/5/2026;1001;4;B010;1;2605190170;S;COP;0
1082960;12002548;5001986724;CARNE POLLO CORTADA PARA POP CORN;-169,100;-2.606.677;101;19/5/2026;19/5/2026;1001;4;B010;1;2605190170;S;COP;0
1082960;12002548;5001987260;CARNE POLLO CORTADA PARA POP CORN;-161,900;-2.495.689;101;19/5/2026;19/5/2026;1001;4;B010;1;2605190170;S;COP;0
1082960;12002548;5001987261;CARNE POLLO CORTADA PARA POP CORN;-135,400;-2.087.191;101;19/5/2026;19/5/2026;1001;4;B010;1;2605190170;S;COP;0
1082960;14002437;5001986382;CARNE PARA KENTUCKY SANDWNCH;-133;-2.252.355;101;19/5/2026;19/5/2026;1001;4;B010;1;2605190173;S;COP;0
1082960;14002437;5001986436;CARNE PARA KENTUCKY SANDWNCH;-133;-2.252.355;101;19/5/2026;19/5/2026;1001;4;B010;1;2605190173;S;COP;0
1082960;14002437;5001986594;CARNE PARA KENTUCKY SANDWNCH;-52,100;-882.314;101;19/5/2026;19/5/2026;1001;4;B010;1;2605190173;S;COP;0
1082960;14002440;5001985949;CARNE DE STRIPS;-133;-2.182.663;101;19/5/2026;19/5/2026;1001;4;B010;1;2605190171;S;COP;0
1082960;14002440;5001985990;CARNE DE STRIPS;-133;-2.182.663;101;19/5/2026;19/5/2026;1001;4;B010;1;2605190171;S;COP;0
1082960;14002440;5001986069;CARNE DE STRIPS;-67,400;-1.106.101;101;19/5/2026;19/5/2026;1001;4;B010;1;2605190171;S;COP;0
1082960;14002440;5001987134;CARNE DE STRIPS;-87,100;-1.429.398;101;19/5/2026;19/5/2026;1001;4;B010;1;2605190171;S;COP;0
1082960;14002440;5001987198;CARNE DE STRIPS;-133;-2.182.663;101;19/5/2026;19/5/2026;1001;4;B010;1;2605190171;S;COP;0
1082960;14002440;5001987262;CARNE DE STRIPS;-159,900;-2.624.119;101;19/5/2026;19/5/2026;1001;4;B010;1;2605190171;S;COP;0
1082960;14002446;5001986170;CARNE BIG CRUNCH;-52,100;-835.059;101;19/5/2026;19/5/2026;1001;4;B010;1;2605190174;S;COP;0
1082960;14002446;5001986687;CARNE BIG CRUNCH;-133;-2.131.724;101;19/5/2026;19/5/2026;1001;4;B010;1;2605190174;S;COP;0
1082960;14002446;5001986688;CARNE BIG CRUNCH;-133;-2.131.724;101;19/5/2026;19/5/2026;1001;4;B010;1;2605190174;S;COP;0
1082960;14002446;5001987045;CARNE BIG CRUNCH;-133;-2.131.724;101;19/5/2026;19/5/2026;1001;4;B010;1;2605190174;S;COP;0
1082960;14002446;5001987153;CARNE BIG CRUNCH;-32,400;-519.307;101;19/5/2026;19/5/2026;1001;4;B010;1;2605190174;S;COP;0
1082961;11001135;4916458543;MARINADO PICANTE CJX25UN;13;370.904;261;19/5/2026;19/5/2026;1001;1;B010;2;2604221405;H;COP;1948004
1082961;11001135;4916459649;MARINADO PICANTE CJX25UN;94;2.681.922;261;19/5/2026;19/5/2026;1001;1;B010;1;2604291046;H;COP;1948004
1082961;11001135;4916459649;MARINADO PICANTE CJX25UN;35;998.588;261;19/5/2026;19/5/2026;1001;1;B010;2;2605070456;H;COP;1948004
1082961;12002532;4916453731;ALAS CORTADAS POLLO;403,600;4.287.846;261;19/5/2026;19/5/2026;1001;1;B010;1;2605180200;H;COP;1948004
1082961;12002532;4916454616;ALAS CORTADAS POLLO;790,400;8.397.210;261;19/5/2026;19/5/2026;1001;1;B010;1;2605150121;H;COP;1948004
1082961;12002532;4916454650;ALAS CORTADAS POLLO;132,500;1.407.680;261;19/5/2026;19/5/2026;1001;1;B010;1;2605150121;H;COP;1948004
1082961;12002532;4916458500;ALAS CORTADAS POLLO;802,900;8.530.009;261;19/5/2026;19/5/2026;1001;1;B010;1;2605160083;H;COP;1948004
1082961;12002532;4916459650;ALAS CORTADAS POLLO;-395,800;-4.204.979;262;19/5/2026;19/5/2026;1001;1;B010;1;2605180200;S;COP;1948004
1082961;18001585;4916458543;BOLSA FUNDA BTOX10BOLX100UN;13;2.796;261;19/5/2026;19/5/2026;1001;1;B010;4;2604151095;H;COP;1948004
1082961;18001585;4916459518;BOLSA FUNDA BTOX10BOLX100UN;10;2.151;261;19/5/2026;19/5/2026;1001;1;B010;3;2604151095;H;COP;1948004
1082961;18001585;4916459649;BOLSA FUNDA BTOX10BOLX100UN;152;32.689;261;19/5/2026;19/5/2026;1001;1;B010;4;2604151095;H;COP;1948004
1082961;18001586;4916458543;BOLSA FUELLE  BTOX50BOLX100UN;186;10.212;261;19/5/2026;19/5/2026;1001;1;B010;3;2604291357;H;COP;1948004
1082961;18001586;4916459518;BOLSA FUELLE  BTOX50BOLX100UN;150;8.235;261;19/5/2026;19/5/2026;1001;1;B010;2;2604291357;H;COP;1948004
1082961;18001586;4916459649;BOLSA FUELLE  BTOX50BOLX100UN;1.245;68.354;261;19/5/2026;19/5/2026;1001;1;B010;3;2604291357;H;COP;1948004
1082961;18001602;4916453232;ETIQUETA TERMICA CJX4ROLX2605UN;200;9.600;261;19/5/2026;19/5/2026;1001;1;B010;1;2604290726;H;COP;1948004
1082961;18001602;4916453236;ETIQUETA TERMICA CJX4ROLX2605UN;200;9.600;261;19/5/2026;19/5/2026;1001;1;B010;1;2604290726;H;COP;1948004
1082961;18001602;4916453237;ETIQUETA TERMICA CJX4ROLX2605UN;200;9.600;261;19/5/2026;19/5/2026;1001;1;B010;1;2604290726;H;COP;1948004
1082961;18001602;4916453241;ETIQUETA TERMICA CJX4ROLX2605UN;200;9.600;261;19/5/2026;19/5/2026;1001;1;B010;1;2604290726;H;COP;1948004
1082961;18001602;4916453772;ETIQUETA TERMICA CJX4ROLX2605UN;300;14.400;261;19/5/2026;19/5/2026;1001;1;B010;1;2604290726;H;COP;1948004
1082961;18001602;4916453775;ETIQUETA TERMICA CJX4ROLX2605UN;300;14.400;261;19/5/2026;19/5/2026;1001;1;B010;1;2604290726;H;COP;1948004
1082961;18001602;4916454445;ETIQUETA TERMICA CJX4ROLX2605UN;300;14.400;261;19/5/2026;19/5/2026;1001;1;B010;1;2604290726;H;COP;1948004
1082961;18001602;4916454519;ETIQUETA TERMICA CJX4ROLX2605UN;300;14.400;261;19/5/2026;19/5/2026;1001;1;B010;1;2604290726;H;COP;1948004
1082961;18001612;4916458543;CINTA DE RESINA 110*450M ROLX45000CM;930;0;261;19/5/2026;19/5/2026;1001;1;B010;5;2603311297;H;COP;1948004
1082961;18001612;4916459518;CINTA DE RESINA 110*450M ROLX45000CM;750;0;261;19/5/2026;19/5/2026;1001;1;B010;4;2603311297;H;COP;1948004
1082961;18001612;4916459649;CINTA DE RESINA 110*450M ROLX45000CM;2.145,800;0;261;19/5/2026;19/5/2026;1001;1;B010;5;2603311297;H;COP;1948004
1082961;14002429;4916453874;ALAS HOT WINGS BOL(40UN);-300;-4.722.900;101;19/5/2026;19/5/2026;1001;4;B010;1;2605190175;S;COP;0
1082961;14002429;4916454531;ALAS HOT WINGS BOL(40UN);-150;-2.361.450;101;19/5/2026;19/5/2026;1001;4;B010;1;2605190175;S;COP;0
1082961;14002429;4916454716;ALAS HOT WINGS BOL(40UN);-150;-2.361.450;101;19/5/2026;19/5/2026;1001;4;B010;1;2605190175;S;COP;0
1082961;14002429;4916454749;ALAS HOT WINGS BOL(40UN);-150;-2.361.450;101;19/5/2026;19/5/2026;1001;4;B010;1;2605190175;S;COP;0
1082961;14002429;4916455155;ALAS HOT WINGS BOL(40UN);-103;-1.621.529;101;19/5/2026;19/5/2026;1001;4;B010;1;2605190175;S;COP;0
1082961;14002429;4916458543;ALAS HOT WINGS BOL(40UN);-186;-2.928.198;101;19/5/2026;19/5/2026;1001;4;B010;1;2605190175;S;COP;0
1082961;14002429;4916459518;ALAS HOT WINGS BOL(40UN);-150;-2.361.450;101;19/5/2026;19/5/2026;1001;4;B010;1;2605190175;S;COP;0
1082962;11000341;4916458127;MARINADOR CRISPY 15.66KG CJX60UN;2;7.153;261;19/5/2026;19/5/2026;1001;1;B010;2;2604291174;H;COP;1948005
1082962;11000341;4916458127;MARINADOR CRISPY 15.66KG CJX60UN;93;332.619;261;19/5/2026;19/5/2026;1001;1;B010;3;2604291170;H;COP;1948005
1082962;11000341;4916459532;MARINADOR CRISPY 15.66KG CJX60UN;71;253.935;261;19/5/2026;19/5/2026;1001;1;B010;2;2604291170;H;COP;1948005
1082962;12002548;4916457406;CARNE POLLO CORTADA PARA POP CORN;1.282,200;19.765.116;261;19/5/2026;19/5/2026;1001;1;B010;1;2605190170;H;COP;1948005
1082962;12002548;4916457412;CARNE POLLO CORTADA PARA POP CORN;289,200;4.458.019;261;19/5/2026;19/5/2026;1001;1;B010;1;2605180261;H;COP;1948005
1082962;12002548;4916459239;CARNE POLLO CORTADA PARA POP CORN;449,500;6.929.043;261;19/5/2026;19/5/2026;1001;1;B010;1;2605190170;H;COP;1948005
1082962;12002548;4916459634;CARNE POLLO CORTADA PARA POP CORN;130,300;2.008.575;261;19/5/2026;19/5/2026;1001;1;B010;1;2605180261;H;COP;1948005
1082962;12002548;4916459634;CARNE POLLO CORTADA PARA POP CORN;265,200;4.088.058;261;19/5/2026;19/5/2026;1001;1;B010;2;2605190170;H;COP;1948005
1082962;18001585;4916458127;BOLSA FUNDA BTOX10BOLX100UN;86;18.495;261;19/5/2026;19/5/2026;1001;1;B010;5;2604151095;H;COP;1948005
1082962;18001585;4916459532;BOLSA FUNDA BTOX10BOLX100UN;73;15.699;261;19/5/2026;19/5/2026;1001;1;B010;4;2604151095;H;COP;1948005
1082962;18001586;4916458127;BOLSA FUELLE  BTOX50BOLX100UN;1.680;92.236;261;19/5/2026;19/5/2026;1001;1;B010;4;2604291357;H;COP;1948005
1082962;18001586;4916459532;BOLSA FUELLE  BTOX50BOLX100UN;1.415;77.687;261;19/5/2026;19/5/2026;1001;1;B010;3;2604291357;H;COP;1948005
1082962;18001602;4916453436;ETIQUETA TERMICA CJX4ROLX2605UN;200;9.600;261;19/5/2026;19/5/2026;1001;1;B010;1;2604290726;H;COP;1948005
1082962;18001602;4916453447;ETIQUETA TERMICA CJX4ROLX2605UN;200;9.600;261;19/5/2026;19/5/2026;1001;1;B010;1;2604290726;H;COP;1948005
1082962;18001602;4916453574;ETIQUETA TERMICA CJX4ROLX2605UN;200;9.600;261;19/5/2026;19/5/2026;1001;1;B010;1;2604290726;H;COP;1948005
1082962;18001602;4916453591;ETIQUETA TERMICA CJX4ROLX2605UN;200;9.600;261;19/5/2026;19/5/2026;1001;1;B010;1;2604290726;H;COP;1948005
1082962;18001602;4916455161;ETIQUETA TERMICA CJX4ROLX2605UN;300;14.400;261;19/5/2026;19/5/2026;1001;1;B010;1;2604290726;H;COP;1948005
1082962;18001602;4916455167;ETIQUETA TERMICA CJX4ROLX2605UN;300;14.400;261;19/5/2026;19/5/2026;1001;1;B010;1;2604290726;H;COP;1948005
1082962;18001602;4916455191;ETIQUETA TERMICA CJX4ROLX2605UN;300;14.400;261;19/5/2026;19/5/2026;1001;1;B010;1;2604290726;H;COP;1948005
1082962;18001602;4916456127;ETIQUETA TERMICA CJX4ROLX2605UN;300;14.400;261;19/5/2026;19/5/2026;1001;1;B010;1;2604290726;H;COP;1948005
1082962;18001602;4916456133;ETIQUETA TERMICA CJX4ROLX2605UN;300;14.400;261;19/5/2026;19/5/2026;1001;1;B010;1;2604290726;H;COP;1948005
1082962;18001602;4916456890;ETIQUETA TERMICA CJX4ROLX2605UN;200;9.600;261;19/5/2026;19/5/2026;1001;1;B010;1;2604290726;H;COP;1948005
1082962;18001602;4916456947;ETIQUETA TERMICA CJX4ROLX2605UN;300;14.400;261;19/5/2026;19/5/2026;1001;1;B010;1;2604290726;H;COP;1948005
1082962;18001602;4916457041;ETIQUETA TERMICA CJX4ROLX2605UN;300;14.400;261;19/5/2026;19/5/2026;1001;1;B010;1;2604290726;H;COP;1948005
1082962;18001602;4916457042;ETIQUETA TERMICA CJX4ROLX2605UN;300;14.400;261;19/5/2026;19/5/2026;1001;1;B010;1;2604290726;H;COP;1948005
1082962;18001602;4916458254;ETIQUETA TERMICA CJX4ROLX2605UN;300;14.400;261;19/5/2026;19/5/2026;1001;1;B010;1;2604290726;H;COP;1948005
1082962;18001602;4916458259;ETIQUETA TERMICA CJX4ROLX2605UN;300;14.400;261;19/5/2026;19/5/2026;1001;1;B010;1;2604290726;H;COP;1948005
1082962;18001612;4916458127;CINTA DE RESINA 110*450M ROLX45000CM;8.400;0;261;19/5/2026;19/5/2026;1001;1;B010;6;2603311297;H;COP;1948005
1082962;18001612;4916459532;CINTA DE RESINA 110*450M ROLX45000CM;7.075,472;0;261;19/5/2026;19/5/2026;1001;1;B010;5;2603311297;H;COP;1948005
1082962;14002613;4916458127;POP CORN BOL(0,88KG);-1.680;-20.472.480;101;19/5/2026;19/5/2026;1001;4;B010;1;2605190176;S;COP;0
1082962;14002613;4916459532;POP CORN BOL(0,88KG);-1.500;-18.279.000;101;19/5/2026;19/5/2026;1001;4;B010;1;2605190176;S;COP;0
1082963;11000341;4916459630;MARINADOR CRISPY 15.66KG CJX60UN;8;28.612;261;19/5/2026;19/5/2026;1001;1;B010;1;2603050867;H;COP;1948006
1082963;14002446;4916459112;CARNE BIG CRUNCH;451,100;7.230.230;261;19/5/2026;19/5/2026;1001;1;B010;1;2605190174;H;COP;1948006
1082963;18001585;4916458831;BOLSA FUNDA BTOX10BOLX100UN;10;2.151;261;19/5/2026;19/5/2026;1001;1;B010;3;2604151095;H;COP;1948006
1082963;18001585;4916459539;BOLSA FUNDA BTOX10BOLX100UN;4;860;261;19/5/2026;19/5/2026;1001;1;B010;3;2604151095;H;COP;1948006
1082963;18001585;4916459630;BOLSA FUNDA BTOX10BOLX100UN;85;18.280;261;19/5/2026;19/5/2026;1001;1;B010;3;2604151095;H;COP;1948006
1082963;18001586;4916458831;BOLSA FUELLE  BTOX50BOLX100UN;388;21.302;261;19/5/2026;19/5/2026;1001;1;B010;2;2604291357;H;COP;1948006
1082963;18001586;4916459539;BOLSA FUELLE  BTOX50BOLX100UN;160;8.784;261;19/5/2026;19/5/2026;1001;1;B010;2;2604291357;H;COP;1948006
1082963;18001586;4916459630;BOLSA FUELLE  BTOX50BOLX100UN;110;6.039;261;19/5/2026;19/5/2026;1001;1;B010;2;2604291357;H;COP;1948006
1082963;18001602;4916456102;ETIQUETA TERMICA CJX4ROLX2605UN;300;14.400;261;19/5/2026;19/5/2026;1001;1;B010;1;2604290726;H;COP;1948006
1082963;18001602;4916456107;ETIQUETA TERMICA CJX4ROLX2605UN;300;14.400;261;19/5/2026;19/5/2026;1001;1;B010;1;2604290726;H;COP;1948006
1082963;18001602;4916456162;ETIQUETA TERMICA CJX4ROLX2605UN;300;14.400;261;19/5/2026;19/5/2026;1001;1;B010;1;2604290726;H;COP;1948006
1082963;18001612;4916458831;CINTA DE RESINA 110*450M ROLX45000CM;1.940;0;261;19/5/2026;19/5/2026;1001;1;B010;4;2603311297;H;COP;1948006
1082963;18001612;4916459539;CINTA DE RESINA 110*450M ROLX45000CM;800;0;261;19/5/2026;19/5/2026;1001;1;B010;4;2603311297;H;COP;1948006
1082963;18001612;4916459630;CINTA DE RESINA 110*450M ROLX45000CM;2.145,800;0;261;19/5/2026;19/5/2026;1001;1;B010;4;2603311297;H;COP;1948006
1082963;11000092;4916459630;CARRAGENINA BTOX25KG;0,149;5.086;261;19/5/2026;19/5/2026;1001;2;B010;5;2603091072;H;COP;0
1082963;11001130;4916459630;SAL YODADA  BTOX25UNX0.5KG;2,734;6.248;261;19/5/2026;19/5/2026;1001;2;B010;6;2604220955;H;COP;0
1082963;14002446;4916459627;CARNE BIG CRUNCH;-133;-2.131.724;262;19/5/2026;19/5/2026;1001;2;B010;1;2605190174;S;COP;0
1082963;14002427;4916458831;BIG CRUNCH MARINADO BOL(10UN);-388;-3.658.840;101;19/5/2026;19/5/2026;1001;4;B010;1;2605190177;S;COP;0
1082963;14002427;4916459539;BIG CRUNCH MARINADO BOL(10UN);-160;-1.508.800;101;19/5/2026;19/5/2026;1001;4;B010;1;2605190177;S;COP;0
1082964;11000341;4916459675;MARINADOR CRISPY 15.66KG CJX60UN;6;21.459;261;19/5/2026;19/5/2026;1001;1;B010;1;2603050867;H;COP;1948007
1082964;14002437;4916459161;CARNE PARA KENTUCKY SANDWNCH;318,100;5.387.024;261;19/5/2026;19/5/2026;1001;1;B010;1;2605190173;H;COP;1948007
1082964;18001585;4916458100;BOLSA FUNDA BTOX10BOLX100UN;15;3.226;261;19/5/2026;19/5/2026;1001;1;B010;3;2604151095;H;COP;1948007
1082964;18001585;4916459548;BOLSA FUNDA BTOX10BOLX100UN;19;4.086;261;19/5/2026;19/5/2026;1001;1;B010;3;2604151095;H;COP;1948007
1082964;18001586;4916458100;BOLSA FUELLE  BTOX50BOLX100UN;300;16.471;261;19/5/2026;19/5/2026;1001;1;B010;2;2604291357;H;COP;1948007
1082964;18001586;4916459548;BOLSA FUELLE  BTOX50BOLX100UN;381;20.918;261;19/5/2026;19/5/2026;1001;1;B010;2;2604291357;H;COP;1948007
1082964;18001602;4916456136;ETIQUETA TERMICA CJX4ROLX2605UN;300;14.400;261;19/5/2026;19/5/2026;1001;1;B010;1;2604290726;H;COP;1948007
1082964;18001602;4916456151;ETIQUETA TERMICA CJX4ROLX2605UN;300;14.400;261;19/5/2026;19/5/2026;1001;1;B010;1;2604290726;H;COP;1948007
1082964;18001602;4916457065;ETIQUETA TERMICA CJX4ROLX2605UN;300;14.400;261;19/5/2026;19/5/2026;1001;1;B010;1;2604290726;H;COP;1948007
1082964;18001602;4916457070;ETIQUETA TERMICA CJX4ROLX2605UN;300;14.400;261;19/5/2026;19/5/2026;1001;1;B010;1;2604290726;H;COP;1948007
1082964;18001602;4916458262;ETIQUETA TERMICA CJX4ROLX2605UN;300;14.400;261;19/5/2026;19/5/2026;1001;1;B010;1;2604290726;H;COP;1948007
1082964;18001602;4916459551;ETIQUETA TERMICA CJX4ROLX2605UN;1;48;261;19/5/2026;19/5/2026;1001;1;B010;1;2604290726;H;COP;1948007
1082964;18001612;4916458100;CINTA DE RESINA 110*450M ROLX45000CM;1.500;0;261;19/5/2026;19/5/2026;1001;1;B010;4;2603311297;H;COP;1948007
1082964;18001612;4916459548;CINTA DE RESINA 110*450M ROLX45000CM;1.905;0;261;19/5/2026;19/5/2026;1001;1;B010;4;2603311297;H;COP;1948007
1082964;11000092;4916459675;CARRAGENINA BTOX25KG;0,149;5.086;261;19/5/2026;19/5/2026;1001;2;B010;2;2603091072;H;COP;0
1082964;11001130;4916459675;SAL YODADA  BTOX25UNX0.5KG;2,734;6.248;261;19/5/2026;19/5/2026;1001;2;B010;3;2604220955;H;COP;0
1082964;14002433;4916458100;KENTUCKY SANDWNCH BOL(5UN);-300;-2.578.200;101;19/5/2026;19/5/2026;1001;4;B010;1;2605190178;S;COP;0
1082964;14002433;4916459548;KENTUCKY SANDWNCH BOL(5UN);-381;-3.274.314;101;19/5/2026;19/5/2026;1001;4;B010;1;2605190178;S;COP;0
1082965;11000341;4916459654;MARINADOR CRISPY 15.66KG CJX60UN;2;7.153;261;19/5/2026;19/5/2026;1001;1;B010;1;2603050867;H;COP;1948008
1082965;14002440;4916453764;CARNE DE STRIPS;133;2.182.663;261;19/5/2026;19/5/2026;1001;1;B010;1;2605190171;H;COP;1948008
1082965;18001585;4916459219;BOLSA FUNDA BTOX10BOLX100UN;3;645;261;19/5/2026;19/5/2026;1001;1;B010;3;2604151095;H;COP;1948008
1082965;18001585;4916459654;BOLSA FUNDA BTOX10BOLX100UN;15;3.226;261;19/5/2026;19/5/2026;1001;1;B010;3;2604151095;H;COP;1948008
1082965;18001586;4916459219;BOLSA FUELLE  BTOX50BOLX100UN;60;3.294;261;19/5/2026;19/5/2026;1001;1;B010;2;2604291357;H;COP;1948008
1082965;18001586;4916459654;BOLSA FUELLE  BTOX50BOLX100UN;350;19.216;261;19/5/2026;19/5/2026;1001;1;B010;2;2604291357;H;COP;1948008
1082965;18001602;4916453320;ETIQUETA TERMICA CJX4ROLX2605UN;200;9.600;261;19/5/2026;19/5/2026;1001;1;B010;1;2604290726;H;COP;1948008
1082965;18001602;4916453786;ETIQUETA TERMICA CJX4ROLX2605UN;150;7.200;261;19/5/2026;19/5/2026;1001;1;B010;1;2604290726;H;COP;1948008
1082965;18001602;4916454266;ETIQUETA TERMICA CJX4ROLX2605UN;300;14.400;261;19/5/2026;19/5/2026;1001;1;B010;1;2604290726;H;COP;1948008
1082965;18001612;4916459219;CINTA DE RESINA 110*450M ROLX45000CM;300;0;261;19/5/2026;19/5/2026;1001;1;B010;4;2603311297;H;COP;1948008
1082965;18001612;4916459654;CINTA DE RESINA 110*450M ROLX45000CM;1.245,800;0;261;19/5/2026;19/5/2026;1001;1;B010;4;2603311297;H;COP;1948008
1082965;11000092;4916459654;CARRAGENINA BTOX25KG;0,062;2.116;261;19/5/2026;19/5/2026;1001;2;B010;5;2603091072;H;COP;0
1082965;11001130;4916459654;SAL YODADA  BTOX25UNX0.5KG;1,143;2.612;261;19/5/2026;19/5/2026;1001;2;B010;6;2604220955;H;COP;0
1082965;14002441;4916453879;STRIPS MARINADO BOL(20UN);-150;-2.528.550;101;19/5/2026;19/5/2026;1001;4;B010;1;2605190179;S;COP;0
1082965;14002441;4916454552;STRIPS MARINADO BOL(20UN);-135;-2.275.695;101;19/5/2026;19/5/2026;1001;4;B010;1;2605190179;S;COP;0
1082965;14002441;4916459200;STRIPS MARINADO BOL(20UN);-60;-1.011.420;101;19/5/2026;19/5/2026;1001;4;B010;1;2605190179;S;COP;0
1082965;14002441;4916459219;STRIPS MARINADO BOL(20UN);-60;-1.011.420;101;19/5/2026;19/5/2026;1001;4;B010;1;2605190179;S;COP;0
1082966;13000365;4916475817;ASERRIN HUESO DE POLLO;-440;-440;531;21/5/2026;21/5/2026;1001;1;B010;9;2605190180;S;COP;1948009
1082966;13000367;4916457021;COSTILLA DE POLLO;1.175,600;1.528.280;261;19/5/2026;19/5/2026;1001;1;B010;1;2605170014;H;COP;1948009
1082966;13000367;4916475817;COSTILLA DE POLLO;280;364.000;261;21/5/2026;21/5/2026;1001;1;B010;3;2605170014;H;COP;1948009
1082966;13000367;4916475817;COSTILLA DE POLLO;280;364.000;261;21/5/2026;21/5/2026;1001;1;B010;8;2605180252;H;COP;1948009
1082966;13000367;4916475820;COSTILLA DE POLLO;120;156.000;261;21/5/2026;21/5/2026;1001;1;B010;1;2605170014;H;COP;1948009
1082966;13000367;4916475820;COSTILLA DE POLLO;154,500;200.850;261;21/5/2026;21/5/2026;1001;1;B010;2;2605190169;H;COP;1948009
1082966;13000368;4916475817;GRASA DE POLLO;40;12.000;261;21/5/2026;21/5/2026;1001;1;B010;4;2605140091;H;COP;1948009
1082966;13000371;4916457032;PUNTILLAS;95,100;19.020;261;19/5/2026;19/5/2026;1001;1;B010;1;2605180195;H;COP;1948009
1082966;13000371;4916475817;PUNTILLAS;60;12.000;261;21/5/2026;21/5/2026;1001;1;B010;2;2605180195;H;COP;1948009
1082966;18001585;4916475817;BOLSA FUNDA BTOX10BOLX100UN;5;1.078;261;21/5/2026;21/5/2026;1001;1;B010;6;2604151095;H;COP;1948009
1082966;18001593;4916475817;BOLSA PASTA DE POLLO BTOX9BOLX50UN;135;104.107;261;21/5/2026;21/5/2026;1001;1;B010;5;2604291279;H;COP;1948009
1082966;18001602;4916458782;ETIQUETA TERMICA CJX4ROLX2605UN;200;9.600;261;19/5/2026;19/5/2026;1001;1;B010;1;2604241568;H;COP;1948009
1082966;18001602;4916458788;ETIQUETA TERMICA CJX4ROLX2605UN;200;9.600;261;19/5/2026;19/5/2026;1001;1;B010;1;2604241568;H;COP;1948009
1082966;18001602;4916458789;ETIQUETA TERMICA CJX4ROLX2605UN;100;4.800;261;19/5/2026;19/5/2026;1001;1;B010;1;2604241568;H;COP;1948009
1082966;18001612;4916475817;CINTA DE RESINA 110*450M ROLX45000CM;2.145,800;0;261;21/5/2026;21/5/2026;1001;1;B010;7;2603311297;H;COP;1948009
1082966;14002442;4916475817;PASTA DE POLLO;-1.740;-4.257.780;101;21/5/2026;21/5/2026;1001;4;B010;1;2605190180;S;COP;0
1082967;11001134;4916461637;MARINADOR CRISPY INYECCION BTOX20KG;177,240;2.016.359;261;20/5/2026;20/5/2026;1003;1;B010;1;2605061243;H;COP;1948022
1082967;18001591;4916461637;BOLSA ENSALADA IMPRESA BTOX10BOLX100UN;10;3.042;261;20/5/2026;20/5/2026;1003;1;B010;2;2604221468;H;COP;1948022
1082967;18001602;4916453289;ETIQUETA TERMICA CJX4ROLX2605UN;2;96;261;19/5/2026;19/5/2026;1001;1;B010;1;2604241568;H;COP;1948022
1082967;11001134;4916461637;MARINADOR CRISPY INYECCION BTOX20KG;31,080;353.579;261;20/5/2026;20/5/2026;1003;2;B010;3;2605070590;H;COP;0
1082967;12002517;4916453284;MIX DE SALMUERA CRISPY;-208,320;-2.707.535;101;19/5/2026;19/5/2026;1003;4;B010;1;2605190212;S;COP;0
1082985;11001132;4916459587;SALSA DE AREQUIPE BOLX5KG;23,940;256.330;261;19/5/2026;19/5/2026;1008;1;B010;4;2605071286;H;COP;1948191
1082985;11001132;4916459643;SALSA DE AREQUIPE BOLX5KG;0,310;3.319;261;19/5/2026;19/5/2026;1008;1;B010;1;2605141157;H;COP;1948191
1082985;11001132;4916493129;SALSA DE AREQUIPE BOLX5KG;215,150;2.303.654;261;21/5/2026;21/5/2026;1008;1;B010;4;2605141157;H;COP;1948191
1082985;11001132;4916507806;SALSA DE AREQUIPE BOLX5KG;10,080;106.801;261;22/5/2026;22/5/2026;1008;1;B010;2;2605141157;H;COP;1948191
1082985;12002544;4916459587;GALLETA TRITURADA;5;103.915;261;19/5/2026;19/5/2026;1008;1;B010;2;2605160408;H;COP;1948191
1082985;12002544;4916459587;GALLETA TRITURADA;19,200;399.034;261;19/5/2026;19/5/2026;1008;1;B010;3;2605180920;H;COP;1948191
1082985;12002544;4916493129;GALLETA TRITURADA;45;935.235;261;21/5/2026;21/5/2026;1008;1;B010;2;2605180920;H;COP;1948191
1082985;12002544;4916493129;GALLETA TRITURADA;117,520;2.442.418;261;21/5/2026;21/5/2026;1008;1;B010;3;2605190855;H;COP;1948191
1082985;12002544;4916518479;GALLETA TRITURADA;8;166.264;261;24/5/2026;24/5/2026;1008;1;B010;1;2605211528;H;COP;1948191
1082985;12002544;4916518484;GALLETA TRITURADA;6;124.698;261;24/5/2026;24/5/2026;1008;1;B010;1;2605211528;H;COP;1948191
1082985;18001501;4916459587;VASO AVALANC OREO 12OZ CJX16BOLX50UN;1.260;178.348;261;19/5/2026;19/5/2026;1008;1;B010;9;2603161315;H;COP;1948191
1082985;18001501;4916518959;VASO AVALANC OREO 12OZ CJX16BOLX50UN;3.175;449.408;261;24/5/2026;24/5/2026;1008;1;B010;1;2603161315;H;COP;1948191
1082985;18001565;4916459587;TAPA PLASTICA VASO 12OZ CJX16BOLX50U;1.260;70.662;261;19/5/2026;19/5/2026;1008;1;B010;10;2602161165;H;COP;1948191
1082985;18001565;4916520550;TAPA PLASTICA VASO 12OZ CJX16BOLX50U;10.589;593.845;261;25/5/2026;25/5/2026;1008;1;B010;1;2602161165;H;COP;1948191
1082985;18001597;4916459587;ETIQUETA POSTRES CJX6ROLX10786UN;1.260;102.230;261;19/5/2026;19/5/2026;1008;1;B010;5;2401300920;H;COP;1948191
1082985;18001597;4916493129;ETIQUETA POSTRES CJX6ROLX10786UN;11.340;920.068;261;21/5/2026;21/5/2026;1008;1;B010;5;2401300920;H;COP;1948191
1082985;18001597;4916507806;ETIQUETA POSTRES CJX6ROLX10786UN;870;70.587;261;22/5/2026;22/5/2026;1008;1;B010;3;2401300920;H;COP;1948191
1082985;18001597;4916552501;ETIQUETA POSTRES CJX6ROLX10786UN;5.308;430.663;261;27/5/2026;27/5/2026;1008;1;B010;1;2401300920;H;COP;1948191
1082985;18001602;4916454809;ETIQUETA TERMICA CJX4ROLX2605UN;163;7.824;261;19/5/2026;19/5/2026;1008;1;B010;1;2604290726;H;COP;1948191
1082985;18001602;4916478684;ETIQUETA TERMICA CJX4ROLX2605UN;1;48;261;21/5/2026;21/5/2026;1008;1;B010;1;2604290726;H;COP;1948191
1082985;18001602;4916478696;ETIQUETA TERMICA CJX4ROLX2605UN;5;240;261;21/5/2026;21/5/2026;1008;1;B010;1;2604290726;H;COP;1948191
1082985;18001602;4916478736;ETIQUETA TERMICA CJX4ROLX2605UN;20;960;261;21/5/2026;21/5/2026;1008;1;B010;1;2604290726;H;COP;1948191
1082985;18001602;4916493129;ETIQUETA TERMICA CJX4ROLX2605UN;33;1.584;261;21/5/2026;21/5/2026;1008;1;B010;7;2604290726;H;COP;1948191
1082985;18001602;4916500485;ETIQUETA TERMICA CJX4ROLX2605UN;20;960;261;22/5/2026;22/5/2026;1008;1;B010;1;2604290726;H;COP;1948191
1082985;18001602;4916500843;ETIQUETA TERMICA CJX4ROLX2605UN;30;1.440;261;22/5/2026;22/5/2026;1008;1;B010;1;2604290726;H;COP;1948191
1082985;18001602;4916503641;ETIQUETA TERMICA CJX4ROLX2605UN;8;384;261;22/5/2026;22/5/2026;1008;1;B010;1;2604290726;H;COP;1948191
1082985;18001602;4916507806;ETIQUETA TERMICA CJX4ROLX2605UN;6;288;261;22/5/2026;22/5/2026;1008;1;B010;5;2604290726;H;COP;1948191
1082985;18001612;4916459587;CINTA DE RESINA 110*450M ROLX45000CM;2.725;0;261;19/5/2026;19/5/2026;1008;1;B010;6;2604170949;H;COP;1948191
1082985;18001612;4916493129;CINTA DE RESINA 110*450M ROLX45000CM;18.000;0;261;21/5/2026;21/5/2026;1008;1;B010;6;2603311297;H;COP;1948191
1082985;18001612;4916507806;CINTA DE RESINA 110*450M ROLX45000CM;8.000;0;261;22/5/2026;22/5/2026;1008;1;B010;4;2603311297;H;COP;1948191
1082985;18001612;4916518488;CINTA DE RESINA 110*450M ROLX45000CM;25.000;0;261;24/5/2026;24/5/2026;1008;1;B010;1;2604170949;H;COP;1948191
1082985;18001612;4916520557;CINTA DE RESINA 110*450M ROLX45000CM;16.000;0;261;25/5/2026;25/5/2026;1008;1;B010;1;2604290727;H;COP;1948191
1082985;18001612;4916520558;CINTA DE RESINA 110*450M ROLX45000CM;-37.000;0;262;25/5/2026;25/5/2026;1008;1;B010;1;2604290727;S;COP;1948191
1082985;18001664;4916459587;CAJA HELADOS C790 50X34 BTOX25UN;20;95.864;261;19/5/2026;19/5/2026;1008;1;B010;7;2605060291;H;COP;1948191
1082985;18001664;4916493129;CAJA HELADOS C790 50X34 BTOX25UN;180;862.777;261;21/5/2026;21/5/2026;1008;1;B010;8;2605060291;H;COP;1948191
1082985;18001664;4916507806;CAJA HELADOS C790 50X34 BTOX25UN;8;38.346;261;22/5/2026;22/5/2026;1008;1;B010;6;2605060291;H;COP;1948191
1082985;18001665;4916459587;SEPARADOR HELADO BOLX50UN;60;32.520;261;19/5/2026;19/5/2026;1008;1;B010;8;2604300729;H;COP;1948191
1082985;18001665;4916493129;SEPARADOR HELADO BOLX50UN;540;292.680;261;21/5/2026;21/5/2026;1008;1;B010;9;2604300729;H;COP;1948191
1082985;18001665;4916507806;SEPARADOR HELADO BOLX50UN;24;13.008;261;22/5/2026;22/5/2026;1008;1;B010;7;2604300729;H;COP;1948191
1082985;11001128;4916459587;BASE HELADO VAINILLA CJX13.2KG;189;925.731;261;19/5/2026;19/5/2026;1008;2;B010;11;2605080638;H;COP;0
1082985;11001128;4916493129;BASE HELADO VAINILLA CJX13.2KG;384,720;1.884.377;261;21/5/2026;21/5/2026;1008;2;B010;10;2605080638;H;COP;0
1082985;11001128;4916493129;BASE HELADO VAINILLA CJX13.2KG;198;969.813;261;21/5/2026;21/5/2026;1008;2;B010;11;2605081377;H;COP;0
1082985;11001128;4916493129;BASE HELADO VAINILLA CJX13.2KG;1.128,280;5.526.369;261;21/5/2026;21/5/2026;1008;2;B010;12;2604300888;H;COP;0
1082985;11001128;4916507806;BASE HELADO VAINILLA CJX13.2KG;75;367.358;261;22/5/2026;22/5/2026;1008;2;B010;8;2605080638;H;COP;0
1082985;11001132;4916552507;SALSA DE AREQUIPE BOLX5KG;-39;-416.700;262;27/5/2026;27/5/2026;1008;2;B010;1;2605141157;S;COP;0
1082985;12002544;4916493129;GALLETA TRITURADA;37,300;775.206;261;21/5/2026;21/5/2026;1008;2;B010;13;2605211528;H;COP;0
1082985;15005756;4916518959;TAPA PAPEL AVALANCHA CJX20BOL(50UN);134;929.060;261;24/5/2026;24/5/2026;1008;2;B010;3;2605141330;H;COP;0
1082985;15005756;4916551669;TAPA PAPEL AVALANCHA CJX20BOL(50UN);50;346.664;261;26/5/2026;26/5/2026;1008;2;B010;1;2605141330;H;COP;0
1082985;18001501;4916518959;VASO AVALANC OREO 12OZ CJX16BOLX50UN;8.720;1.234.281;261;24/5/2026;24/5/2026;1008;2;B010;2;2604201004;H;COP;0
1082985;14002692;4916459587;AVALANCHA OREO CJ(63UN);-20;-2.862.540;101;19/5/2026;19/5/2026;1008;4;B010;1;2605190483;S;COP;0
1082985;14002692;4916473351;AVALANCHA OREO CJ(63UN);-60;-8.587.620;101;20/5/2026;20/5/2026;1008;4;B010;1;2605190483;S;COP;0
1082985;14002692;4916486084;AVALANCHA OREO CJ(63UN);-20;-2.862.540;101;21/5/2026;21/5/2026;1008;4;B010;1;2605190483;S;COP;0
1082985;14002692;4916486696;AVALANCHA OREO CJ(63UN);-60;-8.587.620;101;21/5/2026;21/5/2026;1008;4;B010;1;2605190483;S;COP;0
1082985;14002692;4916493129;AVALANCHA OREO CJ(63UN);-40;-5.725.080;101;21/5/2026;21/5/2026;1008;4;B010;1;2605190483;S;COP;0
1082985;14002692;4916507806;AVALANCHA OREO CJ(63UN);-8;-1.145.016;101;22/5/2026;22/5/2026;1008;4;B010;1;2605190483;S;COP;0
1082986;11000341;4916459667;MARINADOR CRISPY 15.66KG CJX60UN;8;28.612;261;19/5/2026;19/5/2026;1001;1;B010;1;2603050867;H;COP;1948199
1082986;14002440;4916459269;CARNE DE STRIPS;154,500;2.535.499;261;19/5/2026;19/5/2026;1001;1;B010;1;2605190171;H;COP;1948199
1082986;14002440;4916459314;CARNE DE STRIPS;133;2.182.663;261;19/5/2026;19/5/2026;1001;1;B010;1;2605190171;H;COP;1948199
1082986;14002440;4916459507;CARNE DE STRIPS;133;2.182.663;261;19/5/2026;19/5/2026;1001;1;B010;1;2605190171;H;COP;1948199
1082986;18001585;4916459041;BOLSA FUNDA BTOX10BOLX100UN;5;1.075;261;19/5/2026;19/5/2026;1001;1;B010;3;2604151095;H;COP;1948199
1082986;18001585;4916459667;BOLSA FUNDA BTOX10BOLX100UN;15;3.226;261;19/5/2026;19/5/2026;1001;1;B010;3;2604151095;H;COP;1948199
1082986;18001586;4916459041;BOLSA FUELLE  BTOX50BOLX100UN;41;2.251;261;19/5/2026;19/5/2026;1001;1;B010;2;2604291357;H;COP;1948199
1082986;18001586;4916459667;BOLSA FUELLE  BTOX50BOLX100UN;95;5.216;261;19/5/2026;19/5/2026;1001;1;B010;2;2604291357;H;COP;1948199
1082986;18001602;4916454935;ETIQUETA TERMICA CJX4ROLX2605UN;300;14.400;261;19/5/2026;19/5/2026;1001;1;B010;1;2604290726;H;COP;1948199
1082986;18001602;4916454938;ETIQUETA TERMICA CJX4ROLX2605UN;300;14.400;261;19/5/2026;19/5/2026;1001;1;B010;1;2604290726;H;COP;1948199
1082986;18001602;4916459580;ETIQUETA TERMICA CJX4ROLX2605UN;1;48;261;19/5/2026;19/5/2026;1001;1;B010;1;2604241568;H;COP;1948199
1082986;18001612;4916459041;CINTA DE RESINA 110*450M ROLX45000CM;500;0;261;19/5/2026;19/5/2026;1001;1;B010;4;2603311297;H;COP;1948199
1082986;11000092;4916459667;CARRAGENINA BTOX25KG;0,197;6.725;261;19/5/2026;19/5/2026;1001;2;B010;4;2603091072;H;COP;0
1082986;11001130;4916459667;SAL YODADA  BTOX25UNX0.5KG;3,614;8.259;261;19/5/2026;19/5/2026;1001;2;B010;5;2604220955;H;COP;0
1082986;14002441;4916459041;STRIPS MARINADO BOL(20UN);-100;-1.685.700;101;19/5/2026;19/5/2026;1001;4;B010;1;2605190495;S;COP;0
1082987;11001135;4916458068;MARINADO PICANTE CJX25UN;22;627.684;261;19/5/2026;19/5/2026;1001;1;B010;2;2604221405;H;COP;1948298
1082987;11001135;4916459640;MARINADO PICANTE CJX25UN;85;2.425.142;261;19/5/2026;19/5/2026;1001;1;B010;1;2604291026;H;COP;1948298
1082987;11001135;4916459640;MARINADO PICANTE CJX25UN;25;713.277;261;19/5/2026;19/5/2026;1001;1;B010;2;2604291046;H;COP;1948298
1082987;12002532;4916458323;ALAS CORTADAS POLLO;1.403,700;14.912.909;261;19/5/2026;19/5/2026;1001;1;B010;1;2605190160;H;COP;1948298
1082987;12002532;4916458989;ALAS CORTADAS POLLO;607,100;6.449.830;261;19/5/2026;19/5/2026;1001;1;B010;1;2605190160;H;COP;1948298
1082987;12002532;4916459024;ALAS CORTADAS POLLO;490,800;5.214.259;261;19/5/2026;19/5/2026;1001;1;B010;1;2605160083;H;COP;1948298
1082987;18001585;4916458068;BOLSA FUNDA BTOX10BOLX100UN;31;6.667;261;19/5/2026;19/5/2026;1001;1;B010;4;2604151095;H;COP;1948298
1082987;18001585;4916459584;BOLSA FUNDA BTOX10BOLX100UN;77;16.559;261;19/5/2026;19/5/2026;1001;1;B010;3;2604151095;H;COP;1948298
1082987;18001585;4916459640;BOLSA FUNDA BTOX10BOLX100UN;110;23.656;261;19/5/2026;19/5/2026;1001;1;B010;4;2604151095;H;COP;1948298
1082987;18001586;4916458068;BOLSA FUELLE  BTOX50BOLX100UN;191;10.486;261;19/5/2026;19/5/2026;1001;1;B010;3;2604291357;H;COP;1948298
1082987;18001586;4916459584;BOLSA FUELLE  BTOX50BOLX100UN;472;25.914;261;19/5/2026;19/5/2026;1001;1;B010;2;2604291357;H;COP;1948298
1082987;18001586;4916459640;BOLSA FUELLE  BTOX50BOLX100UN;1.100;60.393;261;19/5/2026;19/5/2026;1001;1;B010;3;2604291357;H;COP;1948298
1082987;18001602;4916456071;ETIQUETA TERMICA CJX4ROLX2605UN;300;14.400;261;19/5/2026;19/5/2026;1001;1;B010;1;2604241568;H;COP;1948298
1082987;18001602;4916456093;ETIQUETA TERMICA CJX4ROLX2605UN;300;14.400;261;19/5/2026;19/5/2026;1001;1;B010;1;2604241568;H;COP;1948298
1082987;18001602;4916456770;ETIQUETA TERMICA CJX4ROLX2605UN;300;14.400;261;19/5/2026;19/5/2026;1001;1;B010;1;2604241568;H;COP;1948298
1082987;18001602;4916456772;ETIQUETA TERMICA CJX4ROLX2605UN;300;14.400;261;19/5/2026;19/5/2026;1001;1;B010;1;2604241568;H;COP;1948298
1082987;18001602;4916457034;ETIQUETA TERMICA CJX4ROLX2605UN;300;14.400;261;19/5/2026;19/5/2026;1001;1;B010;1;2604241568;H;COP;1948298
1082987;18001602;4916457036;ETIQUETA TERMICA CJX4ROLX2605UN;300;14.400;261;19/5/2026;19/5/2026;1001;1;B010;1;2604241568;H;COP;1948298
1082987;18001602;4916459351;ETIQUETA TERMICA CJX4ROLX2605UN;300;14.400;261;19/5/2026;19/5/2026;1001;1;B010;1;2604241568;H;COP;1948298
1082987;18001602;4916459454;ETIQUETA TERMICA CJX4ROLX2605UN;300;14.400;261;19/5/2026;19/5/2026;1001;1;B010;1;2604241568;H;COP;1948298
1082987;18001602;4916459555;ETIQUETA TERMICA CJX4ROLX2605UN;1;48;261;19/5/2026;19/5/2026;1001;1;B010;1;2604241568;H;COP;1948298
1082987;18001612;4916459584;CINTA DE RESINA 110*450M ROLX45000CM;5.735;0;261;19/5/2026;19/5/2026;1001;1;B010;4;2603311297;H;COP;1948298
1082987;18001612;4916459640;CINTA DE RESINA 110*450M ROLX45000CM;3.245,800;0;261;19/5/2026;19/5/2026;1001;1;B010;5;2603311297;H;COP;1948298
1082987;14002429;4916458068;ALAS HOT WINGS BOL(40UN);-465;-7.320.495;101;19/5/2026;19/5/2026;1001;4;B010;1;2605190606;S;COP;0
1082987;14002429;4916459584;ALAS HOT WINGS BOL(40UN);-1.147;-18.057.221;101;19/5/2026;19/5/2026;1001;4;B010;1;2605190606;S;COP;0
1082990;11000561;4916460836;TOMATE;242,400;1.175.640;261;20/5/2026;20/5/2026;1002;1;B010;1;2605160477;H;COP;1948505
1082990;11000561;4916461184;TOMATE;121,200;587.820;261;20/5/2026;20/5/2026;1002;1;B010;1;2605160477;H;COP;1948505
1082990;11000561;4916461363;TOMATE;36,400;176.540;261;20/5/2026;20/5/2026;1002;1;B010;1;2605160477;H;COP;1948505
1082990;18001591;4916461468;BOLSA ENSALADA IMPRESA BTOX10BOLX100UN;80;24.336;261;20/5/2026;20/5/2026;1002;1;B010;1;2604221468;H;COP;1948505
1082990;18001596;4916458374;ETIQUETA COLORES CJX6ROLX3800UN;81;8.099;261;19/5/2026;19/5/2026;1002;1;B010;1;2404011303;H;COP;1948505
1082990;18001596;4916458388;ETIQUETA COLORES CJX6ROLX3800UN;20;2.000;261;19/5/2026;19/5/2026;1002;1;B010;1;2404011303;H;COP;1948505
1082990;18001596;4916461160;ETIQUETA COLORES CJX6ROLX3800UN;3;300;261;20/5/2026;20/5/2026;1002;1;B010;1;2404011303;H;COP;1948505
1082990;18001596;4916461468;ETIQUETA COLORES CJX6ROLX3800UN;216;21.598;261;20/5/2026;20/5/2026;1002;1;B010;3;2404011303;H;COP;1948505
1082990;18001612;4916461468;CINTA DE RESINA 110*450M ROLX45000CM;1,430;0;261;20/5/2026;20/5/2026;1002;1;B010;2;2603311297;H;COP;1948505
1082990;18001590;4916461468;BOLSA FUNDA PERFORADA BTOX10BOLX100UN;10;2.228;261;20/5/2026;20/5/2026;1001;2;B010;4;2604291332;H;COP;0
1082990;14002424;5001987490;TOMATE PROCESADO BOL(5KG);-80;-2.179.760;101;20/5/2026;20/5/2026;1002;4;B010;1;2605190849;S;COP;0
1082991;11000312;4916460834;LECHUGA (REPOLLO);607;1.543.025;261;20/5/2026;20/5/2026;1002;1;B010;1;2605160475;H;COP;1948514
1082991;11000312;4916461339;LECHUGA (REPOLLO);15,100;38.385;261;20/5/2026;20/5/2026;1002;1;B010;2;2605160475;H;COP;1948514
1082991;18001585;4916461442;BOLSA FUNDA BTOX10BOLX100UN;23;4.946;261;20/5/2026;20/5/2026;1001;1;B010;2;2604151095;H;COP;1948514
1082991;18001589;4916461339;BOLSA PARA GRANOS BTOX2500UN;144;19.774;261;20/5/2026;20/5/2026;1002;1;B010;3;2512110142;H;COP;1948514
1082991;18001589;4916461442;BOLSA PARA GRANOS BTOX2500UN;203;27.876;261;20/5/2026;20/5/2026;1002;1;B010;1;2512110142;H;COP;1948514
1082991;18001596;4916458403;ETIQUETA COLORES CJX6ROLX3800UN;200;19.998;261;19/5/2026;19/5/2026;1002;1;B010;1;2404011303;H;COP;1948514
1082991;18001596;4916458407;ETIQUETA COLORES CJX6ROLX3800UN;120;11.999;261;19/5/2026;19/5/2026;1002;1;B010;1;2404011303;H;COP;1948514
1082991;18001596;4916458962;ETIQUETA COLORES CJX6ROLX3800UN;1;100;261;19/5/2026;19/5/2026;1002;1;B010;1;2404011303;H;COP;1948514
1082991;18001596;4916461117;ETIQUETA COLORES CJX6ROLX3800UN;32;3.200;261;20/5/2026;20/5/2026;1002;1;B010;1;2404011303;H;COP;1948514
1082991;18001596;4916461144;ETIQUETA COLORES CJX6ROLX3800UN;10;1.000;261;20/5/2026;20/5/2026;1002;1;B010;1;2404011303;H;COP;1948514
1082991;18001596;4916461442;ETIQUETA COLORES CJX6ROLX3800UN;320;31.997;261;20/5/2026;20/5/2026;1002;1;B010;4;2404011303;H;COP;1948514
1082991;18001612;4916461442;CINTA DE RESINA 110*450M ROLX45000CM;6.000;0;261;20/5/2026;20/5/2026;1002;1;B010;3;2603311297;H;COP;1948514
1082991;11001377;4916461339;HIELO BOL(12KG);50;350.000;261;20/5/2026;20/5/2026;1002;2;B010;4;2605121356;H;COP;0
1082991;11001377;4916461520;HIELO BOL(12KG);50;350.000;261;20/5/2026;20/5/2026;1002;2;B010;1;2605141516;H;COP;0
1082991;11001377;4916461610;HIELO BOL(12KG);80;560.000;261;20/5/2026;20/5/2026;1002;2;B010;1;2605141516;H;COP;0
1082991;11001377;4916508073;HIELO BOL(12KG);-80;-560.000;262;22/5/2026;22/5/2026;1002;2;B010;1;2605141516;S;COP;0
1082991;11001377;4916508076;HIELO BOL(12KG);50;350.000;261;22/5/2026;22/5/2026;1002;2;B010;1;2605141516;H;COP;0
1082991;11001377;4916508079;HIELO BOL(12KG);-50;-350.000;262;22/5/2026;22/5/2026;1002;2;B010;1;2605141516;S;COP;0
1082991;14002428;4916461339;LECHUGA BATAVIA PROCESADA BOL(1KG);-344;-2.713.472;101;20/5/2026;20/5/2026;1002;4;B010;1;2605190851;S;COP;0
1082992;12002545;4916461432;ADEREZO PARA ENSALADA DE COL;15,800;211.009;261;20/5/2026;20/5/2026;1002;1;B010;1;2605181543;H;COP;1948519
1082992;12002545;4916461521;ADEREZO PARA ENSALADA DE COL;237;3.165.135;261;20/5/2026;20/5/2026;1002;1;B010;1;2605190954;H;COP;1948519
1082992;12002549;4916460831;VERDURAS PARA ENSALADA DE COL;817;3.687.121;261;20/5/2026;20/5/2026;1002;1;B010;1;2605190953;H;COP;1948519
1082992;18001591;4916461476;BOLSA ENSALADA IMPRESA BTOX10BOLX100UN;565;171.876;261;20/5/2026;20/5/2026;1002;1;B010;1;2604221468;H;COP;1948519
1082992;18001602;4916458422;ETIQUETA TERMICA CJX4ROLX2605UN;200;9.600;261;19/5/2026;19/5/2026;1002;1;B010;1;2604241568;H;COP;1948519
1082992;18001602;4916458426;ETIQUETA TERMICA CJX4ROLX2605UN;200;9.600;261;19/5/2026;19/5/2026;1002;1;B010;1;2604241568;H;COP;1948519
1082992;18001602;4916458430;ETIQUETA TERMICA CJX4ROLX2605UN;180;8.640;261;19/5/2026;19/5/2026;1002;1;B010;1;2604241568;H;COP;1948519
1082992;18001602;4916458891;ETIQUETA TERMICA CJX4ROLX2605UN;180;8.640;261;19/5/2026;19/5/2026;1002;1;B010;1;2604241568;H;COP;1948519
1082992;18001602;4916461476;ETIQUETA TERMICA CJX4ROLX2605UN;550;26.400;261;20/5/2026;20/5/2026;1002;1;B010;3;2604241568;H;COP;1948519
1082992;18001612;4916461476;CINTA DE RESINA 110*450M ROLX45000CM;8.268;0;261;20/5/2026;20/5/2026;1002;1;B010;2;2603311297;H;COP;1948519
1082992;14002432;5001987479;ENSALADA COL BOL(2KG);-565;-8.312.280;101;20/5/2026;20/5/2026;1002;4;B010;1;2605190853;S;COP;0
1082993;11001129;4916459628;GALLETA OREO CJX648UN;12.960;2.099.172;261;19/5/2026;19/5/2026;1008;1;B010;3;2604161333;H;COP;1948529
1082993;18001591;4916459628;BOLSA ENSALADA IMPRESA BTOX10BOLX100UN;25;7.605;261;19/5/2026;19/5/2026;1008;1;B010;2;2604221468;H;COP;1948529
1082993;18001602;4916458470;ETIQUETA TERMICA CJX4ROLX2605UN;25;1.200;261;19/5/2026;19/5/2026;1008;1;B010;1;2604290726;H;COP;1948529
1082993;18001602;4916459439;ETIQUETA TERMICA CJX4ROLX2605UN;5;240;261;19/5/2026;19/5/2026;1008;1;B010;1;2604290726;H;COP;1948529
1082993;18001602;4916459628;ETIQUETA TERMICA CJX4ROLX2605UN;25;1.200;261;19/5/2026;19/5/2026;1008;1;B010;5;2604290726;H;COP;1948529
1082993;18001612;4916459628;CINTA DE RESINA 110*450M ROLX45000CM;300;0;261;19/5/2026;19/5/2026;1008;1;B010;4;2603311297;H;COP;1948529
1082993;12002544;4916459628;GALLETA TRITURADA;-117,520;-2.442.418;101;19/5/2026;19/5/2026;1008;4;B010;1;2605190855;S;COP;0
1082994;11000096;4916461375;CEBOLLA;10,887;26.673;261;20/5/2026;20/5/2026;1002;1;B010;4;2605150473;H;COP;1948678
1082994;11000096;4916461394;CEBOLLA;0,700;1.715;261;20/5/2026;20/5/2026;1002;1;B010;1;2605150473;H;COP;1948678
1082994;11000143;4916460460;COL REPOLLO;727,200;1.399.209;261;19/5/2026;19/5/2026;1002;1;B010;1;2605160476;H;COP;1948678
1082994;11000143;4916461375;COL REPOLLO;40,100;77.157;261;20/5/2026;20/5/2026;1002;1;B010;1;2605160476;H;COP;1948678
1082994;11000285;4916460467;HOJAS VERDES DE COL;21,200;48.760;261;19/5/2026;19/5/2026;1002;1;B010;1;2605190397;H;COP;1948678
1082994;11000285;4916461375;HOJAS VERDES DE COL;25,359;58.326;261;20/5/2026;20/5/2026;1002;1;B010;5;2605190397;H;COP;1948678
1082994;11000285;4916461394;HOJAS VERDES DE COL;-23,760;-54.645;262;20/5/2026;20/5/2026;1002;1;B010;2;2605190397;S;COP;1948678
1082994;11000624;4916461375;ZANAHORIA;13;31.200;261;20/5/2026;20/5/2026;1002;1;B010;2;2605160469;H;COP;1948678
1082994;11000624;4916461375;ZANAHORIA;5,326;12.782;261;20/5/2026;20/5/2026;1002;1;B010;3;2605190392;H;COP;1948678
1082994;11000624;4916461410;ZANAHORIA;-0,235;-564;262;20/5/2026;20/5/2026;1002;1;B010;1;2605190392;S;COP;1948678
1082994;18001591;4916461569;BOLSA ENSALADA IMPRESA BTOX10BOLX100UN;32;9.735;261;20/5/2026;20/5/2026;1002;1;B010;1;2604221468;H;COP;1948678
1082994;18001596;4916460473;ETIQUETA COLORES CJX6ROLX3800UN;1;100;261;19/5/2026;19/5/2026;1002;1;B010;1;2404011303;H;COP;1948678
1082994;18001596;4916461375;ETIQUETA COLORES CJX6ROLX3800UN;33;3.300;261;20/5/2026;20/5/2026;1002;1;B010;7;2404011303;H;COP;1948678
1082994;18001612;4916461375;CINTA DE RESINA 110*450M ROLX45000CM;160,064;0;261;20/5/2026;20/5/2026;1002;1;B010;6;2603311297;H;COP;1948678
1082994;11001377;4916461512;HIELO BOL(12KG);100;700.000;261;20/5/2026;20/5/2026;1002;2;B010;1;2605121356;H;COP;0
1082994;11001377;4916461596;HIELO BOL(12KG);80;560.000;261;20/5/2026;20/5/2026;1002;2;B010;1;2605141516;H;COP;0
1082994;12002518;5001987413;MIX VERDURAS ENSALADA;-771,500;-2.874.609;101;19/5/2026;19/5/2026;1002;4;B010;1;2605190952;S;COP;0
1082995;12002518;4916460827;MIX VERDURAS ENSALADA;771,500;2.874.609;261;20/5/2026;20/5/2026;1002;1;B010;1;2605190952;H;COP;1948679
1082995;18001596;4916460476;ETIQUETA COLORES CJX6ROLX3800UN;1;100;261;19/5/2026;19/5/2026;1002;1;B010;1;2404011303;H;COP;1948679
1082995;18001596;4916460731;ETIQUETA COLORES CJX6ROLX3800UN;1;100;261;20/5/2026;20/5/2026;1002;1;B010;1;2404011303;H;COP;1948679
1082995;18001596;4916460732;ETIQUETA COLORES CJX6ROLX3800UN;1;100;261;20/5/2026;20/5/2026;1002;1;B010;1;2404011303;H;COP;1948679
1082995;18001596;4916460823;ETIQUETA COLORES CJX6ROLX3800UN;1;100;261;20/5/2026;20/5/2026;1002;1;B010;1;2404011303;H;COP;1948679
1082995;18001596;4916461314;ETIQUETA COLORES CJX6ROLX3800UN;9;900;261;20/5/2026;20/5/2026;1002;1;B010;2;2404011303;H;COP;1948679
1082995;18001612;4916461314;CINTA DE RESINA 110*450M ROLX45000CM;42,506;0;261;20/5/2026;20/5/2026;1002;1;B010;1;2603311297;H;COP;1948679
1082995;11001377;4916461314;HIELO BOL(12KG);50;350.000;261;20/5/2026;20/5/2026;1002;2;B010;3;2605121356;H;COP;0
1082995;11001377;4916461598;HIELO BOL(12KG);40;280.000;261;20/5/2026;20/5/2026;1002;2;B010;1;2605141516;H;COP;0
1082995;12002549;5001987419;VERDURAS PARA ENSALADA DE COL;-1;-4.513;101;20/5/2026;20/5/2026;1002;4;B010;1;2605190953;S;COP;0
1082995;12002549;5001987420;VERDURAS PARA ENSALADA DE COL;-1;-4.513;101;20/5/2026;20/5/2026;1002;4;B010;1;2605190953;S;COP;0
1082995;12002549;5001987421;VERDURAS PARA ENSALADA DE COL;-815;-3.678.095;101;20/5/2026;20/5/2026;1002;4;B010;1;2605190953;S;COP;0
1082996;12000496;4916508014;MIX ADEREZO ENSALADA;379,200;4.118.870;261;22/5/2026;22/5/2026;1003;1;B010;1;2605180823;H;COP;1948682
1082996;12000496;4916508018;MIX ADEREZO ENSALADA;-126,400;-1.372.957;262;22/5/2026;22/5/2026;1003;1;B010;1;2605210584;S;COP;1948682
1082996;18001596;4916460758;ETIQUETA COLORES CJX6ROLX3800UN;2;200;261;20/5/2026;20/5/2026;1002;1;B010;1;2404011303;H;COP;1948682
1082996;18001596;4916461227;ETIQUETA COLORES CJX6ROLX3800UN;32;3.200;261;20/5/2026;20/5/2026;1002;1;B010;3;2404011303;H;COP;1948682
1082996;18001612;4916461227;CINTA DE RESINA 110*450M ROLX45000CM;128;0;261;20/5/2026;20/5/2026;1002;1;B010;2;2603311297;H;COP;1948682
1082996;12002545;4916461227;ADEREZO PARA ENSALADA DE COL;-252,800;-3.376.144;101;20/5/2026;20/5/2026;1002;4;B010;1;2605190954;S;COP;0
1083010;12002546;4916462259;CAJA DE POLLO;158;1.376.338;261;20/5/2026;20/5/2026;1001;1;B010;1;2605130114;H;COP;1948841
1083010;12002546;4916462261;CAJA DE POLLO;165,200;1.439.057;261;20/5/2026;20/5/2026;1001;1;B010;1;2605130114;H;COP;1948841
1083010;12002546;4916462437;CAJA DE POLLO;157,600;1.372.854;261;20/5/2026;20/5/2026;1001;1;B010;1;2605130114;H;COP;1948841
1083010;12002546;4916462442;CAJA DE POLLO;172,200;1.500.034;261;20/5/2026;20/5/2026;1001;1;B010;1;2605130114;H;COP;1948841
1083010;12002546;4916462787;CAJA DE POLLO;176,800;1.540.105;261;20/5/2026;20/5/2026;1001;1;B010;1;2605130114;H;COP;1948841
1083010;12002546;4916463097;CAJA DE POLLO;180,900;1.575.820;261;20/5/2026;20/5/2026;1001;1;B010;1;2605130114;H;COP;1948841
1083010;12002546;4916464144;CAJA DE POLLO;158,900;1.384.178;261;20/5/2026;20/5/2026;1001;1;B010;1;2605130114;H;COP;1948841
1083010;12002546;4916464299;CAJA DE POLLO;47,900;417.257;261;20/5/2026;20/5/2026;1001;1;B010;1;2605130114;H;COP;1948841
1083010;12002546;4916465279;CAJA DE POLLO;160,800;1.400.729;261;20/5/2026;20/5/2026;1001;1;B010;1;2605140091;H;COP;1948841
1083010;12002546;4916465294;CAJA DE POLLO;158,900;1.384.178;261;20/5/2026;20/5/2026;1001;1;B010;1;2605140091;H;COP;1948841
1083010;12002546;4916467447;CAJA DE POLLO;141,300;1.230.864;261;20/5/2026;20/5/2026;1001;1;B010;1;2605150116;H;COP;1948841
1083010;12002546;4916467449;CAJA DE POLLO;149,100;1.298.810;261;20/5/2026;20/5/2026;1001;1;B010;1;2605150116;H;COP;1948841
1083010;12002546;4916468550;CAJA DE POLLO;174,900;1.523.554;261;20/5/2026;20/5/2026;1001;1;B010;1;2605150116;H;COP;1948841
1083010;12002546;4916468551;CAJA DE POLLO;156,900;1.366.756;261;20/5/2026;20/5/2026;1001;1;B010;1;2605150116;H;COP;1948841
1083010;12002546;4916468553;CAJA DE POLLO;165,600;1.442.542;261;20/5/2026;20/5/2026;1001;1;B010;1;2605150116;H;COP;1948841
1083010;12002546;4916469967;CAJA DE POLLO;159,800;1.392.018;261;20/5/2026;20/5/2026;1001;1;B010;1;2605150116;H;COP;1948841
1083010;12002546;4916469979;CAJA DE POLLO;160,900;1.401.600;261;20/5/2026;20/5/2026;1001;1;B010;1;2605150116;H;COP;1948841
1083010;12002546;4916470263;CAJA DE POLLO;173;1.507.003;261;20/5/2026;20/5/2026;1001;1;B010;1;2605150116;H;COP;1948841
1083010;12002546;4916470267;CAJA DE POLLO;168,900;1.471.288;261;20/5/2026;20/5/2026;1001;1;B010;1;2605150116;H;COP;1948841
1083010;12002546;4916470338;CAJA DE POLLO;161,200;1.404.213;261;20/5/2026;20/5/2026;1001;1;B010;1;2605150116;H;COP;1948841
1083010;12002546;4916470984;CAJA DE POLLO;165,300;1.439.928;261;20/5/2026;20/5/2026;1001;1;B010;1;2605150116;H;COP;1948841
1083010;12002546;4916470987;CAJA DE POLLO;164,100;1.429.475;261;20/5/2026;20/5/2026;1001;1;B010;1;2605150116;H;COP;1948841
1083010;12002546;4916472400;CAJA DE POLLO;175,300;1.527.038;261;20/5/2026;20/5/2026;1001;1;B010;1;2605160078;H;COP;1948841
1083010;12002546;4916472402;CAJA DE POLLO;124,300;1.082.777;261;20/5/2026;20/5/2026;1001;1;B010;1;2605160078;H;COP;1948841
1083010;12002546;4916472669;CAJA DE POLLO;165,300;1.439.928;261;20/5/2026;20/5/2026;1001;1;B010;1;2605160078;H;COP;1948841
1083010;12002546;4916473325;CAJA DE POLLO;168;1.463.448;261;20/5/2026;20/5/2026;1001;1;B010;1;2605160078;H;COP;1948841
1083010;12002546;4916473327;CAJA DE POLLO;175,800;1.531.394;261;20/5/2026;20/5/2026;1001;1;B010;1;2605160078;H;COP;1948841
1083010;12002546;4916473330;CAJA DE POLLO;158,100;1.377.209;261;20/5/2026;20/5/2026;1001;1;B010;1;2605160078;H;COP;1948841
1083010;12002546;4916474135;CAJA DE POLLO;142,300;1.239.575;261;20/5/2026;20/5/2026;1001;1;B010;1;2605140091;H;COP;1948841
1083010;12002546;4916474136;CAJA DE POLLO;169,500;1.476.515;261;20/5/2026;20/5/2026;1001;1;B010;1;2605140091;H;COP;1948841
1083010;12002546;4916494602;CAJA DE POLLO;100,100;871.971;261;22/5/2026;22/5/2026;1001;1;B010;1;2605130114;H;COP;1948841
1083010;12002546;4916494602;CAJA DE POLLO;369,400;3.217.844;261;22/5/2026;22/5/2026;1001;1;B010;2;2605140091;H;COP;1948841
1083010;13000367;4916463406;COSTILLA DE POLLO;-140;-182.000;531;20/5/2026;20/5/2026;1001;1;B010;1;2605200217;S;COP;1948841
1083010;13000367;4916466824;COSTILLA DE POLLO;-140;-182.000;531;20/5/2026;20/5/2026;1001;1;B010;1;2605200217;S;COP;1948841
1083010;13000367;4916466825;COSTILLA DE POLLO;-140;-182.000;531;20/5/2026;20/5/2026;1001;1;B010;1;2605200217;S;COP;1948841
1083010;13000367;4916468335;COSTILLA DE POLLO;-140;-182.000;531;20/5/2026;20/5/2026;1001;1;B010;1;2605200217;S;COP;1948841
1083010;13000367;4916468336;COSTILLA DE POLLO;-140;-182.000;531;20/5/2026;20/5/2026;1001;1;B010;1;2605200217;S;COP;1948841
1083010;13000367;4916472117;COSTILLA DE POLLO;-140;-182.000;531;20/5/2026;20/5/2026;1001;1;B010;1;2605200217;S;COP;1948841
1083010;13000367;4916472347;COSTILLA DE POLLO;-140;-182.000;531;20/5/2026;20/5/2026;1001;1;B010;1;2605200217;S;COP;1948841
1083010;13000367;4916473409;COSTILLA DE POLLO;-140;-182.000;531;20/5/2026;20/5/2026;1001;1;B010;1;2605200217;S;COP;1948841
1083010;13000367;4916474133;COSTILLA DE POLLO;-140;-182.000;531;20/5/2026;20/5/2026;1001;1;B010;1;2605200217;S;COP;1948841
1083010;13000367;4916474195;COSTILLA DE POLLO;-140;-182.000;531;20/5/2026;20/5/2026;1001;1;B010;1;2605200217;S;COP;1948841
1083010;13000367;4916474322;COSTILLA DE POLLO;-15,200;-19.760;531;20/5/2026;20/5/2026;1001;1;B010;1;2605200217;S;COP;1948841
1083010;13000367;4916474350;COSTILLA DE POLLO;-140;-182.000;531;20/5/2026;20/5/2026;1001;1;B010;1;2605200217;S;COP;1948841
1083010;13000367;4916474364;COSTILLA DE POLLO;-48,900;-63.570;531;20/5/2026;20/5/2026;1001;1;B010;1;2605200217;S;COP;1948841
1083010;13000369;4916468579;PIEL DE POLLO;-140;-98.000;531;20/5/2026;20/5/2026;1001;1;B010;1;2605200217;S;COP;1948841
1083010;13000369;4916472579;PIEL DE POLLO;-140;-98.000;531;20/5/2026;20/5/2026;1001;1;B010;1;2605200217;S;COP;1948841
1083010;13000369;4916474334;PIEL DE POLLO;-132,600;-92.820;531;20/5/2026;20/5/2026;1001;1;B010;1;2605200217;S;COP;1948841
1083010;18001585;4916494602;BOLSA FUNDA BTOX10BOLX100UN;125;26.950;261;22/5/2026;22/5/2026;1001;1;B010;3;2604151095;H;COP;1948841
1083010;18001596;4916462823;ETIQUETA COLORES CJX6ROLX3800UN;1;100;261;20/5/2026;20/5/2026;1001;1;B010;1;2404011303;H;COP;1948841
1083010;18001596;4916462930;ETIQUETA COLORES CJX6ROLX3800UN;1;100;261;20/5/2026;20/5/2026;1001;1;B010;1;2404011303;H;COP;1948841
1083010;18001596;4916463180;ETIQUETA COLORES CJX6ROLX3800UN;1;100;261;20/5/2026;20/5/2026;1001;1;B010;1;2404011303;H;COP;1948841
1083010;18001596;4916463405;ETIQUETA COLORES CJX6ROLX3800UN;1;100;261;20/5/2026;20/5/2026;1001;1;B010;1;2404011303;H;COP;1948841
1083010;18001596;4916463466;ETIQUETA COLORES CJX6ROLX3800UN;1;100;261;20/5/2026;20/5/2026;1001;1;B010;1;2404011303;H;COP;1948841
1083010;18001596;4916464649;ETIQUETA COLORES CJX6ROLX3800UN;1;100;261;20/5/2026;20/5/2026;1001;1;B010;1;2404011303;H;COP;1948841
1083010;18001596;4916464989;ETIQUETA COLORES CJX6ROLX3800UN;1;100;261;20/5/2026;20/5/2026;1001;1;B010;1;2404011303;H;COP;1948841
1083010;18001596;4916465995;ETIQUETA COLORES CJX6ROLX3800UN;1;100;261;20/5/2026;20/5/2026;1001;1;B010;1;2404011303;H;COP;1948841
1083010;18001596;4916466259;ETIQUETA COLORES CJX6ROLX3800UN;1;100;261;20/5/2026;20/5/2026;1001;1;B010;1;2404011303;H;COP;1948841
1083010;18001596;4916466490;ETIQUETA COLORES CJX6ROLX3800UN;1;100;261;20/5/2026;20/5/2026;1001;1;B010;1;2404011303;H;COP;1948841
1083010;18001596;4916466822;ETIQUETA COLORES CJX6ROLX3800UN;2;200;261;20/5/2026;20/5/2026;1001;1;B010;1;2404011303;H;COP;1948841
1083010;18001596;4916466827;ETIQUETA COLORES CJX6ROLX3800UN;21;2.100;261;20/5/2026;20/5/2026;1001;1;B010;1;2404011303;H;COP;1948841
1083010;18001596;4916467807;ETIQUETA COLORES CJX6ROLX3800UN;1;100;261;20/5/2026;20/5/2026;1001;1;B010;1;2404011303;H;COP;1948841
1083010;18001596;4916468334;ETIQUETA COLORES CJX6ROLX3800UN;2;200;261;20/5/2026;20/5/2026;1001;1;B010;1;2404011303;H;COP;1948841
1083010;18001596;4916468369;ETIQUETA COLORES CJX6ROLX3800UN;77;7.699;261;20/5/2026;20/5/2026;1001;1;B010;1;2404011303;H;COP;1948841
1083010;18001596;4916468578;ETIQUETA COLORES CJX6ROLX3800UN;1;100;261;20/5/2026;20/5/2026;1001;1;B010;1;2404011303;H;COP;1948841
1083010;18001596;4916468593;ETIQUETA COLORES CJX6ROLX3800UN;35;3.500;261;20/5/2026;20/5/2026;1001;1;B010;1;2404011303;H;COP;1948841
1083010;18001596;4916468704;ETIQUETA COLORES CJX6ROLX3800UN;1;100;261;20/5/2026;20/5/2026;1001;1;B010;1;2404011303;H;COP;1948841
1083010;18001596;4916470118;ETIQUETA COLORES CJX6ROLX3800UN;1;100;261;20/5/2026;20/5/2026;1001;1;B010;1;2404011303;H;COP;1948841
1083010;18001596;4916470178;ETIQUETA COLORES CJX6ROLX3800UN;1;100;261;20/5/2026;20/5/2026;1001;1;B010;1;2404011303;H;COP;1948841
1083010;18001596;4916470323;ETIQUETA COLORES CJX6ROLX3800UN;1;100;261;20/5/2026;20/5/2026;1001;1;B010;1;2404011303;H;COP;1948841
1083010;18001596;4916472041;ETIQUETA COLORES CJX6ROLX3800UN;1;100;261;20/5/2026;20/5/2026;1001;1;B010;1;2404011303;H;COP;1948841
1083010;18001596;4916472063;ETIQUETA COLORES CJX6ROLX3800UN;1;100;261;20/5/2026;20/5/2026;1001;1;B010;1;2404011303;H;COP;1948841
1083010;18001596;4916472114;ETIQUETA COLORES CJX6ROLX3800UN;1;100;261;20/5/2026;20/5/2026;1001;1;B010;1;2404011303;H;COP;1948841
1083010;18001596;4916472343;ETIQUETA COLORES CJX6ROLX3800UN;1;100;261;20/5/2026;20/5/2026;1001;1;B010;1;2404011303;H;COP;1948841
1083010;18001596;4916472578;ETIQUETA COLORES CJX6ROLX3800UN;1;100;261;20/5/2026;20/5/2026;1001;1;B010;1;2404011303;H;COP;1948841
1083010;18001596;4916472678;ETIQUETA COLORES CJX6ROLX3800UN;1;100;261;20/5/2026;20/5/2026;1001;1;B010;1;2404011303;H;COP;1948841
1083010;18001596;4916473367;ETIQUETA COLORES CJX6ROLX3800UN;1;100;261;20/5/2026;20/5/2026;1001;1;B010;1;2404011303;H;COP;1948841
1083010;18001596;4916473406;ETIQUETA COLORES CJX6ROLX3800UN;1;100;261;20/5/2026;20/5/2026;1001;1;B010;1;2404011303;H;COP;1948841
1083010;18001596;4916474019;ETIQUETA COLORES CJX6ROLX3800UN;1;100;261;20/5/2026;20/5/2026;1001;1;B010;1;2404011303;H;COP;1948841
1083010;18001596;4916474131;ETIQUETA COLORES CJX6ROLX3800UN;1;100;261;20/5/2026;20/5/2026;1001;1;B010;1;2404011303;H;COP;1948841
1083010;18001596;4916474194;ETIQUETA COLORES CJX6ROLX3800UN;1;100;261;20/5/2026;20/5/2026;1001;1;B010;1;2404011303;H;COP;1948841
1083010;18001596;4916474321;ETIQUETA COLORES CJX6ROLX3800UN;1;100;261;20/5/2026;20/5/2026;1001;1;B010;1;2404011303;H;COP;1948841
1083010;18001596;4916474333;ETIQUETA COLORES CJX6ROLX3800UN;1;100;261;20/5/2026;20/5/2026;1001;1;B010;1;2404011303;H;COP;1948841
1083010;18001596;4916474348;ETIQUETA COLORES CJX6ROLX3800UN;1;100;261;20/5/2026;20/5/2026;1001;1;B010;1;2404011303;H;COP;1948841
1083010;18001596;4916474362;ETIQUETA COLORES CJX6ROLX3800UN;1;100;261;20/5/2026;20/5/2026;1001;1;B010;1;2404011303;H;COP;1948841
1083010;18001596;4916474407;ETIQUETA COLORES CJX6ROLX3800UN;1;100;261;20/5/2026;20/5/2026;1001;1;B010;1;2404011303;H;COP;1948841
1083010;18001596;4916474414;ETIQUETA COLORES CJX6ROLX3800UN;1;100;261;20/5/2026;20/5/2026;1001;1;B010;1;2404011303;H;COP;1948841
1083010;18001612;4916494602;CINTA DE RESINA 110*450M ROLX45000CM;3.245,800;0;261;22/5/2026;22/5/2026;1001;1;B010;4;2603311297;H;COP;1948841
1083010;12002547;5001987666;CARNE FILETE DE POLLO;-118,700;-1.748.214;101;20/5/2026;20/5/2026;1001;4;B010;1;2605200217;S;COP;0
1083010;12002547;5001987682;CARNE FILETE DE POLLO;-123,100;-1.813.017;101;20/5/2026;20/5/2026;1001;4;B010;1;2605200217;S;COP;0
1083010;12002547;5001987772;CARNE FILETE DE POLLO;-115,200;-1.696.666;101;20/5/2026;20/5/2026;1001;4;B010;1;2605200217;S;COP;0
1083010;12002547;5001987822;CARNE FILETE DE POLLO;-120,500;-1.774.724;101;20/5/2026;20/5/2026;1001;4;B010;1;2605200217;S;COP;0
1083010;12002547;5001988018;CARNE FILETE DE POLLO;-120,600;-1.776.197;101;20/5/2026;20/5/2026;1001;4;B010;1;2605200217;S;COP;0
1083010;12002547;5001988064;CARNE FILETE DE POLLO;-119,100;-1.754.105;101;20/5/2026;20/5/2026;1001;4;B010;1;2605200217;S;COP;0
1083010;12002547;5001988189;CARNE FILETE DE POLLO;-127;-1.870.456;101;20/5/2026;20/5/2026;1001;4;B010;1;2605200217;S;COP;0
1083010;12002547;5001988220;CARNE FILETE DE POLLO;-115,300;-1.698.138;101;20/5/2026;20/5/2026;1001;4;B010;1;2605200217;S;COP;0
1083010;12002547;5001988258;CARNE FILETE DE POLLO;-101,200;-1.490.474;101;20/5/2026;20/5/2026;1001;4;B010;1;2605200217;S;COP;0
1083010;12002547;5001988401;CARNE FILETE DE POLLO;-193,800;-2.854.286;101;20/5/2026;20/5/2026;1001;4;B010;1;2605200217;S;COP;0
1083010;12002547;5001988629;CARNE FILETE DE POLLO;-216,500;-3.188.612;101;20/5/2026;20/5/2026;1001;4;B010;1;2605200217;S;COP;0
1083010;12002547;5001988639;CARNE FILETE DE POLLO;-201,800;-2.972.110;101;20/5/2026;20/5/2026;1001;4;B010;1;2605200217;S;COP;0
1083010;12002547;5001988668;CARNE FILETE DE POLLO;-227,800;-3.355.038;101;20/5/2026;20/5/2026;1001;4;B010;1;2605200217;S;COP;0
1083010;12002547;5001988949;CARNE FILETE DE POLLO;-202,900;-2.988.311;101;20/5/2026;20/5/2026;1001;4;B010;1;2605200217;S;COP;0
1083010;12002547;5001988955;CARNE FILETE DE POLLO;-201,100;-2.961.801;101;20/5/2026;20/5/2026;1001;4;B010;1;2605200217;S;COP;0
1083010;12002547;5001989091;CARNE FILETE DE POLLO;-104,100;-1.533.185;101;20/5/2026;20/5/2026;1001;4;B010;1;2605200217;S;COP;0
1083010;12002547;5001989158;CARNE FILETE DE POLLO;-212,800;-3.134.118;101;20/5/2026;20/5/2026;1001;4;B010;1;2605200217;S;COP;0
1083010;12002547;5001989255;CARNE FILETE DE POLLO;-199,400;-2.936.763;101;20/5/2026;20/5/2026;1001;4;B010;1;2605200217;S;COP;0
1083010;12002547;5001989306;CARNE FILETE DE POLLO;-121,800;-1.793.870;101;20/5/2026;20/5/2026;1001;4;B010;1;2605200217;S;COP;0
1083010;12002547;5001989308;CARNE FILETE DE POLLO;-117;-1.723.176;101;20/5/2026;20/5/2026;1001;4;B010;1;2605200217;S;COP;0
1083010;12002547;5001991476;CARNE FILETE DE POLLO;-82,100;-1.209.169;101;22/5/2026;22/5/2026;1001;4;B010;1;2605200217;S;COP;0
1083011;12002547;4916462306;CARNE FILETE DE POLLO;197,700;2.911.726;261;20/5/2026;20/5/2026;1001;1;B010;1;2605190169;H;COP;1948843
1083011;12002547;4916462447;CARNE FILETE DE POLLO;206;3.033.968;261;20/5/2026;20/5/2026;1001;1;B010;1;2605190169;H;COP;1948843
1083011;12002547;4916462604;CARNE FILETE DE POLLO;190,500;2.805.684;261;20/5/2026;20/5/2026;1001;1;B010;1;2605190169;H;COP;1948843
1083011;12002547;4916463092;CARNE FILETE DE POLLO;194,200;2.860.178;261;20/5/2026;20/5/2026;1001;1;B010;1;2605190169;H;COP;1948843
1083011;12002547;4916464128;CARNE FILETE DE POLLO;201,200;2.963.274;261;20/5/2026;20/5/2026;1001;1;B010;1;2605190169;H;COP;1948843
1083011;12002547;4916465212;CARNE FILETE DE POLLO;200,400;2.951.491;261;20/5/2026;20/5/2026;1001;1;B010;1;2605190169;H;COP;1948843
1083011;12002547;4916465213;CARNE FILETE DE POLLO;189,400;2.789.483;261;20/5/2026;20/5/2026;1001;1;B010;1;2605190169;H;COP;1948843
1083011;12002547;4916467381;CARNE FILETE DE POLLO;148,700;2.190.054;261;20/5/2026;20/5/2026;1001;1;B010;1;2605190169;H;COP;1948843
1083011;12002547;4916468489;CARNE FILETE DE POLLO;186,600;2.748.245;261;20/5/2026;20/5/2026;1001;1;B010;1;2605190169;H;COP;1948843
1083011;12002547;4916468500;CARNE FILETE DE POLLO;193,600;2.851.341;261;20/5/2026;20/5/2026;1001;1;B010;1;2605190169;H;COP;1948843
1083011;12002547;4916468557;CARNE FILETE DE POLLO;205,100;3.020.713;261;20/5/2026;20/5/2026;1001;1;B010;1;2605190169;H;COP;1948843
1083011;12002547;4916469971;CARNE FILETE DE POLLO;108,200;1.593.570;261;20/5/2026;20/5/2026;1001;1;B010;1;2605190169;H;COP;1948843
1083011;12002547;4916469973;CARNE FILETE DE POLLO;213,500;3.144.428;261;20/5/2026;20/5/2026;1001;1;B010;1;2605190169;H;COP;1948843
1083011;12002547;4916470144;CARNE FILETE DE POLLO;216,500;3.188.612;261;20/5/2026;20/5/2026;1001;1;B010;1;2605200217;H;COP;1948843
1083011;12002547;4916470353;CARNE FILETE DE POLLO;201,800;2.972.110;261;20/5/2026;20/5/2026;1001;1;B010;1;2605200217;H;COP;1948843
1083011;12002547;4916471001;CARNE FILETE DE POLLO;193,800;2.854.286;261;20/5/2026;20/5/2026;1001;1;B010;1;2605200217;H;COP;1948843
1083011;12002547;4916471004;CARNE FILETE DE POLLO;227,800;3.355.038;261;20/5/2026;20/5/2026;1001;1;B010;1;2605200217;H;COP;1948843
1083011;12002547;4916472373;CARNE FILETE DE POLLO;201,100;2.961.801;261;20/5/2026;20/5/2026;1001;1;B010;1;2605200217;H;COP;1948843
1083011;12002547;4916472712;CARNE FILETE DE POLLO;104,100;1.533.185;261;20/5/2026;20/5/2026;1001;1;B010;1;2605200217;H;COP;1948843
1083011;12002547;4916473402;CARNE FILETE DE POLLO;202,900;2.988.311;261;20/5/2026;20/5/2026;1001;1;B010;1;2605200217;H;COP;1948843
1083011;12002547;4916474139;CARNE FILETE DE POLLO;212,800;3.134.118;261;20/5/2026;20/5/2026;1001;1;B010;1;2605200217;H;COP;1948843
1083011;12002547;4916494612;CARNE FILETE DE POLLO;82,100;1.209.169;261;22/5/2026;22/5/2026;1001;1;B010;1;2605200217;H;COP;1948843
1083011;12002547;4916494612;CARNE FILETE DE POLLO;73,800;1.086.926;261;22/5/2026;22/5/2026;1001;1;B010;2;2605190169;H;COP;1948843
1083011;13000366;4916472624;CARNE INDUSTRIAL DE POLLO;-140;-140.000;531;20/5/2026;20/5/2026;1001;1;B010;1;2605200220;S;COP;1948843
1083011;13000366;4916474326;CARNE INDUSTRIAL DE POLLO;-140;-140.000;531;20/5/2026;20/5/2026;1001;1;B010;1;2605200220;S;COP;1948843
1083011;13000366;4916474468;CARNE INDUSTRIAL DE POLLO;-89,800;-89.800;531;20/5/2026;20/5/2026;1001;1;B010;1;2605200220;S;COP;1948843
1083011;18001596;4916462549;ETIQUETA COLORES CJX6ROLX3800UN;1;100;261;20/5/2026;20/5/2026;1001;1;B010;1;2404011303;H;COP;1948843
1083011;18001596;4916463335;ETIQUETA COLORES CJX6ROLX3800UN;1;100;261;20/5/2026;20/5/2026;1001;1;B010;1;2404011303;H;COP;1948843
1083011;18001596;4916464376;ETIQUETA COLORES CJX6ROLX3800UN;1;100;261;20/5/2026;20/5/2026;1001;1;B010;1;2404011303;H;COP;1948843
1083011;18001596;4916464623;ETIQUETA COLORES CJX6ROLX3800UN;1;100;261;20/5/2026;20/5/2026;1001;1;B010;1;2404011303;H;COP;1948843
1083011;18001596;4916467213;ETIQUETA COLORES CJX6ROLX3800UN;1;100;261;20/5/2026;20/5/2026;1001;1;B010;1;2404011303;H;COP;1948843
1083011;18001596;4916467545;ETIQUETA COLORES CJX6ROLX3800UN;1;100;261;20/5/2026;20/5/2026;1001;1;B010;1;2404011303;H;COP;1948843
1083011;18001596;4916468520;ETIQUETA COLORES CJX6ROLX3800UN;2;200;261;20/5/2026;20/5/2026;1001;1;B010;1;2404011303;H;COP;1948843
1083011;18001596;4916468707;ETIQUETA COLORES CJX6ROLX3800UN;1;100;261;20/5/2026;20/5/2026;1001;1;B010;1;2404011303;H;COP;1948843
1083011;18001596;4916468721;ETIQUETA COLORES CJX6ROLX3800UN;1;100;261;20/5/2026;20/5/2026;1001;1;B010;1;2404011303;H;COP;1948843
1083011;18001596;4916468726;ETIQUETA COLORES CJX6ROLX3800UN;1;100;261;20/5/2026;20/5/2026;1001;1;B010;1;2404011303;H;COP;1948843
1083011;18001596;4916468741;ETIQUETA COLORES CJX6ROLX3800UN;1;100;261;20/5/2026;20/5/2026;1001;1;B010;1;2404011303;H;COP;1948843
1083011;18001596;4916469357;ETIQUETA COLORES CJX6ROLX3800UN;1;100;261;20/5/2026;20/5/2026;1001;1;B010;1;2404011303;H;COP;1948843
1083011;18001596;4916469449;ETIQUETA COLORES CJX6ROLX3800UN;1;100;261;20/5/2026;20/5/2026;1001;1;B010;1;2404011303;H;COP;1948843
1083011;18001596;4916469954;ETIQUETA COLORES CJX6ROLX3800UN;1;100;261;20/5/2026;20/5/2026;1001;1;B010;1;2404011303;H;COP;1948843
1083011;18001596;4916470564;ETIQUETA COLORES CJX6ROLX3800UN;1;100;261;20/5/2026;20/5/2026;1001;1;B010;1;2404011303;H;COP;1948843
1083011;18001596;4916471184;ETIQUETA COLORES CJX6ROLX3800UN;2;200;261;20/5/2026;20/5/2026;1001;1;B010;1;2404011303;H;COP;1948843
1083011;18001596;4916471214;ETIQUETA COLORES CJX6ROLX3800UN;1;100;261;20/5/2026;20/5/2026;1001;1;B010;1;2404011303;H;COP;1948843
1083011;18001596;4916471219;ETIQUETA COLORES CJX6ROLX3800UN;1;100;261;20/5/2026;20/5/2026;1001;1;B010;1;2404011303;H;COP;1948843
1083011;18001596;4916471346;ETIQUETA COLORES CJX6ROLX3800UN;1;100;261;20/5/2026;20/5/2026;1001;1;B010;1;2404011303;H;COP;1948843
1083011;18001596;4916472082;ETIQUETA COLORES CJX6ROLX3800UN;1;100;261;20/5/2026;20/5/2026;1001;1;B010;1;2404011303;H;COP;1948843
1083011;18001596;4916472094;ETIQUETA COLORES CJX6ROLX3800UN;1;100;261;20/5/2026;20/5/2026;1001;1;B010;1;2404011303;H;COP;1948843
1083011;18001596;4916472167;ETIQUETA COLORES CJX6ROLX3800UN;1;100;261;20/5/2026;20/5/2026;1001;1;B010;1;2404011303;H;COP;1948843
1083011;18001596;4916472622;ETIQUETA COLORES CJX6ROLX3800UN;1;100;261;20/5/2026;20/5/2026;1001;1;B010;1;2404011303;H;COP;1948843
1083011;18001596;4916472626;ETIQUETA COLORES CJX6ROLX3800UN;7;700;261;20/5/2026;20/5/2026;1001;1;B010;1;2404011303;H;COP;1948843
1083011;18001596;4916473300;ETIQUETA COLORES CJX6ROLX3800UN;1;100;261;20/5/2026;20/5/2026;1001;1;B010;1;2404011303;H;COP;1948843
1083011;18001596;4916473603;ETIQUETA COLORES CJX6ROLX3800UN;1;100;261;20/5/2026;20/5/2026;1001;1;B010;1;2404011303;H;COP;1948843
1083011;18001596;4916473724;ETIQUETA COLORES CJX6ROLX3800UN;1;100;261;20/5/2026;20/5/2026;1001;1;B010;1;2404011303;H;COP;1948843
1083011;18001596;4916474038;ETIQUETA COLORES CJX6ROLX3800UN;1;100;261;20/5/2026;20/5/2026;1001;1;B010;1;2404011303;H;COP;1948843
1083011;18001596;4916474103;ETIQUETA COLORES CJX6ROLX3800UN;1;100;261;20/5/2026;20/5/2026;1001;1;B010;1;2404011303;H;COP;1948843
1083011;18001596;4916474122;ETIQUETA COLORES CJX6ROLX3800UN;1;100;261;20/5/2026;20/5/2026;1001;1;B010;1;2404011303;H;COP;1948843
1083011;18001596;4916474147;ETIQUETA COLORES CJX6ROLX3800UN;1;100;261;20/5/2026;20/5/2026;1001;1;B010;1;2404011303;H;COP;1948843
1083011;18001596;4916474199;ETIQUETA COLORES CJX6ROLX3800UN;7;700;261;20/5/2026;20/5/2026;1001;1;B010;1;2404011303;H;COP;1948843
1083011;18001596;4916474249;ETIQUETA COLORES CJX6ROLX3800UN;1;100;261;20/5/2026;20/5/2026;1001;1;B010;1;2404011303;H;COP;1948843
1083011;18001596;4916474325;ETIQUETA COLORES CJX6ROLX3800UN;1;100;261;20/5/2026;20/5/2026;1001;1;B010;1;2404011303;H;COP;1948843
1083011;18001596;4916474327;ETIQUETA COLORES CJX6ROLX3800UN;7;700;261;20/5/2026;20/5/2026;1001;1;B010;1;2404011303;H;COP;1948843
1083011;18001596;4916474442;ETIQUETA COLORES CJX6ROLX3800UN;1;100;261;20/5/2026;20/5/2026;1001;1;B010;1;2404011303;H;COP;1948843
1083011;18001596;4916474467;ETIQUETA COLORES CJX6ROLX3800UN;1;100;261;20/5/2026;20/5/2026;1001;1;B010;1;2404011303;H;COP;1948843
1083011;12002511;4916494559;PECHUGA DESCONGELADA;184,800;2.786.230;261;22/5/2026;22/5/2026;1001;2;B010;1;2605110361;H;COP;0
1083011;12002548;5001987620;CARNE POLLO CORTADA PARA POP CORN;-122,400;-1.886.796;101;20/5/2026;20/5/2026;1001;4;B010;1;2605200220;S;COP;0
1083011;12002548;5001987788;CARNE POLLO CORTADA PARA POP CORN;-174,900;-2.696.084;101;20/5/2026;20/5/2026;1001;4;B010;1;2605200220;S;COP;0
1083011;12002548;5001987936;CARNE POLLO CORTADA PARA POP CORN;-158,300;-2.440.195;101;20/5/2026;20/5/2026;1001;4;B010;1;2605200220;S;COP;0
1083011;12002548;5001988011;CARNE POLLO CORTADA PARA POP CORN;-170,200;-2.623.633;101;20/5/2026;20/5/2026;1001;4;B010;1;2605200220;S;COP;0
1083011;12002548;5001988333;CARNE POLLO CORTADA PARA POP CORN;-179,300;-2.763.910;101;20/5/2026;20/5/2026;1001;4;B010;1;2605200220;S;COP;0
1083011;12002548;5001988530;CARNE POLLO CORTADA PARA POP CORN;-160,700;-2.477.191;101;20/5/2026;20/5/2026;1001;4;B010;1;2605200220;S;COP;0
1083011;12002548;5001988541;CARNE POLLO CORTADA PARA POP CORN;-174,200;-2.685.293;101;20/5/2026;20/5/2026;1001;4;B010;1;2605200220;S;COP;0
1083011;12002548;5001988961;CARNE POLLO CORTADA PARA POP CORN;-131,700;-2.030.156;101;20/5/2026;20/5/2026;1001;4;B010;1;2605200220;S;COP;0
1083011;12002548;5001988965;CARNE POLLO CORTADA PARA POP CORN;-140;-2.158.100;101;20/5/2026;20/5/2026;1001;4;B010;1;2605200220;S;COP;0
1083011;12002548;5001989184;CARNE POLLO CORTADA PARA POP CORN;-160,600;-2.475.649;101;20/5/2026;20/5/2026;1001;4;B010;1;2605200220;S;COP;0
1083011;12002548;5001989258;CARNE POLLO CORTADA PARA POP CORN;-151,900;-2.341.539;101;20/5/2026;20/5/2026;1001;4;B010;1;2605200220;S;COP;0
1083011;12002548;5001989264;CARNE POLLO CORTADA PARA POP CORN;-167,700;-2.585.096;101;20/5/2026;20/5/2026;1001;4;B010;1;2605200220;S;COP;0
1083011;12002548;5001989267;CARNE POLLO CORTADA PARA POP CORN;-111,600;-1.720.314;101;20/5/2026;20/5/2026;1001;4;B010;1;2605200220;S;COP;0
1083011;14002437;5001989145;CARNE PARA KENTUCKY SANDWNCH;-133;-2.252.355;101;20/5/2026;20/5/2026;1001;4;B010;1;2605200223;S;COP;0
1083011;14002437;5001989202;CARNE PARA KENTUCKY SANDWNCH;-133;-2.252.355;101;20/5/2026;20/5/2026;1001;4;B010;1;2605200223;S;COP;0
1083011;14002437;5001989268;CARNE PARA KENTUCKY SANDWNCH;-133;-2.252.355;101;20/5/2026;20/5/2026;1001;4;B010;1;2605200223;S;COP;0
1083011;14002437;5001989280;CARNE PARA KENTUCKY SANDWNCH;-134;-2.269.290;101;20/5/2026;20/5/2026;1001;4;B010;1;2605200223;S;COP;0
1083011;14002440;5001988712;CARNE DE STRIPS;-133;-2.182.663;101;20/5/2026;20/5/2026;1001;4;B010;1;2605200221;S;COP;0
1083011;14002440;5001988800;CARNE DE STRIPS;-133;-2.182.663;101;20/5/2026;20/5/2026;1001;4;B010;1;2605200221;S;COP;0
1083011;14002440;5001988802;CARNE DE STRIPS;-133;-2.182.663;101;20/5/2026;20/5/2026;1001;4;B010;1;2605200221;S;COP;0
1083011;14002440;5001988822;CARNE DE STRIPS;-93,600;-1.536.070;101;20/5/2026;20/5/2026;1001;4;B010;1;2605200221;S;COP;0
1083011;14002440;5001988994;CARNE DE STRIPS;-172,800;-2.835.821;101;20/5/2026;20/5/2026;1001;4;B010;1;2605200221;S;COP;0
1083011;14002446;5001988355;CARNE BIG CRUNCH;-133;-2.131.724;101;20/5/2026;20/5/2026;1001;4;B010;1;2605200224;S;COP;0
1083011;14002446;5001988480;CARNE BIG CRUNCH;-133;-2.131.724;101;20/5/2026;20/5/2026;1001;4;B010;1;2605200224;S;COP;0
1083011;14002446;5001988481;CARNE BIG CRUNCH;-133;-2.131.724;101;20/5/2026;20/5/2026;1001;4;B010;1;2605200224;S;COP;0
1083011;14002446;5001988605;CARNE BIG CRUNCH;-133;-2.131.724;101;20/5/2026;20/5/2026;1001;4;B010;1;2605200224;S;COP;0
1083011;14002446;5001989312;CARNE BIG CRUNCH;-138,200;-2.215.070;101;20/5/2026;20/5/2026;1001;4;B010;1;2605200224;S;COP;0
1083012;11000341;4916475635;MARINADOR CRISPY 15.66KG CJX60UN;12;42.919;261;20/5/2026;20/5/2026;1001;1;B010;3;2603050867;H;COP;1948862
1083012;14002446;4916475635;CARNE BIG CRUNCH;22,800;365.438;261;20/5/2026;20/5/2026;1001;1;B010;1;2605180265;H;COP;1948862
1083012;14002446;4916475635;CARNE BIG CRUNCH;133,800;2.144.547;261;20/5/2026;20/5/2026;1001;1;B010;2;2605200224;H;COP;1948862
1083012;18001586;4916475635;BOLSA FUELLE  BTOX50BOLX100UN;850;48.013;261;20/5/2026;20/5/2026;1001;1;B010;4;2604291357;H;COP;1948862
1083012;18001602;4916462160;ETIQUETA TERMICA CJX4ROLX2605UN;300;14.400;261;20/5/2026;20/5/2026;1001;1;B010;1;2604241568;H;COP;1948862
1083012;18001612;4916475635;CINTA DE RESINA 110*450M ROLX45000CM;4.125,500;0;261;20/5/2026;20/5/2026;1001;1;B010;5;2603311297;H;COP;1948862
1083012;11000092;4916475635;CARRAGENINA BTOX25KG;0,426;14.542;261;20/5/2026;20/5/2026;1001;2;B010;6;2603091072;H;COP;0
1083012;11001130;4916475635;SAL YODADA  BTOX25UNX0.5KG;7,812;17.852;261;20/5/2026;20/5/2026;1001;2;B010;7;2604220958;H;COP;0
1083012;14002427;4916475189;BIG CRUNCH MARINADO BOL(10UN);-404;-3.809.720;101;20/5/2026;20/5/2026;1001;4;B010;1;2605200249;S;COP;0
1083013;11000784;4916463129;ALAS DE POLLO MP;150,200;1.251.397;261;20/5/2026;20/5/2026;1001;1;B010;1;2605190701;H;COP;1948863
1083013;11000784;4916463161;ALAS DE POLLO MP;17,900;149.135;261;20/5/2026;20/5/2026;1001;1;B010;1;2605190701;H;COP;1948863
1083013;11000784;4916470239;ALAS DE POLLO MP;187;1.560.054;261;20/5/2026;20/5/2026;1001;1;B010;1;2605200984;H;COP;1948863
1083013;11001117;4916465031;POLLO FRESCO CJX20UN;2.000;25.068.850;261;20/5/2026;20/5/2026;1001;1;B010;1;2605160421;H;COP;1948863
1083013;11001117;4916465031;POLLO FRESCO CJX20UN;4.000;50.137.701;261;20/5/2026;20/5/2026;1001;1;B010;2;2605190793;H;COP;1948863
1083013;11001117;4916470128;POLLO FRESCO CJX20UN;2.000;25.133.301;261;20/5/2026;20/5/2026;1001;1;B010;1;2605190779;H;COP;1948863
1083013;11001117;4916470128;POLLO FRESCO CJX20UN;5.740;72.132.575;261;20/5/2026;20/5/2026;1001;1;B010;2;2605180891;H;COP;1948863
1083013;12001209;4916474460;SALMUERA CRISPY;574,400;1.040.813;261;20/5/2026;20/5/2026;1001;1;B010;2;2605200265;H;COP;1948863
1083013;12001211;4916474460;SALMUERA IMOR;106,680;93.985;261;20/5/2026;20/5/2026;1001;1;B010;1;2605190168;H;COP;1948863
1083013;13000368;4916470581;GRASA DE POLLO;-30;-9.000;531;20/5/2026;20/5/2026;1001;1;B010;1;2605200252;S;COP;1948863
1083013;13000368;4916471964;GRASA DE POLLO;-26;-7.800;531;20/5/2026;20/5/2026;1001;1;B010;1;2605200252;S;COP;1948863
1083013;13000368;4916471971;GRASA DE POLLO;-60;-18.000;531;20/5/2026;20/5/2026;1001;1;B010;1;2605200252;S;COP;1948863
1083013;13000371;4916471939;PUNTILLAS;-29;-5.800;531;20/5/2026;20/5/2026;1001;1;B010;1;2605200252;S;COP;1948863
1083013;13000371;4916471946;PUNTILLAS;-170;-34.000;531;20/5/2026;20/5/2026;1001;1;B010;1;2605200252;S;COP;1948863
1083013;13000371;4916471955;PUNTILLAS;-160;-32.000;531;20/5/2026;20/5/2026;1001;1;B010;1;2605200252;S;COP;1948863
1083013;18001587;4916474324;BOLSA POLLO ORIGINAL  BTOX2500UN;1.800;190.499;261;20/5/2026;20/5/2026;1001;1;B010;1;2604221256;H;COP;1948863
1083013;18001596;4916462322;ETIQUETA COLORES CJX6ROLX3800UN;1;100;261;20/5/2026;20/5/2026;1001;1;B010;1;2404011303;H;COP;1948863
1083013;18001596;4916462325;ETIQUETA COLORES CJX6ROLX3800UN;1;100;261;20/5/2026;20/5/2026;1001;1;B010;1;2404011303;H;COP;1948863
1083013;18001596;4916462342;ETIQUETA COLORES CJX6ROLX3800UN;1;100;261;20/5/2026;20/5/2026;1001;1;B010;1;2404011303;H;COP;1948863
1083013;18001596;4916462356;ETIQUETA COLORES CJX6ROLX3800UN;1;100;261;20/5/2026;20/5/2026;1001;1;B010;1;2404011303;H;COP;1948863
1083013;18001596;4916463743;ETIQUETA COLORES CJX6ROLX3800UN;1;100;261;20/5/2026;20/5/2026;1001;1;B010;1;2404011303;H;COP;1948863
1083013;18001596;4916463767;ETIQUETA COLORES CJX6ROLX3800UN;1;100;261;20/5/2026;20/5/2026;1001;1;B010;1;2404011303;H;COP;1948863
1083013;18001596;4916463794;ETIQUETA COLORES CJX6ROLX3800UN;1;100;261;20/5/2026;20/5/2026;1001;1;B010;1;2404011303;H;COP;1948863
1083013;18001596;4916463834;ETIQUETA COLORES CJX6ROLX3800UN;1;100;261;20/5/2026;20/5/2026;1001;1;B010;1;2404011303;H;COP;1948863
1083013;18001596;4916463846;ETIQUETA COLORES CJX6ROLX3800UN;1;100;261;20/5/2026;20/5/2026;1001;1;B010;1;2404011303;H;COP;1948863
1083013;18001596;4916463881;ETIQUETA COLORES CJX6ROLX3800UN;1;100;261;20/5/2026;20/5/2026;1001;1;B010;1;2404011303;H;COP;1948863
1083013;18001596;4916463910;ETIQUETA COLORES CJX6ROLX3800UN;1;100;261;20/5/2026;20/5/2026;1001;1;B010;1;2404011303;H;COP;1948863
1083013;18001596;4916463952;ETIQUETA COLORES CJX6ROLX3800UN;1;100;261;20/5/2026;20/5/2026;1001;1;B010;1;2404011303;H;COP;1948863
1083013;18001596;4916463980;ETIQUETA COLORES CJX6ROLX3800UN;1;100;261;20/5/2026;20/5/2026;1001;1;B010;1;2404011303;H;COP;1948863
1083013;18001596;4916464020;ETIQUETA COLORES CJX6ROLX3800UN;1;100;261;20/5/2026;20/5/2026;1001;1;B010;1;2404011303;H;COP;1948863
1083013;18001596;4916464043;ETIQUETA COLORES CJX6ROLX3800UN;1;100;261;20/5/2026;20/5/2026;1001;1;B010;1;2404011303;H;COP;1948863
1083013;18001596;4916464083;ETIQUETA COLORES CJX6ROLX3800UN;1;100;261;20/5/2026;20/5/2026;1001;1;B010;1;2404011303;H;COP;1948863
1083013;18001596;4916464125;ETIQUETA COLORES CJX6ROLX3800UN;1;100;261;20/5/2026;20/5/2026;1001;1;B010;1;2404011303;H;COP;1948863
1083013;18001596;4916464471;ETIQUETA COLORES CJX6ROLX3800UN;1;100;261;20/5/2026;20/5/2026;1001;1;B010;1;2404011303;H;COP;1948863
1083013;18001596;4916465912;ETIQUETA COLORES CJX6ROLX3800UN;1;100;261;20/5/2026;20/5/2026;1001;1;B010;1;2404011303;H;COP;1948863
1083013;18001596;4916466162;ETIQUETA COLORES CJX6ROLX3800UN;1;100;261;20/5/2026;20/5/2026;1001;1;B010;1;2404011303;H;COP;1948863
1083013;18001596;4916466232;ETIQUETA COLORES CJX6ROLX3800UN;1;100;261;20/5/2026;20/5/2026;1001;1;B010;1;2404011303;H;COP;1948863
1083013;18001596;4916466273;ETIQUETA COLORES CJX6ROLX3800UN;1;100;261;20/5/2026;20/5/2026;1001;1;B010;1;2404011303;H;COP;1948863
1083013;18001596;4916466319;ETIQUETA COLORES CJX6ROLX3800UN;1;100;261;20/5/2026;20/5/2026;1001;1;B010;1;2404011303;H;COP;1948863
1083013;18001596;4916466367;ETIQUETA COLORES CJX6ROLX3800UN;1;100;261;20/5/2026;20/5/2026;1001;1;B010;1;2404011303;H;COP;1948863
1083013;18001596;4916466450;ETIQUETA COLORES CJX6ROLX3800UN;1;100;261;20/5/2026;20/5/2026;1001;1;B010;1;2404011303;H;COP;1948863
1083013;18001596;4916466499;ETIQUETA COLORES CJX6ROLX3800UN;1;100;261;20/5/2026;20/5/2026;1001;1;B010;1;2404011303;H;COP;1948863
1083013;18001596;4916466571;ETIQUETA COLORES CJX6ROLX3800UN;1;100;261;20/5/2026;20/5/2026;1001;1;B010;1;2404011303;H;COP;1948863
1083013;18001596;4916466629;ETIQUETA COLORES CJX6ROLX3800UN;1;100;261;20/5/2026;20/5/2026;1001;1;B010;1;2404011303;H;COP;1948863
1083013;18001596;4916466671;ETIQUETA COLORES CJX6ROLX3800UN;1;100;261;20/5/2026;20/5/2026;1001;1;B010;1;2404011303;H;COP;1948863
1083013;18001596;4916467496;ETIQUETA COLORES CJX6ROLX3800UN;1;100;261;20/5/2026;20/5/2026;1001;1;B010;1;2404011303;H;COP;1948863
1083013;18001596;4916468312;ETIQUETA COLORES CJX6ROLX3800UN;1;100;261;20/5/2026;20/5/2026;1001;1;B010;1;2404011303;H;COP;1948863
1083013;18001596;4916468329;ETIQUETA COLORES CJX6ROLX3800UN;1;100;261;20/5/2026;20/5/2026;1001;1;B010;1;2404011303;H;COP;1948863
1083013;18001596;4916468333;ETIQUETA COLORES CJX6ROLX3800UN;1;100;261;20/5/2026;20/5/2026;1001;1;B010;1;2404011303;H;COP;1948863
1083013;18001596;4916468643;ETIQUETA COLORES CJX6ROLX3800UN;1;100;261;20/5/2026;20/5/2026;1001;1;B010;1;2404011303;H;COP;1948863
1083013;18001596;4916468783;ETIQUETA COLORES CJX6ROLX3800UN;25;2.500;261;20/5/2026;20/5/2026;1001;1;B010;1;2404011303;H;COP;1948863
1083013;18001596;4916469046;ETIQUETA COLORES CJX6ROLX3800UN;1;100;261;20/5/2026;20/5/2026;1001;1;B010;1;2404011303;H;COP;1948863
1083013;18001596;4916469149;ETIQUETA COLORES CJX6ROLX3800UN;1;100;261;20/5/2026;20/5/2026;1001;1;B010;1;2404011303;H;COP;1948863
1083013;18001596;4916469186;ETIQUETA COLORES CJX6ROLX3800UN;1;100;261;20/5/2026;20/5/2026;1001;1;B010;1;2404011303;H;COP;1948863
1083013;18001596;4916469245;ETIQUETA COLORES CJX6ROLX3800UN;1;100;261;20/5/2026;20/5/2026;1001;1;B010;1;2404011303;H;COP;1948863
1083013;18001596;4916469303;ETIQUETA COLORES CJX6ROLX3800UN;1;100;261;20/5/2026;20/5/2026;1001;1;B010;1;2404011303;H;COP;1948863
1083013;18001596;4916469352;ETIQUETA COLORES CJX6ROLX3800UN;1;100;261;20/5/2026;20/5/2026;1001;1;B010;1;2404011303;H;COP;1948863
1083013;18001596;4916469359;ETIQUETA COLORES CJX6ROLX3800UN;1;100;261;20/5/2026;20/5/2026;1001;1;B010;1;2404011303;H;COP;1948863
1083013;18001596;4916469406;ETIQUETA COLORES CJX6ROLX3800UN;1;100;261;20/5/2026;20/5/2026;1001;1;B010;1;2404011303;H;COP;1948863
1083013;18001596;4916469441;ETIQUETA COLORES CJX6ROLX3800UN;1;100;261;20/5/2026;20/5/2026;1001;1;B010;1;2404011303;H;COP;1948863
1083013;18001596;4916469483;ETIQUETA COLORES CJX6ROLX3800UN;1;100;261;20/5/2026;20/5/2026;1001;1;B010;1;2404011303;H;COP;1948863
1083013;18001596;4916469522;ETIQUETA COLORES CJX6ROLX3800UN;1;100;261;20/5/2026;20/5/2026;1001;1;B010;1;2404011303;H;COP;1948863
1083013;18001596;4916469586;ETIQUETA COLORES CJX6ROLX3800UN;1;100;261;20/5/2026;20/5/2026;1001;1;B010;1;2404011303;H;COP;1948863
1083013;18001596;4916469634;ETIQUETA COLORES CJX6ROLX3800UN;1;100;261;20/5/2026;20/5/2026;1001;1;B010;1;2404011303;H;COP;1948863
1083013;18001596;4916470229;ETIQUETA COLORES CJX6ROLX3800UN;1;100;261;20/5/2026;20/5/2026;1001;1;B010;1;2404011303;H;COP;1948863
1083013;18001596;4916470257;ETIQUETA COLORES CJX6ROLX3800UN;1;100;261;20/5/2026;20/5/2026;1001;1;B010;1;2404011303;H;COP;1948863
1083013;18001596;4916470270;ETIQUETA COLORES CJX6ROLX3800UN;1;100;261;20/5/2026;20/5/2026;1001;1;B010;1;2404011303;H;COP;1948863
1083013;18001596;4916470286;ETIQUETA COLORES CJX6ROLX3800UN;1;100;261;20/5/2026;20/5/2026;1001;1;B010;1;2404011303;H;COP;1948863
1083013;18001596;4916470580;ETIQUETA COLORES CJX6ROLX3800UN;1;100;261;20/5/2026;20/5/2026;1001;1;B010;1;2404011303;H;COP;1948863
1083013;18001596;4916470956;ETIQUETA COLORES CJX6ROLX3800UN;1;100;261;20/5/2026;20/5/2026;1001;1;B010;1;2404011303;H;COP;1948863
1083013;18001596;4916470985;ETIQUETA COLORES CJX6ROLX3800UN;1;100;261;20/5/2026;20/5/2026;1001;1;B010;1;2404011303;H;COP;1948863
1083013;18001596;4916471027;ETIQUETA COLORES CJX6ROLX3800UN;1;100;261;20/5/2026;20/5/2026;1001;1;B010;1;2404011303;H;COP;1948863
1083013;18001596;4916471082;ETIQUETA COLORES CJX6ROLX3800UN;1;100;261;20/5/2026;20/5/2026;1001;1;B010;1;2404011303;H;COP;1948863
1083013;18001596;4916471120;ETIQUETA COLORES CJX6ROLX3800UN;1;100;261;20/5/2026;20/5/2026;1001;1;B010;1;2404011303;H;COP;1948863
1083013;18001596;4916471165;ETIQUETA COLORES CJX6ROLX3800UN;1;100;261;20/5/2026;20/5/2026;1001;1;B010;1;2404011303;H;COP;1948863
1083013;18001596;4916471514;ETIQUETA COLORES CJX6ROLX3800UN;1;100;261;20/5/2026;20/5/2026;1001;1;B010;1;2404011303;H;COP;1948863
1083013;18001596;4916471547;ETIQUETA COLORES CJX6ROLX3800UN;1;100;261;20/5/2026;20/5/2026;1001;1;B010;1;2404011303;H;COP;1948863
1083013;18001596;4916471612;ETIQUETA COLORES CJX6ROLX3800UN;1;100;261;20/5/2026;20/5/2026;1001;1;B010;1;2404011303;H;COP;1948863
1083013;18001596;4916471645;ETIQUETA COLORES CJX6ROLX3800UN;1;100;261;20/5/2026;20/5/2026;1001;1;B010;1;2404011303;H;COP;1948863
1083013;18001596;4916471710;ETIQUETA COLORES CJX6ROLX3800UN;1;100;261;20/5/2026;20/5/2026;1001;1;B010;1;2404011303;H;COP;1948863
1083013;18001596;4916471784;ETIQUETA COLORES CJX6ROLX3800UN;1;100;261;20/5/2026;20/5/2026;1001;1;B010;1;2404011303;H;COP;1948863
1083013;18001596;4916471809;ETIQUETA COLORES CJX6ROLX3800UN;1;100;261;20/5/2026;20/5/2026;1001;1;B010;1;2404011303;H;COP;1948863
1083013;18001596;4916471844;ETIQUETA COLORES CJX6ROLX3800UN;1;100;261;20/5/2026;20/5/2026;1001;1;B010;1;2404011303;H;COP;1948863
1083013;18001596;4916471893;ETIQUETA COLORES CJX6ROLX3800UN;15;1.500;261;20/5/2026;20/5/2026;1001;1;B010;1;2404011303;H;COP;1948863
1083013;18001596;4916471938;ETIQUETA COLORES CJX6ROLX3800UN;1;100;261;20/5/2026;20/5/2026;1001;1;B010;1;2404011303;H;COP;1948863
1083013;18001596;4916471944;ETIQUETA COLORES CJX6ROLX3800UN;1;100;261;20/5/2026;20/5/2026;1001;1;B010;1;2404011303;H;COP;1948863
1083013;18001596;4916471953;ETIQUETA COLORES CJX6ROLX3800UN;1;100;261;20/5/2026;20/5/2026;1001;1;B010;1;2404011303;H;COP;1948863
1083013;18001596;4916471961;ETIQUETA COLORES CJX6ROLX3800UN;1;100;261;20/5/2026;20/5/2026;1001;1;B010;1;2404011303;H;COP;1948863
1083013;18001596;4916471970;ETIQUETA COLORES CJX6ROLX3800UN;1;100;261;20/5/2026;20/5/2026;1001;1;B010;1;2404011303;H;COP;1948863
1083013;18001596;4916471987;ETIQUETA COLORES CJX6ROLX3800UN;5;500;261;20/5/2026;20/5/2026;1001;1;B010;1;2404011303;H;COP;1948863
1083013;18001596;4916473231;ETIQUETA COLORES CJX6ROLX3800UN;1;100;261;20/5/2026;20/5/2026;1001;1;B010;1;2404011303;H;COP;1948863
1083013;18001596;4916473234;ETIQUETA COLORES CJX6ROLX3800UN;1;100;261;20/5/2026;20/5/2026;1001;1;B010;1;2404011303;H;COP;1948863
1083013;18001596;4916473238;ETIQUETA COLORES CJX6ROLX3800UN;1;100;261;20/5/2026;20/5/2026;1001;1;B010;1;2404011303;H;COP;1948863
1083013;18001596;4916473241;ETIQUETA COLORES CJX6ROLX3800UN;1;100;261;20/5/2026;20/5/2026;1001;1;B010;1;2404011303;H;COP;1948863
1083013;18001596;4916478279;ETIQUETA COLORES CJX6ROLX3800UN;1;100;261;21/5/2026;21/5/2026;1001;1;B010;1;2404011303;H;COP;1948863
1083013;18001602;4916462215;ETIQUETA TERMICA CJX4ROLX2605UN;200;9.600;261;20/5/2026;20/5/2026;1001;1;B010;1;2604241568;H;COP;1948863
1083013;18001602;4916462220;ETIQUETA TERMICA CJX4ROLX2605UN;200;9.600;261;20/5/2026;20/5/2026;1001;1;B010;1;2604241568;H;COP;1948863
1083013;18001602;4916462222;ETIQUETA TERMICA CJX4ROLX2605UN;200;9.600;261;20/5/2026;20/5/2026;1001;1;B010;1;2604241568;H;COP;1948863
1083013;18001602;4916462226;ETIQUETA TERMICA CJX4ROLX2605UN;200;9.600;261;20/5/2026;20/5/2026;1001;1;B010;1;2604241568;H;COP;1948863
1083013;18001602;4916466733;ETIQUETA TERMICA CJX4ROLX2605UN;200;9.600;261;20/5/2026;20/5/2026;1001;1;B010;1;2604241568;H;COP;1948863
1083013;18001602;4916466737;ETIQUETA TERMICA CJX4ROLX2605UN;200;9.600;261;20/5/2026;20/5/2026;1001;1;B010;1;2604241568;H;COP;1948863
1083013;18001602;4916466760;ETIQUETA TERMICA CJX4ROLX2605UN;200;9.600;261;20/5/2026;20/5/2026;1001;1;B010;1;2604241568;H;COP;1948863
1083013;18001602;4916470018;ETIQUETA TERMICA CJX4ROLX2605UN;200;9.600;261;20/5/2026;20/5/2026;1001;1;B010;1;2604241568;H;COP;1948863
1083013;18001602;4916470022;ETIQUETA TERMICA CJX4ROLX2605UN;200;9.600;261;20/5/2026;20/5/2026;1001;1;B010;1;2604241568;H;COP;1948863
1083013;18001602;4916471126;ETIQUETA TERMICA CJX4ROLX2605UN;200;9.600;261;20/5/2026;20/5/2026;1001;1;B010;1;2604241568;H;COP;1948863
1083013;18001602;4916471140;ETIQUETA TERMICA CJX4ROLX2605UN;200;9.600;261;20/5/2026;20/5/2026;1001;1;B010;1;2604241568;H;COP;1948863
1083013;18001602;4916471146;ETIQUETA TERMICA CJX4ROLX2605UN;200;9.600;261;20/5/2026;20/5/2026;1001;1;B010;1;2604241568;H;COP;1948863
1083013;18001602;4916473260;ETIQUETA TERMICA CJX4ROLX2605UN;200;9.600;261;20/5/2026;20/5/2026;1001;1;B010;1;2604290726;H;COP;1948863
1083013;18001602;4916473262;ETIQUETA TERMICA CJX4ROLX2605UN;200;9.600;261;20/5/2026;20/5/2026;1001;1;B010;1;2604290726;H;COP;1948863
1083013;18001602;4916473268;ETIQUETA TERMICA CJX4ROLX2605UN;200;9.600;261;20/5/2026;20/5/2026;1001;1;B010;1;2604290726;H;COP;1948863
1083013;18001602;4916473272;ETIQUETA TERMICA CJX4ROLX2605UN;200;9.600;261;20/5/2026;20/5/2026;1001;1;B010;1;2604290726;H;COP;1948863
1083013;18001602;4916478256;ETIQUETA TERMICA CJX4ROLX2605UN;1;48;261;21/5/2026;21/5/2026;1001;1;B010;1;2604290726;H;COP;1948863
1083013;18001602;4916478262;ETIQUETA TERMICA CJX4ROLX2605UN;1;48;261;21/5/2026;21/5/2026;1001;1;B010;1;2604290726;H;COP;1948863
1083013;18001602;4916478279;ETIQUETA TERMICA CJX4ROLX2605UN;1;48;261;21/5/2026;21/5/2026;1001;1;B010;2;2604290726;H;COP;1948863
1083013;12001211;4916474460;SALMUERA IMOR;960,120;845.866;261;20/5/2026;20/5/2026;1001;2;B010;3;2605200270;H;COP;0
1083013;14002447;4916474324;PRESAS CORTADAS CJ(180UN);50;14.971.100;261;20/5/2026;20/5/2026;1001;2;B010;2;2605190158;H;COP;0
1083013;12002532;5001988179;ALAS CORTADAS POLLO;-151,700;-1.611.661;101;20/5/2026;20/5/2026;1001;4;B010;1;2605200257;S;COP;0
1083013;12002532;5001988520;ALAS CORTADAS POLLO;-181,600;-1.929.318;101;20/5/2026;20/5/2026;1001;4;B010;1;2605200257;S;COP;0
1083013;12002532;5001988525;ALAS CORTADAS POLLO;-173,100;-1.839.014;101;20/5/2026;20/5/2026;1001;4;B010;1;2605200257;S;COP;0
1083013;12002532;5001988531;ALAS CORTADAS POLLO;-166,300;-1.766.771;101;20/5/2026;20/5/2026;1001;4;B010;1;2605200257;S;COP;0
1083013;12002532;5001988537;ALAS CORTADAS POLLO;-144,600;-1.536.230;101;20/5/2026;20/5/2026;1001;4;B010;1;2605200257;S;COP;0
1083013;12002532;5001988540;ALAS CORTADAS POLLO;-174,300;-1.851.763;101;20/5/2026;20/5/2026;1001;4;B010;1;2605200257;S;COP;0
1083013;12002532;5001988542;ALAS CORTADAS POLLO;-156,200;-1.659.469;101;20/5/2026;20/5/2026;1001;4;B010;1;2605200257;S;COP;0
1083013;12002532;5001988544;ALAS CORTADAS POLLO;-150,700;-1.601.037;101;20/5/2026;20/5/2026;1001;4;B010;1;2605200257;S;COP;0
1083013;12002532;5001988547;ALAS CORTADAS POLLO;-159,400;-1.693.466;101;20/5/2026;20/5/2026;1001;4;B010;1;2605200257;S;COP;0
1083013;12002532;5001988549;ALAS CORTADAS POLLO;-165,800;-1.761.459;101;20/5/2026;20/5/2026;1001;4;B010;1;2605200257;S;COP;0
1083013;12002532;5001988796;ALAS CORTADAS POLLO;-132;-1.402.368;101;20/5/2026;20/5/2026;1001;4;B010;1;2605200257;S;COP;0
1083013;12002532;5001988839;ALAS CORTADAS POLLO;-164,400;-1.746.586;101;20/5/2026;20/5/2026;1001;4;B010;1;2605200257;S;COP;0
1083013;12002532;5001988843;ALAS CORTADAS POLLO;-146,900;-1.560.666;101;20/5/2026;20/5/2026;1001;4;B010;1;2605200257;S;COP;0
1083013;12002532;5001988891;ALAS CORTADAS POLLO;-137,700;-1.462.925;101;20/5/2026;20/5/2026;1001;4;B010;1;2605200257;S;COP;0
1083013;12002532;5001988897;ALAS CORTADAS POLLO;-72,400;-769.178;101;20/5/2026;20/5/2026;1001;4;B010;1;2605200257;S;COP;0
1083013;12002532;5001989129;ALAS CORTADAS POLLO;-147,900;-1.571.290;101;20/5/2026;20/5/2026;1001;4;B010;1;2605200257;S;COP;0
1083013;12002532;5001989130;ALAS CORTADAS POLLO;-165,900;-1.762.522;101;20/5/2026;20/5/2026;1001;4;B010;1;2605200257;S;COP;0
1083013;12002532;5001989133;ALAS CORTADAS POLLO;-168,900;-1.794.394;101;20/5/2026;20/5/2026;1001;4;B010;1;2605200257;S;COP;0
1083013;12002532;5001989422;ALAS CORTADAS POLLO;168,900;1.794.394;102;20/5/2026;20/5/2026;1001;4;B010;1;2605200257;H;COP;0
1083013;12002532;5001989423;ALAS CORTADAS POLLO;166,300;1.766.771;102;20/5/2026;20/5/2026;1001;4;B010;1;2605200257;H;COP;0
1083013;12002532;5001989424;ALAS CORTADAS POLLO;165,800;1.761.459;102;20/5/2026;20/5/2026;1001;4;B010;1;2605200257;H;COP;0
1083013;12002532;5001991473;ALAS CORTADAS POLLO;126,300;1.341.811;102;22/5/2026;22/5/2026;1001;4;B010;1;2605200257;H;COP;0
1083013;12002546;5001987868;CAJA DE POLLO;-178,300;-1.553.171;101;20/5/2026;20/5/2026;1001;4;B010;1;2605200252;S;COP;0
1083013;12002546;5001987869;CAJA DE POLLO;-183,500;-1.598.469;101;20/5/2026;20/5/2026;1001;4;B010;1;2605200252;S;COP;0
1083013;12002546;5001987871;CAJA DE POLLO;-166,800;-1.452.995;101;20/5/2026;20/5/2026;1001;4;B010;1;2605200252;S;COP;0
1083013;12002546;5001987872;CAJA DE POLLO;-175,300;-1.527.038;101;20/5/2026;20/5/2026;1001;4;B010;1;2605200252;S;COP;0
1083013;12002546;5001987875;CAJA DE POLLO;-166;-1.446.026;101;20/5/2026;20/5/2026;1001;4;B010;1;2605200252;S;COP;0
1083013;12002546;5001987878;CAJA DE POLLO;-166,800;-1.452.995;101;20/5/2026;20/5/2026;1001;4;B010;1;2605200252;S;COP;0
1083013;12002546;5001987885;CAJA DE POLLO;-162,300;-1.413.795;101;20/5/2026;20/5/2026;1001;4;B010;1;2605200252;S;COP;0
1083013;12002546;5001987892;CAJA DE POLLO;-170,200;-1.482.612;101;20/5/2026;20/5/2026;1001;4;B010;1;2605200252;S;COP;0
1083013;12002546;5001987893;CAJA DE POLLO;-170,900;-1.488.710;101;20/5/2026;20/5/2026;1001;4;B010;1;2605200252;S;COP;0
1083013;12002546;5001987903;CAJA DE POLLO;-168,800;-1.470.417;101;20/5/2026;20/5/2026;1001;4;B010;1;2605200252;S;COP;0
1083013;12002546;5001987905;CAJA DE POLLO;-178,100;-1.551.429;101;20/5/2026;20/5/2026;1001;4;B010;1;2605200252;S;COP;0
1083013;12002546;5001987908;CAJA DE POLLO;-187,100;-1.629.828;101;20/5/2026;20/5/2026;1001;4;B010;1;2605200252;S;COP;0
1083013;12002546;5001987911;CAJA DE POLLO;-177,900;-1.549.687;101;20/5/2026;20/5/2026;1001;4;B010;1;2605200252;S;COP;0
1083013;12002546;5001987961;CAJA DE POLLO;-177,800;-1.548.816;101;20/5/2026;20/5/2026;1001;4;B010;1;2605200252;S;COP;0
1083013;12002546;5001988209;CAJA DE POLLO;-168,100;-1.464.319;101;20/5/2026;20/5/2026;1001;4;B010;1;2605200252;S;COP;0
1083013;12002546;5001988216;CAJA DE POLLO;-165;-1.437.315;101;20/5/2026;20/5/2026;1001;4;B010;1;2605200252;S;COP;0
1083013;12002546;5001988222;CAJA DE POLLO;-170,100;-1.481.741;101;20/5/2026;20/5/2026;1001;4;B010;1;2605200252;S;COP;0
1083013;12002546;5001988231;CAJA DE POLLO;-170,500;-1.485.226;101;20/5/2026;20/5/2026;1001;4;B010;1;2605200252;S;COP;0
1083013;12002546;5001988235;CAJA DE POLLO;-164,900;-1.436.444;101;20/5/2026;20/5/2026;1001;4;B010;1;2605200252;S;COP;0
1083013;12002546;5001988254;CAJA DE POLLO;-169,200;-1.473.901;101;20/5/2026;20/5/2026;1001;4;B010;1;2605200252;S;COP;0
1083013;12002546;5001988260;CAJA DE POLLO;-167,400;-1.458.221;101;20/5/2026;20/5/2026;1001;4;B010;1;2605200252;S;COP;0
1083013;12002546;5001988264;CAJA DE POLLO;-169,500;-1.476.515;101;20/5/2026;20/5/2026;1001;4;B010;1;2605200252;S;COP;0
1083013;12002546;5001988269;CAJA DE POLLO;-177;-1.541.847;101;20/5/2026;20/5/2026;1001;4;B010;1;2605200252;S;COP;0
1083013;12002546;5001988272;CAJA DE POLLO;-172,200;-1.500.034;101;20/5/2026;20/5/2026;1001;4;B010;1;2605200252;S;COP;0
1083013;12002546;5001988352;CAJA DE POLLO;-172,400;-1.501.776;101;20/5/2026;20/5/2026;1001;4;B010;1;2605200252;S;COP;0
1083013;12002546;5001988461;CAJA DE POLLO;-174,900;-1.523.554;101;20/5/2026;20/5/2026;1001;4;B010;1;2605200252;S;COP;0
1083013;12002546;5001988464;CAJA DE POLLO;-167,500;-1.459.093;101;20/5/2026;20/5/2026;1001;4;B010;1;2605200252;S;COP;0
1083013;12002546;5001988468;CAJA DE POLLO;-171,600;-1.494.808;101;20/5/2026;20/5/2026;1001;4;B010;1;2605200252;S;COP;0
1083013;12002546;5001988492;CAJA DE POLLO;-175,500;-1.528.781;101;20/5/2026;20/5/2026;1001;4;B010;1;2605200252;S;COP;0
1083013;12002546;5001988512;CAJA DE POLLO;-171,900;-1.497.421;101;20/5/2026;20/5/2026;1001;4;B010;1;2605200252;S;COP;0
1083013;12002546;5001988515;CAJA DE POLLO;-167,300;-1.457.350;101;20/5/2026;20/5/2026;1001;4;B010;1;2605200252;S;COP;0
1083013;12002546;5001988518;CAJA DE POLLO;-150;-1.306.650;101;20/5/2026;20/5/2026;1001;4;B010;1;2605200252;S;COP;0
1083013;12002546;5001988648;CAJA DE POLLO;-167,700;-1.460.835;101;20/5/2026;20/5/2026;1001;4;B010;1;2605200252;S;COP;0
1083013;12002546;5001988653;CAJA DE POLLO;-168,800;-1.470.417;101;20/5/2026;20/5/2026;1001;4;B010;1;2605200252;S;COP;0
1083013;12002546;5001988656;CAJA DE POLLO;-153,500;-1.337.139;101;20/5/2026;20/5/2026;1001;4;B010;1;2605200252;S;COP;0
1083013;12002546;5001988661;CAJA DE POLLO;-145,500;-1.267.451;101;20/5/2026;20/5/2026;1001;4;B010;1;2605200252;S;COP;0
1083013;12002546;5001988769;CAJA DE POLLO;-166;-1.446.026;101;20/5/2026;20/5/2026;1001;4;B010;1;2605200252;S;COP;0
1083013;12002546;5001988772;CAJA DE POLLO;-189,400;-1.649.863;101;20/5/2026;20/5/2026;1001;4;B010;1;2605200252;S;COP;0
1083013;12002546;5001988776;CAJA DE POLLO;-175,500;-1.528.781;101;20/5/2026;20/5/2026;1001;4;B010;1;2605200252;S;COP;0
1083013;12002546;5001988781;CAJA DE POLLO;-184,300;-1.605.437;101;20/5/2026;20/5/2026;1001;4;B010;1;2605200252;S;COP;0
1083013;12002546;5001988786;CAJA DE POLLO;-189,100;-1.647.250;101;20/5/2026;20/5/2026;1001;4;B010;1;2605200252;S;COP;0
1083013;12002546;5001988885;CAJA DE POLLO;-30,800;-268.299;101;20/5/2026;20/5/2026;1001;4;B010;1;2605200252;S;COP;0
1083013;14002439;5001988852;ALAS ENTERAS POLLO;-147,900;-1.333.466;101;20/5/2026;20/5/2026;1001;4;B010;1;2605200256;S;COP;0
1083013;14002439;5001988857;ALAS ENTERAS POLLO;-165,900;-1.495.754;101;20/5/2026;20/5/2026;1001;4;B010;1;2605200256;S;COP;0
1083013;14002439;5001988866;ALAS ENTERAS POLLO;-168,900;-1.522.802;101;20/5/2026;20/5/2026;1001;4;B010;1;2605200256;S;COP;0
1083013;14002439;5001989124;ALAS ENTERAS POLLO;147,900;1.333.466;102;20/5/2026;20/5/2026;1001;4;B010;1;2605200256;H;COP;0
1083013;14002439;5001989125;ALAS ENTERAS POLLO;165,900;1.495.754;102;20/5/2026;20/5/2026;1001;4;B010;1;2605200256;H;COP;0
1083013;14002439;5001989127;ALAS ENTERAS POLLO;168,900;1.522.802;102;20/5/2026;20/5/2026;1001;4;B010;1;2605200256;H;COP;0
1083013;14002444;5001989291;PRESAS CRISPY CJX10BOL(18UN);-940;-25.373.420;101;20/5/2026;20/5/2026;1001;4;B010;2;2605200254;S;COP;0
1083013;14002445;5001989291;PRESAS ORIGINAL CJX10BOL(18UN;-1.708;-51.255.372;101;20/5/2026;20/5/2026;1001;4;B010;1;2605200253;S;COP;0
1083013;14002447;5001991470;PRESAS CORTADAS CJ(180UN);-90;-26.947.980;101;22/5/2026;22/5/2026;1001;4;B010;1;2605200255;S;COP;0
1083014;11001689;4916463925;PRESAS CORTADAS DE POLLO MP;1.813,200;14.968.288;261;20/5/2026;20/5/2026;1001;1;B010;1;2605190664;H;COP;1948867
1083014;11001689;4916465038;PRESAS CORTADAS DE POLLO MP;8,800;72.646;261;20/5/2026;20/5/2026;1001;1;B010;1;2605190664;H;COP;1948867
1083014;11001689;4916473379;PRESAS CORTADAS DE POLLO MP;3.057,800;26.602.860;261;20/5/2026;20/5/2026;1001;1;B010;1;2605201025;H;COP;1948867
1083014;12001209;4916473374;SALMUERA CRISPY;919,040;1.665.301;261;20/5/2026;20/5/2026;1001;1;B010;1;2605200265;H;COP;1948867
1083014;18001588;4916473374;BOLSA POLLO CRISPY  BTOX2500UN;2.000;211.529;261;20/5/2026;20/5/2026;1001;1;B010;2;2604291273;H;COP;1948867
1083014;18001602;4916462232;ETIQUETA TERMICA CJX4ROLX2605UN;200;9.600;261;20/5/2026;20/5/2026;1001;1;B010;1;2604241568;H;COP;1948867
1083014;18001602;4916462240;ETIQUETA TERMICA CJX4ROLX2605UN;200;9.600;261;20/5/2026;20/5/2026;1001;1;B010;1;2604241568;H;COP;1948867
1083014;18001602;4916462246;ETIQUETA TERMICA CJX4ROLX2605UN;200;9.600;261;20/5/2026;20/5/2026;1001;1;B010;1;2604241568;H;COP;1948867
1083014;18001602;4916466792;ETIQUETA TERMICA CJX4ROLX2605UN;200;9.600;261;20/5/2026;20/5/2026;1001;1;B010;1;2604241568;H;COP;1948867
1083014;18001602;4916466796;ETIQUETA TERMICA CJX4ROLX2605UN;200;9.600;261;20/5/2026;20/5/2026;1001;1;B010;1;2604241568;H;COP;1948867
1083014;18001602;4916469220;ETIQUETA TERMICA CJX4ROLX2605UN;200;9.600;261;20/5/2026;20/5/2026;1001;1;B010;1;2604241568;H;COP;1948867
1083014;18001602;4916469224;ETIQUETA TERMICA CJX4ROLX2605UN;200;9.600;261;20/5/2026;20/5/2026;1001;1;B010;1;2604241568;H;COP;1948867
1083014;18001602;4916469992;ETIQUETA TERMICA CJX4ROLX2605UN;200;9.600;261;20/5/2026;20/5/2026;1001;1;B010;1;2604241568;H;COP;1948867
1083014;18001602;4916469995;ETIQUETA TERMICA CJX4ROLX2605UN;200;9.600;261;20/5/2026;20/5/2026;1001;1;B010;1;2604241568;H;COP;1948867
1083014;18001602;4916470003;ETIQUETA TERMICA CJX4ROLX2605UN;200;9.600;261;20/5/2026;20/5/2026;1001;1;B010;1;2604241568;H;COP;1948867
1083014;18001612;4916473374;CINTA DE RESINA 110*450M ROLX45000CM;21.000;0;261;20/5/2026;20/5/2026;1001;1;B010;3;2603311297;H;COP;1948867
1083014;14002444;5001989157;PRESAS CRISPY CJX10BOL(18UN);-1.960;-52.906.280;101;20/5/2026;20/5/2026;1001;4;B010;1;2605200261;S;COP;0
1083015;12002517;4916466395;MIX DE SALMUERA CRISPY;208,320;2.707.535;261;20/5/2026;20/5/2026;1001;1;B010;1;2605200269;H;COP;1948869
1083015;18001596;4916466578;ETIQUETA COLORES CJX6ROLX3800UN;1;100;261;20/5/2026;20/5/2026;1001;1;B010;1;2404011303;H;COP;1948869
1083015;12001209;4916466647;SALMUERA CRISPY;-1.608,320;-2.914.276;101;20/5/2026;20/5/2026;1001;4;B010;1;2605200265;S;COP;0
1083016;11001134;4916474352;MARINADOR CRISPY INYECCION BTOX20KG;208,320;2.374.221;261;20/5/2026;20/5/2026;1003;1;B010;1;2605070590;H;COP;1948870
1083016;18001591;4916474352;BOLSA ENSALADA IMPRESA BTOX10BOLX100UN;9;2.815;261;20/5/2026;20/5/2026;1003;1;B010;2;2604221468;H;COP;1948870
1083016;18001602;4916462213;ETIQUETA TERMICA CJX4ROLX2605UN;2;96;261;20/5/2026;20/5/2026;1001;1;B010;1;2604241568;H;COP;1948870
1083016;18001602;4916474352;ETIQUETA TERMICA CJX4ROLX2605UN;14;672;261;20/5/2026;20/5/2026;1001;1;B010;4;2604241568;H;COP;1948870
1083016;18001612;4916474352;CINTA DE RESINA 110*450M ROLX45000CM;100;0;261;20/5/2026;20/5/2026;1001;1;B010;3;2603311297;H;COP;1948870
1083016;12002517;4916462209;MIX DE SALMUERA CRISPY;-208,320;-2.707.535;101;20/5/2026;20/5/2026;1003;4;B010;1;2605200269;S;COP;0
1083017;12002516;4916466555;MIX DE SALMUERA ORIGINAL;93,520;1.123.924;261;20/5/2026;20/5/2026;1001;1;B010;1;2605180806;H;COP;1948872
1083017;18001596;4916466621;ETIQUETA COLORES CJX6ROLX3800UN;1;100;261;20/5/2026;20/5/2026;1001;1;B010;1;2404011303;H;COP;1948872
1083017;11001377;4916475418;HIELO BOL(12KG);35;245.000;261;20/5/2026;20/5/2026;1001;2;B010;1;2605090948;H;COP;0
1083017;12001211;4916466700;SALMUERA IMOR;-1.493,520;-1.315.791;101;20/5/2026;20/5/2026;1001;4;B010;1;2605200270;S;COP;0
1083018;11000341;4916475614;MARINADOR CRISPY 15.66KG CJX60UN;8;28.612;261;20/5/2026;20/5/2026;1001;1;B010;3;2603050867;H;COP;1948916
1083018;14002440;4916475614;CARNE DE STRIPS;628,400;10.312.673;261;20/5/2026;20/5/2026;1001;1;B010;2;2605200221;H;COP;1948916
1083018;18001586;4916475614;BOLSA FUELLE  BTOX50BOLX100UN;1.210;68.348;261;20/5/2026;20/5/2026;1001;1;B010;4;2604291357;H;COP;1948916
1083018;18001602;4916462487;ETIQUETA TERMICA CJX4ROLX2605UN;300;14.400;261;20/5/2026;20/5/2026;1001;1;B010;1;2604241568;H;COP;1948916
1083018;18001602;4916473592;ETIQUETA TERMICA CJX4ROLX2605UN;200;9.600;261;20/5/2026;20/5/2026;1001;1;B010;1;2604290726;H;COP;1948916
1083018;18001602;4916473669;ETIQUETA TERMICA CJX4ROLX2605UN;200;9.600;261;20/5/2026;20/5/2026;1001;1;B010;1;2604290726;H;COP;1948916
1083018;18001602;4916473914;ETIQUETA TERMICA CJX4ROLX2605UN;200;9.600;261;20/5/2026;20/5/2026;1001;1;B010;1;2604290726;H;COP;1948916
1083018;18001612;4916475614;CINTA DE RESINA 110*450M ROLX45000CM;3.245,800;0;261;20/5/2026;20/5/2026;1001;1;B010;5;2603311297;H;COP;1948916
1083018;11000092;4916475614;CARRAGENINA BTOX25KG;0,295;10.070;261;20/5/2026;20/5/2026;1001;2;B010;6;2603091072;H;COP;0
1083018;11001130;4916475614;SAL YODADA  BTOX25UNX0.5KG;5,400;12.340;261;20/5/2026;20/5/2026;1001;2;B010;7;2604220955;H;COP;0
1083018;11001377;4916475614;HIELO BOL(12KG);10;70.000;261;20/5/2026;20/5/2026;1001;2;B010;9;2605090948;H;COP;0
1083018;18001590;4916475614;BOLSA FUNDA PERFORADA BTOX10BOLX100UN;115;26.433;261;20/5/2026;20/5/2026;1004;2;B010;8;2604291332;H;COP;0
1083018;14002441;4916475202;STRIPS MARINADO BOL(20UN);-563;-9.490.491;101;20/5/2026;20/5/2026;1001;4;B010;1;2605200330;S;COP;0
1083018;14002441;4916475614;STRIPS MARINADO BOL(20UN);-60;-1.011.420;101;20/5/2026;20/5/2026;1001;4;B010;1;2605200330;S;COP;0
1083019;11000341;4916465054;MARINADOR CRISPY 15.66KG CJX60UN;6;21.459;261;20/5/2026;20/5/2026;1001;1;B010;3;2603050867;H;COP;1948926
1083019;11001377;4916475643;HIELO BOL(12KG);10;70.000;261;20/5/2026;20/5/2026;1001;1;B010;2;2605090948;H;COP;1948926
1083019;14002446;4916465054;CARNE BIG CRUNCH;55;881.540;261;20/5/2026;20/5/2026;1001;1;B010;2;2605180265;H;COP;1948926
1083019;14002446;4916469187;CARNE BIG CRUNCH;266;4.263.448;261;20/5/2026;20/5/2026;1001;1;B010;1;2605200224;H;COP;1948926
1083019;14002446;4916469280;CARNE BIG CRUNCH;165,400;2.651.031;261;20/5/2026;20/5/2026;1001;1;B010;1;2605190174;H;COP;1948926
1083019;14002446;4916472166;CARNE BIG CRUNCH;266;4.263.449;261;20/5/2026;20/5/2026;1001;1;B010;1;2605200224;H;COP;1948926
1083019;18001585;4916465054;BOLSA FUNDA BTOX10BOLX100UN;2;430;261;20/5/2026;20/5/2026;1001;1;B010;5;2604151095;H;COP;1948926
1083019;18001586;4916465054;BOLSA FUELLE  BTOX50BOLX100UN;30;1.647;261;20/5/2026;20/5/2026;1001;1;B010;4;2604291357;H;COP;1948926
1083019;18001586;4916475643;BOLSA FUELLE  BTOX50BOLX100UN;2.150;121.445;261;20/5/2026;20/5/2026;1001;1;B010;1;2604291357;H;COP;1948926
1083019;18001602;4916462557;ETIQUETA TERMICA CJX4ROLX2605UN;300;14.400;261;20/5/2026;20/5/2026;1001;1;B010;1;2604290726;H;COP;1948926
1083019;18001602;4916467497;ETIQUETA TERMICA CJX4ROLX2605UN;300;14.400;261;20/5/2026;20/5/2026;1001;1;B010;1;2604241568;H;COP;1948926
1083019;18001602;4916470306;ETIQUETA TERMICA CJX4ROLX2605UN;200;9.600;261;20/5/2026;20/5/2026;1001;1;B010;1;2604241568;H;COP;1948926
1083019;18001602;4916470587;ETIQUETA TERMICA CJX4ROLX2605UN;200;9.600;261;20/5/2026;20/5/2026;1001;1;B010;1;2604241568;H;COP;1948926
1083019;18001602;4916471363;ETIQUETA TERMICA CJX4ROLX2605UN;200;9.600;261;20/5/2026;20/5/2026;1001;1;B010;1;2604290726;H;COP;1948926
1083019;18001602;4916471385;ETIQUETA TERMICA CJX4ROLX2605UN;200;9.600;261;20/5/2026;20/5/2026;1001;1;B010;1;2604290726;H;COP;1948926
1083019;18001602;4916472689;ETIQUETA TERMICA CJX4ROLX2605UN;200;9.600;261;20/5/2026;20/5/2026;1001;1;B010;1;2604290726;H;COP;1948926
1083019;18001602;4916474411;ETIQUETA TERMICA CJX4ROLX2605UN;250;12.000;261;20/5/2026;20/5/2026;1001;1;B010;1;2604290726;H;COP;1948926
1083019;18001602;4916474609;ETIQUETA TERMICA CJX4ROLX2605UN;100;4.800;261;20/5/2026;20/5/2026;1001;1;B010;1;2604290726;H;COP;1948926
1083019;18001612;4916475643;CINTA DE RESINA 110*450M ROLX45000CM;1.245,800;0;261;20/5/2026;20/5/2026;1001;1;B010;3;2603311297;H;COP;1948926
1083019;14002427;4916465054;BIG CRUNCH MARINADO BOL(10UN);-100;-943.000;101;20/5/2026;20/5/2026;1001;4;B010;1;2605200339;S;COP;0
1083019;14002427;4916475197;BIG CRUNCH MARINADO BOL(10UN);-917;-8.647.310;101;20/5/2026;20/5/2026;1001;4;B010;1;2605200339;S;COP;0
1083020;11000341;4916464570;MARINADOR CRISPY 15.66KG CJX60UN;9;32.189;261;20/5/2026;20/5/2026;1001;1;B010;2;2603050867;H;COP;1948932
1083020;11000341;4916475574;MARINADOR CRISPY 15.66KG CJX60UN;2;7.153;261;20/5/2026;20/5/2026;1001;1;B010;2;2603050867;H;COP;1948932
1083020;14002440;4916469248;CARNE DE STRIPS;109,900;1.803.569;261;20/5/2026;20/5/2026;1001;1;B010;1;2605190171;H;COP;1948932
1083020;14002440;4916475574;CARNE DE STRIPS;37;607.207;261;20/5/2026;20/5/2026;1001;1;B010;1;2605200221;H;COP;1948932
1083020;18001585;4916464570;BOLSA FUNDA BTOX10BOLX100UN;4;860;261;20/5/2026;20/5/2026;1001;1;B010;4;2604151095;H;COP;1948932
1083020;18001586;4916464570;BOLSA FUELLE  BTOX50BOLX100UN;46;2.526;261;20/5/2026;20/5/2026;1001;1;B010;3;2604291357;H;COP;1948932
1083020;18001586;4916475574;BOLSA FUELLE  BTOX50BOLX100UN;210;11.862;261;20/5/2026;20/5/2026;1001;1;B010;3;2604291357;H;COP;1948932
1083020;18001602;4916462584;ETIQUETA TERMICA CJX4ROLX2605UN;300;14.400;261;20/5/2026;20/5/2026;1001;1;B010;1;2604290726;H;COP;1948932
1083020;18001602;4916470415;ETIQUETA TERMICA CJX4ROLX2605UN;200;9.600;261;20/5/2026;20/5/2026;1001;1;B010;1;2604241568;H;COP;1948932
1083020;18001612;4916464570;CINTA DE RESINA 110*450M ROLX45000CM;750;0;261;20/5/2026;20/5/2026;1001;1;B010;5;2603311297;H;COP;1948932
1083020;18001612;4916475574;CINTA DE RESINA 110*450M ROLX45000CM;2.145,800;0;261;20/5/2026;20/5/2026;1001;1;B010;4;2603311297;H;COP;1948932
1083020;11000092;4916464570;CARRAGENINA BTOX25KG;0,075;2.560;261;20/5/2026;20/5/2026;1001;2;B010;6;2603091072;H;COP;0
1083020;11000092;4916475574;CARRAGENINA BTOX25KG;0,069;2.355;261;20/5/2026;20/5/2026;1001;2;B010;5;2603091072;H;COP;0
1083020;11001130;4916475574;SAL YODADA  BTOX25UNX0.5KG;1,263;2.886;261;20/5/2026;20/5/2026;1001;2;B010;6;2604220955;H;COP;0
1083020;14002441;4916464570;STRIPS MARINADO BOL(20UN);-150;-2.528.550;101;20/5/2026;20/5/2026;1001;4;B010;1;2605200347;S;COP;0
1083021;12002532;4916462994;ALAS CORTADAS POLLO;266,400;2.830.234;261;20/5/2026;20/5/2026;1007;1;B010;1;2605150121;H;COP;1948990
1083021;12002532;4916462994;ALAS CORTADAS POLLO;37,100;394.150;261;20/5/2026;20/5/2026;1007;1;B010;2;2605130119;H;COP;1948990
1083021;12002532;4916462994;ALAS CORTADAS POLLO;9,400;99.866;261;20/5/2026;20/5/2026;1007;1;B010;3;2605110126;H;COP;1948990
1083021;18001585;4916475649;BOLSA FUNDA BTOX10BOLX100UN;70;15.092;261;21/5/2026;21/5/2026;1001;1;B010;1;2604151095;H;COP;1948990
1083021;18001596;4916463031;ETIQUETA COLORES CJX6ROLX3800UN;35;3.500;261;20/5/2026;20/5/2026;1001;1;B010;1;2404011303;H;COP;1948990
1083021;18001596;4916475649;ETIQUETA COLORES CJX6ROLX3800UN;35;3.500;261;21/5/2026;21/5/2026;1001;1;B010;3;2404011303;H;COP;1948990
1083021;18001612;4916475649;CINTA DE RESINA 110*450M ROLX45000CM;175;0;261;21/5/2026;21/5/2026;1001;1;B010;2;2603311297;H;COP;1948990
1083021;12002532;4916462994;ALAS CORTADAS POLLO;157,700;1.675.405;261;20/5/2026;20/5/2026;1001;2;B010;4;2605160083;H;COP;0
1083021;12002532;4916462994;ALAS CORTADAS POLLO;28,100;298.534;261;20/5/2026;20/5/2026;1001;2;B010;5;2605150121;H;COP;0
1083021;12002532;4916462994;ALAS CORTADAS POLLO;201,300;2.138.611;261;20/5/2026;20/5/2026;1001;2;B010;6;2605180200;H;COP;0
1083021;12002535;5001987706;ALAS CORTADAS POLLO CONGELADAS;-200;-2.225.400;101;20/5/2026;20/5/2026;1001;4;B010;1;2605200431;S;COP;0
1083021;12002535;5001987707;ALAS CORTADAS POLLO CONGELADAS;-200;-2.225.400;101;20/5/2026;20/5/2026;1001;4;B010;1;2605200431;S;COP;0
1083021;12002535;5001987708;ALAS CORTADAS POLLO CONGELADAS;-200;-2.225.400;101;20/5/2026;20/5/2026;1001;4;B010;1;2605200431;S;COP;0
1083021;12002535;5001987709;ALAS CORTADAS POLLO CONGELADAS;-100;-1.112.700;101;20/5/2026;20/5/2026;1001;4;B010;1;2605200431;S;COP;0
1083022;11001137;4916493223;SALSA DE CHOCOLATE CJX12KG;77;878.287;261;21/5/2026;21/5/2026;1008;1;B010;2;2604221530;H;COP;1949023
1083022;11001137;4916498873;SALSA DE CHOCOLATE CJX12KG;95;1.083.601;261;22/5/2026;22/5/2026;1008;1;B010;1;2604221530;H;COP;1949023
1083022;11001137;4916507771;SALSA DE CHOCOLATE CJX12KG;34;387.815;261;22/5/2026;22/5/2026;1008;1;B010;2;2604221530;H;COP;1949023
1083022;18001597;4916493223;ETIQUETA POSTRES CJX6ROLX10786UN;10.500;851.914;261;21/5/2026;21/5/2026;1008;1;B010;5;2401300920;H;COP;1949023
1083022;18001597;4916507771;ETIQUETA POSTRES CJX6ROLX10786UN;2.500;202.837;261;22/5/2026;22/5/2026;1008;1;B010;5;2401300920;H;COP;1949023
1083022;18001602;4916463143;ETIQUETA TERMICA CJX4ROLX2605UN;103;4.944;261;20/5/2026;20/5/2026;1008;1;B010;1;2604290726;H;COP;1949023
1083022;18001602;4916500806;ETIQUETA TERMICA CJX4ROLX2605UN;40;1.920;261;22/5/2026;22/5/2026;1008;1;B010;1;2604290726;H;COP;1949023
1083022;18001612;4916493223;CINTA DE RESINA 110*450M ROLX45000CM;12.000;0;261;21/5/2026;21/5/2026;1008;1;B010;6;2603311297;H;COP;1949023
1083022;18001612;4916507771;CINTA DE RESINA 110*450M ROLX45000CM;16.920;0;261;22/5/2026;22/5/2026;1008;1;B010;6;2603311297;H;COP;1949023
1083022;18001664;4916493223;CAJA HELADOS C790 50X34 BTOX25UN;109;522.459;261;21/5/2026;21/5/2026;1008;1;B010;7;2605060291;H;COP;1949023
1083022;18001664;4916507771;CAJA HELADOS C790 50X34 BTOX25UN;20;95.864;261;22/5/2026;22/5/2026;1008;1;B010;7;2605060291;H;COP;1949023
1083022;18001665;4916493223;SEPARADOR HELADO BOLX50UN;300;162.600;261;21/5/2026;21/5/2026;1008;1;B010;8;2604300729;H;COP;1949023
1083022;18001665;4916507771;SEPARADOR HELADO BOLX50UN;60;32.520;261;22/5/2026;22/5/2026;1008;1;B010;8;2604300729;H;COP;1949023
1083022;18001776;4916493223;TAPA PAPEL 7.25OZ CJX35BOLX50UN;10.600;916.651;261;21/5/2026;21/5/2026;1008;1;B010;4;2604201130;H;COP;1949023
1083022;18001776;4916507771;TAPA PAPEL 7.25OZ CJX35BOLX50UN;2.120;183.330;261;22/5/2026;22/5/2026;1008;1;B010;4;2604201130;H;COP;1949023
1083022;18001885;4916493223;VASO SUNDAE CHOCOLATE 7.25OZ CJX35BOLX50;10.500;796.222;261;21/5/2026;21/5/2026;1008;1;B010;3;2602140518;H;COP;1949023
1083022;18001885;4916507771;VASO SUNDAE CHOCOLATE 7.25OZ CJX35BOLX50;843;63.925;261;22/5/2026;22/5/2026;1008;1;B010;3;2602140518;H;COP;1949023
1083022;18001885;4916513189;VASO SUNDAE CHOCOLATE 7.25OZ CJX35BOLX50;1.221;92.589;261;23/5/2026;23/5/2026;1008;1;B010;1;2602140518;H;COP;1949023
1083022;11001128;4916493223;BASE HELADO VAINILLA CJX13.2KG;138,920;680.437;261;21/5/2026;21/5/2026;1008;2;B010;10;2604300888;H;COP;0
1083022;11001128;4916493223;BASE HELADO VAINILLA CJX13.2KG;1.007,800;4.936.253;261;21/5/2026;21/5/2026;1008;2;B010;11;2605080638;H;COP;0
1083022;11001128;4916507771;BASE HELADO VAINILLA CJX13.2KG;231;1.131.463;261;22/5/2026;22/5/2026;1008;2;B010;10;2605080638;H;COP;0
1083022;18001932;4916493223;SEPARADOR HELADO TROQUELADO BOL(50UN);110;87.450;261;21/5/2026;21/5/2026;1008;2;B010;9;2604300309;H;COP;0
1083022;18001932;4916507771;SEPARADOR HELADO TROQUELADO BOL(50UN);20;15.900;261;22/5/2026;22/5/2026;1008;2;B010;9;2604300309;H;COP;0
1083022;14003025;4916473310;SUNDAE DE CHOCOLATE CJ(105UN);-20;-2.688.580;101;20/5/2026;20/5/2026;1008;4;B010;1;2605200468;S;COP;0
1083022;14003025;4916473323;SUNDAE DE CHOCOLATE CJ(105UN);-20;-2.688.580;101;20/5/2026;20/5/2026;1008;4;B010;1;2605200468;S;COP;0
1083022;14003025;4916493223;SUNDAE DE CHOCOLATE CJ(105UN);-60;-8.065.740;101;21/5/2026;21/5/2026;1008;4;B010;1;2605200468;S;COP;0
1083022;14003025;4916507771;SUNDAE DE CHOCOLATE CJ(105UN);-20;-2.688.580;101;22/5/2026;22/5/2026;1008;4;B010;1;2605200468;S;COP;0
1083025;11001135;4916475740;MARINADO PICANTE CJX25UN;185;5.278.250;261;21/5/2026;21/5/2026;1001;1;B010;3;2605070456;H;COP;1949108
1083025;11001377;4916475740;HIELO BOL(12KG);20;140.000;261;21/5/2026;21/5/2026;1001;1;B010;5;2605090948;H;COP;1949108
1083025;12002532;4916466275;ALAS CORTADAS POLLO;1.114,200;11.837.261;261;20/5/2026;20/5/2026;1001;1;B010;1;2605180200;H;COP;1949108
1083025;12002532;4916466332;ALAS CORTADAS POLLO;990,200;10.519.885;261;20/5/2026;20/5/2026;1001;1;B010;1;2605190160;H;COP;1949108
1083025;12002532;4916471772;ALAS CORTADAS POLLO;461,800;4.906.163;261;20/5/2026;20/5/2026;1001;1;B010;1;2605200257;H;COP;1949108
1083025;12002532;4916475740;ALAS CORTADAS POLLO;471,490;5.009.110;261;21/5/2026;21/5/2026;1001;1;B010;1;2605180200;H;COP;1949108
1083025;12002532;4916475740;ALAS CORTADAS POLLO;414,710;4.405.879;261;21/5/2026;21/5/2026;1001;1;B010;2;2605190160;H;COP;1949108
1083025;18001586;4916475740;BOLSA FUELLE  BTOX50BOLX100UN;2.850;160.985;261;21/5/2026;21/5/2026;1001;1;B010;4;2604291357;H;COP;1949108
1083025;18001602;4916463745;ETIQUETA TERMICA CJX4ROLX2605UN;300;14.400;261;20/5/2026;20/5/2026;1001;1;B010;1;2604290726;H;COP;1949108
1083025;18001602;4916463761;ETIQUETA TERMICA CJX4ROLX2605UN;300;14.400;261;20/5/2026;20/5/2026;1001;1;B010;1;2604290726;H;COP;1949108
1083025;18001602;4916463765;ETIQUETA TERMICA CJX4ROLX2605UN;300;14.400;261;20/5/2026;20/5/2026;1001;1;B010;1;2604290726;H;COP;1949108
1083025;18001602;4916463784;ETIQUETA TERMICA CJX4ROLX2605UN;300;14.400;261;20/5/2026;20/5/2026;1001;1;B010;1;2604290726;H;COP;1949108
1083025;18001602;4916470847;ETIQUETA TERMICA CJX4ROLX2605UN;300;14.400;261;20/5/2026;20/5/2026;1001;1;B010;1;2604241568;H;COP;1949108
1083025;18001602;4916470877;ETIQUETA TERMICA CJX4ROLX2605UN;300;14.400;261;20/5/2026;20/5/2026;1001;1;B010;1;2604241568;H;COP;1949108
1083025;18001602;4916472292;ETIQUETA TERMICA CJX4ROLX2605UN;300;14.400;261;20/5/2026;20/5/2026;1001;1;B010;1;2604290726;H;COP;1949108
1083025;18001602;4916472346;ETIQUETA TERMICA CJX4ROLX2605UN;300;14.400;261;20/5/2026;20/5/2026;1001;1;B010;1;2604290726;H;COP;1949108
1083025;18001602;4916472866;ETIQUETA TERMICA CJX4ROLX2605UN;200;9.600;261;20/5/2026;20/5/2026;1001;1;B010;1;2604290726;H;COP;1949108
1083025;18001602;4916472947;ETIQUETA TERMICA CJX4ROLX2605UN;200;9.600;261;20/5/2026;20/5/2026;1001;1;B010;1;2604290726;H;COP;1949108
1083025;18001602;4916474073;ETIQUETA TERMICA CJX4ROLX2605UN;150;7.200;261;20/5/2026;20/5/2026;1001;1;B010;1;2604290726;H;COP;1949108
1083025;18001612;4916475740;CINTA DE RESINA 110*450M ROLX45000CM;2.145,800;0;261;21/5/2026;21/5/2026;1001;1;B010;6;2603311297;H;COP;1949108
1083025;14002429;4916475176;ALAS HOT WINGS BOL(40UN);-2.466;-38.822.238;101;20/5/2026;20/5/2026;1001;4;B010;1;2605200563;S;COP;0
1083027;13000365;4916474424;ASERRIN HUESO DE POLLO;-80;-80;531;20/5/2026;20/5/2026;1001;1;B010;1;2605200846;S;COP;1949293
1083027;13000365;4916494486;ASERRIN HUESO DE POLLO;-51;-51;531;22/5/2026;22/5/2026;1001;1;B010;1;2605200846;S;COP;1949293
1083027;13000367;4916472169;COSTILLA DE POLLO;700;910.000;261;20/5/2026;20/5/2026;1001;1;B010;1;2605180252;H;COP;1949293
1083027;13000367;4916472194;COSTILLA DE POLLO;751,400;976.820;261;20/5/2026;20/5/2026;1001;1;B010;1;2605180252;H;COP;1949293
1083027;13000367;4916472225;COSTILLA DE POLLO;560;728.000;261;20/5/2026;20/5/2026;1001;1;B010;1;2605190169;H;COP;1949293
1083027;13000368;4916472255;GRASA DE POLLO;60;18.000;261;20/5/2026;20/5/2026;1001;1;B010;1;2605190155;H;COP;1949293
1083027;13000368;4916488631;GRASA DE POLLO;20;6.000;261;21/5/2026;21/5/2026;1001;1;B010;1;2605200252;H;COP;1949293
1083027;13000371;4916472147;PUNTILLAS;60;12.000;261;20/5/2026;20/5/2026;1001;1;B010;1;2605180195;H;COP;1949293
1083027;13000371;4916472261;PUNTILLAS;20;4.000;261;20/5/2026;20/5/2026;1001;1;B010;1;2605190155;H;COP;1949293
1083027;13000371;4916472266;PUNTILLAS;60;12.000;261;20/5/2026;20/5/2026;1001;1;B010;1;2605180195;H;COP;1949293
1083027;13000371;4916472272;PUNTILLAS;40;8.000;261;20/5/2026;20/5/2026;1001;1;B010;1;2605180195;H;COP;1949293
1083027;13000371;4916488638;PUNTILLAS;60;12.000;261;21/5/2026;21/5/2026;1001;1;B010;1;2605190155;H;COP;1949293
1083027;18001585;4916494501;BOLSA FUNDA BTOX10BOLX100UN;103;22.207;261;22/5/2026;22/5/2026;1001;1;B010;2;2604151095;H;COP;1949293
1083027;18001593;4916494501;BOLSA PASTA DE POLLO BTOX9BOLX50UN;185;142.665;261;22/5/2026;22/5/2026;1001;1;B010;1;2604291279;H;COP;1949293
1083027;18001602;4916473509;ETIQUETA TERMICA CJX4ROLX2605UN;100;4.800;261;20/5/2026;20/5/2026;1001;1;B010;1;2604241568;H;COP;1949293
1083027;18001602;4916474419;ETIQUETA TERMICA CJX4ROLX2605UN;1;48;261;20/5/2026;20/5/2026;1001;1;B010;1;2604241568;H;COP;1949293
1083027;18001602;4916474422;ETIQUETA TERMICA CJX4ROLX2605UN;1;48;261;20/5/2026;20/5/2026;1001;1;B010;1;2604241568;H;COP;1949293
1083027;18001612;4916494501;CINTA DE RESINA 110*450M ROLX45000CM;3.245,800;0;261;22/5/2026;22/5/2026;1001;1;B010;3;2603311297;H;COP;1949293
1083027;13000367;4916589099;COSTILLA DE POLLO;-35,800;-46.540;262;29/5/2026;29/5/2026;1001;2;B010;1;2605190169;S;COP;0
1083027;14002442;5001989310;PASTA DE POLLO;-2.130;-5.212.110;101;20/5/2026;20/5/2026;1001;4;B010;1;2605200846;S;COP;0
1083028;11000341;4916475551;MARINADOR CRISPY 15.66KG CJX60UN;107;382.691;261;20/5/2026;20/5/2026;1001;1;B010;3;2603050867;H;COP;1949305
1083028;11001377;4916475551;HIELO BOL(12KG);10;70.000;261;20/5/2026;20/5/2026;1001;1;B010;5;2605090948;H;COP;1949305
1083028;12002548;4916469146;CARNE POLLO CORTADA PARA POP CORN;805,100;12.410.618;261;20/5/2026;20/5/2026;1001;1;B010;1;2605200220;H;COP;1949305
1083028;12002548;4916469356;CARNE POLLO CORTADA PARA POP CORN;135,400;2.087.191;261;20/5/2026;20/5/2026;1001;1;B010;1;2605190170;H;COP;1949305
1083028;12002548;4916469370;CARNE POLLO CORTADA PARA POP CORN;135,400;2.087.191;261;20/5/2026;20/5/2026;1001;1;B010;1;2605190170;H;COP;1949305
1083028;12002548;4916472052;CARNE POLLO CORTADA PARA POP CORN;334,900;5.162.484;261;20/5/2026;20/5/2026;1001;1;B010;1;2605200220;H;COP;1949305
1083028;12002548;4916475551;CARNE POLLO CORTADA PARA POP CORN;28,500;439.328;261;20/5/2026;20/5/2026;1001;1;B010;1;2605190170;H;COP;1949305
1083028;12002548;4916475551;CARNE POLLO CORTADA PARA POP CORN;584,200;9.005.444;261;20/5/2026;20/5/2026;1001;1;B010;2;2605200220;H;COP;1949305
1083028;18001586;4916475551;BOLSA FUELLE  BTOX50BOLX100UN;2.950;166.633;261;20/5/2026;20/5/2026;1001;1;B010;4;2604291357;H;COP;1949305
1083028;18001602;4916465530;ETIQUETA TERMICA CJX4ROLX2605UN;300;14.400;261;20/5/2026;20/5/2026;1001;1;B010;1;2604290726;H;COP;1949305
1083028;18001602;4916465535;ETIQUETA TERMICA CJX4ROLX2605UN;300;14.400;261;20/5/2026;20/5/2026;1001;1;B010;1;2604290726;H;COP;1949305
1083028;18001602;4916465561;ETIQUETA TERMICA CJX4ROLX2605UN;300;14.400;261;20/5/2026;20/5/2026;1001;1;B010;1;2604290726;H;COP;1949305
1083028;18001602;4916467473;ETIQUETA TERMICA CJX4ROLX2605UN;300;14.400;261;20/5/2026;20/5/2026;1001;1;B010;1;2604290726;H;COP;1949305
1083028;18001602;4916470355;ETIQUETA TERMICA CJX4ROLX2605UN;400;19.200;261;20/5/2026;20/5/2026;1001;1;B010;1;2604241568;H;COP;1949305
1083028;18001602;4916470358;ETIQUETA TERMICA CJX4ROLX2605UN;200;9.600;261;20/5/2026;20/5/2026;1001;1;B010;1;2604241568;H;COP;1949305
1083028;18001602;4916470376;ETIQUETA TERMICA CJX4ROLX2605UN;200;9.600;261;20/5/2026;20/5/2026;1001;1;B010;1;2604241568;H;COP;1949305
1083028;18001602;4916470402;ETIQUETA TERMICA CJX4ROLX2605UN;600;28.799;261;20/5/2026;20/5/2026;1001;1;B010;1;2604241568;H;COP;1949305
1083028;18001602;4916471456;ETIQUETA TERMICA CJX4ROLX2605UN;600;28.799;261;20/5/2026;20/5/2026;1001;1;B010;1;2604241568;H;COP;1949305
1083028;18001602;4916471841;ETIQUETA TERMICA CJX4ROLX2605UN;300;14.400;261;20/5/2026;20/5/2026;1001;1;B010;1;2604290726;H;COP;1949305
1083028;18001602;4916472252;ETIQUETA TERMICA CJX4ROLX2605UN;300;14.400;261;20/5/2026;20/5/2026;1001;1;B010;1;2604290726;H;COP;1949305
1083028;18001602;4916472319;ETIQUETA TERMICA CJX4ROLX2605UN;300;14.400;261;20/5/2026;20/5/2026;1001;1;B010;1;2604290726;H;COP;1949305
1083028;18001612;4916475551;CINTA DE RESINA 110*450M ROLX45000CM;1.245,800;0;261;20/5/2026;20/5/2026;1001;1;B010;6;2603311297;H;COP;1949305
1083028;18001590;4916475551;BOLSA FUNDA PERFORADA BTOX10BOLX100UN;210;48.270;261;20/5/2026;20/5/2026;1004;2;B010;7;2604291332;H;COP;0
1083028;14002613;4916475182;POP CORN BOL(0,88KG);-2.615;-31.866.390;101;20/5/2026;20/5/2026;1001;4;B010;1;2605200866;S;COP;0
1083029;12002547;4916468281;CARNE FILETE DE POLLO;118,700;1.748.214;261;20/5/2026;20/5/2026;1001;1;B010;1;2605200217;H;COP;1949452
1083029;12002547;4916468284;CARNE FILETE DE POLLO;123,100;1.813.017;261;20/5/2026;20/5/2026;1001;1;B010;1;2605200217;H;COP;1949452
1083029;12002547;4916468288;CARNE FILETE DE POLLO;115,200;1.696.666;261;20/5/2026;20/5/2026;1001;1;B010;1;2605200217;H;COP;1949452
1083029;12002547;4916468289;CARNE FILETE DE POLLO;120,500;1.774.724;261;20/5/2026;20/5/2026;1001;1;B010;1;2605200217;H;COP;1949452
1083029;12002547;4916468293;CARNE FILETE DE POLLO;120,600;1.776.197;261;20/5/2026;20/5/2026;1001;1;B010;1;2605200217;H;COP;1949452
1083029;12002547;4916468296;CARNE FILETE DE POLLO;119,100;1.754.105;261;20/5/2026;20/5/2026;1001;1;B010;1;2605200217;H;COP;1949452
1083029;12002547;4916468299;CARNE FILETE DE POLLO;127;1.870.456;261;20/5/2026;20/5/2026;1001;1;B010;1;2605200217;H;COP;1949452
1083029;12002547;4916468303;CARNE FILETE DE POLLO;115,300;1.698.138;261;20/5/2026;20/5/2026;1001;1;B010;1;2605200217;H;COP;1949452
1083029;12002547;4916468305;CARNE FILETE DE POLLO;101,200;1.490.474;261;20/5/2026;20/5/2026;1001;1;B010;1;2605200217;H;COP;1949452
1083029;18001585;4916475669;BOLSA FUNDA BTOX10BOLX100UN;53;11.427;261;21/5/2026;21/5/2026;1001;1;B010;1;2604151095;H;COP;1949452
1083029;18001596;4916468140;ETIQUETA COLORES CJX6ROLX3800UN;7;700;261;20/5/2026;20/5/2026;1001;1;B010;1;2404011303;H;COP;1949452
1083029;18001596;4916468213;ETIQUETA COLORES CJX6ROLX3800UN;53;5.299;261;20/5/2026;20/5/2026;1001;1;B010;1;2404011303;H;COP;1949452
1083029;18001596;4916468320;ETIQUETA COLORES CJX6ROLX3800UN;1;100;261;20/5/2026;20/5/2026;1001;1;B010;1;2404011303;H;COP;1949452
1083029;18001596;4916475669;ETIQUETA COLORES CJX6ROLX3800UN;53;5.299;261;21/5/2026;21/5/2026;1001;1;B010;3;2404011303;H;COP;1949452
1083029;18001612;4916475669;CINTA DE RESINA 110*450M ROLX45000CM;265;0;261;21/5/2026;21/5/2026;1001;1;B010;2;2603311297;H;COP;1949452
1083029;12002528;5001988442;PECHUGA CONGELADA;-140;-2.179.380;101;20/5/2026;20/5/2026;1001;4;B010;1;2605201071;S;COP;0
1083029;12002528;5001988443;PECHUGA CONGELADA;-140;-2.179.380;101;20/5/2026;20/5/2026;1001;4;B010;1;2605201071;S;COP;0
1083029;12002528;5001988444;PECHUGA CONGELADA;-140;-2.179.380;101;20/5/2026;20/5/2026;1001;4;B010;1;2605201071;S;COP;0
1083029;12002528;5001988445;PECHUGA CONGELADA;-140;-2.179.380;101;20/5/2026;20/5/2026;1001;4;B010;1;2605201071;S;COP;0
1083029;12002528;5001988446;PECHUGA CONGELADA;-140;-2.179.380;101;20/5/2026;20/5/2026;1001;4;B010;1;2605201071;S;COP;0
1083029;12002528;5001988447;PECHUGA CONGELADA;-140;-2.179.380;101;20/5/2026;20/5/2026;1001;4;B010;1;2605201071;S;COP;0
1083029;12002528;5001988448;PECHUGA CONGELADA;-140;-2.179.380;101;20/5/2026;20/5/2026;1001;4;B010;1;2605201071;S;COP;0
1083029;12002528;5001988463;PECHUGA CONGELADA;-80;-1.245.360;101;20/5/2026;20/5/2026;1001;4;B010;1;2605201071;S;COP;0
1083030;11000341;4916475480;MARINADOR CRISPY 15.66KG CJX60UN;10;35.766;261;20/5/2026;20/5/2026;1001;1;B010;3;2603050867;H;COP;1949668
1083030;11001377;4916475480;HIELO BOL(12KG);12;84.000;261;20/5/2026;20/5/2026;1001;1;B010;5;2605090948;H;COP;1949668
1083030;14002437;4916475480;CARNE PARA KENTUCKY SANDWNCH;133;2.252.355;261;20/5/2026;20/5/2026;1001;1;B010;1;2605180264;H;COP;1949668
1083030;14002437;4916475480;CARNE PARA KENTUCKY SANDWNCH;406,980;6.892.206;261;20/5/2026;20/5/2026;1001;1;B010;2;2605200223;H;COP;1949668
1083030;18001585;4916475480;BOLSA FUNDA BTOX10BOLX100UN;45;9.702;261;20/5/2026;20/5/2026;1001;1;B010;6;2604151095;H;COP;1949668
1083030;18001586;4916475480;BOLSA FUELLE  BTOX50BOLX100UN;1.450;81.904;261;20/5/2026;20/5/2026;1001;1;B010;4;2604291357;H;COP;1949668
1083030;18001602;4916471217;ETIQUETA TERMICA CJX4ROLX2605UN;300;14.400;261;20/5/2026;20/5/2026;1001;1;B010;1;2604290726;H;COP;1949668
1083030;18001602;4916473887;ETIQUETA TERMICA CJX4ROLX2605UN;100;4.800;261;20/5/2026;20/5/2026;1001;1;B010;1;2604290726;H;COP;1949668
1083030;18001602;4916474097;ETIQUETA TERMICA CJX4ROLX2605UN;200;9.600;261;20/5/2026;20/5/2026;1001;1;B010;1;2604290726;H;COP;1949668
1083030;18001602;4916474142;ETIQUETA TERMICA CJX4ROLX2605UN;200;9.600;261;20/5/2026;20/5/2026;1001;1;B010;1;2604290726;H;COP;1949668
1083030;18001602;4916474172;ETIQUETA TERMICA CJX4ROLX2605UN;400;19.200;261;20/5/2026;20/5/2026;1001;1;B010;1;2604290726;H;COP;1949668
1083030;18001602;4916474391;ETIQUETA TERMICA CJX4ROLX2605UN;100;4.800;261;20/5/2026;20/5/2026;1001;1;B010;1;2604290726;H;COP;1949668
1083030;18001602;4916474445;ETIQUETA TERMICA CJX4ROLX2605UN;50;2.400;261;20/5/2026;20/5/2026;1001;1;B010;1;2604290726;H;COP;1949668
1083030;18001602;4916474469;ETIQUETA TERMICA CJX4ROLX2605UN;150;7.200;261;20/5/2026;20/5/2026;1001;1;B010;1;2604290726;H;COP;1949668
1083030;18001602;4916474596;ETIQUETA TERMICA CJX4ROLX2605UN;200;9.600;261;20/5/2026;20/5/2026;1001;1;B010;1;2604290726;H;COP;1949668
1083030;18001612;4916475480;CINTA DE RESINA 110*450M ROLX45000CM;2.145,800;0;261;20/5/2026;20/5/2026;1001;1;B010;7;2603311297;H;COP;1949668
1083030;11000092;4916475480;CARRAGENINA BTOX25KG;0,253;8.636;261;20/5/2026;20/5/2026;1001;2;B010;8;2603091072;H;COP;0
1083030;11001130;4916475480;SAL YODADA  BTOX25UNX0.5KG;4,640;10.603;261;20/5/2026;20/5/2026;1001;2;B010;9;2604220955;H;COP;0
1083030;14002433;4916475199;KENTUCKY SANDWNCH BOL(5UN);-1.102;-9.470.588;101;20/5/2026;20/5/2026;1001;4;B010;1;2605201302;S;COP;0
1083034;11000561;4916476993;TOMATE;121,200;587.820;261;21/5/2026;21/5/2026;1002;1;B010;1;2605160477;H;COP;1949784
1083034;11000561;4916476995;TOMATE;242,800;1.177.580;261;21/5/2026;21/5/2026;1002;1;B010;1;2605190400;H;COP;1949784
1083034;11000561;4916477026;TOMATE;106,500;516.525;261;21/5/2026;21/5/2026;1002;1;B010;1;2605160477;H;COP;1949784
1083034;11000561;4916477026;TOMATE;35,100;170.235;261;21/5/2026;21/5/2026;1002;1;B010;2;2605190400;H;COP;1949784
1083034;18001585;4916477597;BOLSA FUNDA BTOX10BOLX100UN;60;12.936;261;21/5/2026;21/5/2026;1001;1;B010;2;2604151095;H;COP;1949784
1083034;18001591;4916477597;BOLSA ENSALADA IMPRESA BTOX10BOLX100UN;950;297.102;261;21/5/2026;21/5/2026;1002;1;B010;1;2605061121;H;COP;1949784
1083034;18001596;4916472659;ETIQUETA COLORES CJX6ROLX3800UN;81;8.099;261;20/5/2026;20/5/2026;1002;1;B010;1;2404011303;H;COP;1949784
1083034;18001596;4916476512;ETIQUETA COLORES CJX6ROLX3800UN;20;2.000;261;21/5/2026;21/5/2026;1002;1;B010;1;2404011303;H;COP;1949784
1083034;18001612;4916477597;CINTA DE RESINA 110*450M ROLX45000CM;5.000;0;261;21/5/2026;21/5/2026;1002;1;B010;3;2603311297;H;COP;1949784
1083034;18001591;4916477626;BOLSA ENSALADA IMPRESA BTOX10BOLX100UN;-850;-265.828;262;21/5/2026;21/5/2026;1002;2;B010;1;2605061121;S;COP;0
1083034;14002424;5001989646;TOMATE PROCESADO BOL(5KG);-100;-2.724.700;101;21/5/2026;21/5/2026;1002;4;B010;1;2605201431;S;COP;0
1083035;11000312;4916476992;LECHUGA (REPOLLO);710,400;1.946.927;261;21/5/2026;21/5/2026;1002;1;B010;1;2605190401;H;COP;1949787
1083035;11000312;4916477020;LECHUGA (REPOLLO);108,100;296.260;261;21/5/2026;21/5/2026;1002;1;B010;1;2605160475;H;COP;1949787
1083035;11000312;4916477020;LECHUGA (REPOLLO);99,100;271.594;261;21/5/2026;21/5/2026;1002;1;B010;2;2605190401;H;COP;1949787
1083035;18001585;4916477640;BOLSA FUNDA BTOX10BOLX100UN;50;10.780;261;21/5/2026;21/5/2026;1001;1;B010;2;2604151095;H;COP;1949787
1083035;18001589;4916477640;BOLSA PARA GRANOS BTOX2500UN;445;62.658;261;21/5/2026;21/5/2026;1002;1;B010;1;2512110142;H;COP;1949787
1083035;18001596;4916472705;ETIQUETA COLORES CJX6ROLX3800UN;200;19.998;261;20/5/2026;20/5/2026;1002;1;B010;1;2404011303;H;COP;1949787
1083035;18001596;4916472707;ETIQUETA COLORES CJX6ROLX3800UN;200;19.998;261;20/5/2026;20/5/2026;1002;1;B010;1;2404011303;H;COP;1949787
1083035;18001596;4916472709;ETIQUETA COLORES CJX6ROLX3800UN;43;4.300;261;20/5/2026;20/5/2026;1002;1;B010;1;2404011303;H;COP;1949787
1083035;18001596;4916476378;ETIQUETA COLORES CJX6ROLX3800UN;50;4.999;261;21/5/2026;21/5/2026;1002;1;B010;1;2404011303;H;COP;1949787
1083035;18001596;4916476494;ETIQUETA COLORES CJX6ROLX3800UN;120;11.999;261;21/5/2026;21/5/2026;1002;1;B010;1;2404011303;H;COP;1949787
1083035;18001596;4916476686;ETIQUETA COLORES CJX6ROLX3800UN;25;2.500;261;21/5/2026;21/5/2026;1002;1;B010;1;2404011303;H;COP;1949787
1083035;18001612;4916477640;CINTA DE RESINA 110*450M ROLX45000CM;600;0;261;21/5/2026;21/5/2026;1002;1;B010;3;2603311297;H;COP;1949787
1083035;11001377;4916477020;HIELO BOL(12KG);40;280.000;261;21/5/2026;21/5/2026;1002;2;B010;3;2605090844;H;COP;0
1083035;11001377;4916477057;HIELO BOL(12KG);30;210.000;261;21/5/2026;21/5/2026;1002;2;B010;1;2605090844;H;COP;0
1083035;14002428;5001989662;LECHUGA BATAVIA PROCESADA BOL(1KG);-423;-3.336.624;101;21/5/2026;21/5/2026;1002;4;B010;1;2605201433;S;COP;0
1083036;12002545;4916476896;ADEREZO PARA ENSALADA DE COL;15,800;211.009;261;21/5/2026;21/5/2026;1002;1;B010;1;2605190954;H;COP;1949795
1083036;12002545;4916477745;ADEREZO PARA ENSALADA DE COL;347,600;4.642.198;261;21/5/2026;21/5/2026;1002;1;B010;4;2605201602;H;COP;1949795
1083036;12002545;4916508111;ADEREZO PARA ENSALADA DE COL;15,800;211.009;261;22/5/2026;22/5/2026;1002;1;B010;1;2605201602;H;COP;1949795
1083036;12002549;4916476891;VERDURAS PARA ENSALADA DE COL;1.218;5.496.834;261;21/5/2026;21/5/2026;1002;1;B010;1;2605201588;H;COP;1949795
1083036;18001591;4916477745;BOLSA ENSALADA IMPRESA BTOX10BOLX100UN;850;265.828;261;21/5/2026;21/5/2026;1002;1;B010;2;2605061121;H;COP;1949795
1083036;18001602;4916473385;ETIQUETA TERMICA CJX4ROLX2605UN;200;9.600;261;20/5/2026;20/5/2026;1002;1;B010;1;2604241568;H;COP;1949795
1083036;18001602;4916473387;ETIQUETA TERMICA CJX4ROLX2605UN;200;9.600;261;20/5/2026;20/5/2026;1002;1;B010;1;2604241568;H;COP;1949795
1083036;18001602;4916473388;ETIQUETA TERMICA CJX4ROLX2605UN;200;9.600;261;20/5/2026;20/5/2026;1002;1;B010;1;2604241568;H;COP;1949795
1083036;18001602;4916473391;ETIQUETA TERMICA CJX4ROLX2605UN;40;1.920;261;20/5/2026;20/5/2026;1002;1;B010;1;2604241568;H;COP;1949795
1083036;18001602;4916476412;ETIQUETA TERMICA CJX4ROLX2605UN;200;9.600;261;21/5/2026;21/5/2026;1002;1;B010;1;2604241568;H;COP;1949795
1083036;18001612;4916477745;CINTA DE RESINA 110*450M ROLX45000CM;5.000;0;261;21/5/2026;21/5/2026;1002;1;B010;3;2603311297;H;COP;1949795
1083036;18001590;4916477745;BOLSA FUNDA PERFORADA BTOX10BOLX100UN;50;11.493;261;21/5/2026;21/5/2026;1001;2;B010;5;2604291332;H;COP;0
1083036;14002432;4916477745;ENSALADA COL BOL(2KG);-828;-12.181.536;101;21/5/2026;21/5/2026;1002;4;B010;1;2605201435;S;COP;0
1083038;11000096;4916477015;CEBOLLA;8;19.600;261;21/5/2026;21/5/2026;1002;1;B010;5;2605150473;H;COP;1949979
1083038;11000096;4916477015;CEBOLLA;8,200;20.090;261;21/5/2026;21/5/2026;1002;1;B010;6;2605160467;H;COP;1949979
1083038;11000143;4916476795;COL REPOLLO;971,200;1.749.357;261;21/5/2026;21/5/2026;1002;1;B010;1;2605190399;H;COP;1949979
1083038;11000143;4916476808;COL REPOLLO;242,400;436.619;261;21/5/2026;21/5/2026;1002;1;B010;1;2605160476;H;COP;1949979
1083038;11000143;4916477015;COL REPOLLO;45,900;82.677;261;21/5/2026;21/5/2026;1002;1;B010;1;2605160476;H;COP;1949979
1083038;11000143;4916477015;COL REPOLLO;-99,700;-179.583;262;21/5/2026;21/5/2026;1002;1;B010;2;2605190399;S;COP;1949979
1083038;11000285;4916476863;HOJAS VERDES DE COL;18,600;42.779;261;21/5/2026;21/5/2026;1002;1;B010;1;2605190397;H;COP;1949979
1083038;11000285;4916477015;HOJAS VERDES DE COL;7,600;17.480;261;21/5/2026;21/5/2026;1002;1;B010;7;2605190397;H;COP;1949979
1083038;11000285;4916477015;HOJAS VERDES DE COL;5;11.500;261;21/5/2026;21/5/2026;1002;1;B010;8;2605201064;H;COP;1949979
1083038;11000624;4916476820;ZANAHORIA;15;36.000;261;21/5/2026;21/5/2026;1002;1;B010;1;2605190392;H;COP;1949979
1083038;11000624;4916477015;ZANAHORIA;10,100;24.240;261;21/5/2026;21/5/2026;1002;1;B010;3;2605190392;H;COP;1949979
1083038;11000624;4916477015;ZANAHORIA;5,700;13.680;261;21/5/2026;21/5/2026;1002;1;B010;4;2605201061;H;COP;1949979
1083038;18001591;4916477425;BOLSA ENSALADA IMPRESA BTOX10BOLX100UN;50;15.637;261;21/5/2026;21/5/2026;1002;1;B010;1;2605061121;H;COP;1949979
1083038;18001596;4916476306;ETIQUETA COLORES CJX6ROLX3800UN;1;100;261;21/5/2026;21/5/2026;1002;1;B010;1;2404011303;H;COP;1949979
1083038;18001596;4916476324;ETIQUETA COLORES CJX6ROLX3800UN;1;100;261;21/5/2026;21/5/2026;1002;1;B010;1;2404011303;H;COP;1949979
1083038;18001596;4916476344;ETIQUETA COLORES CJX6ROLX3800UN;1;100;261;21/5/2026;21/5/2026;1002;1;B010;1;2404011303;H;COP;1949979
1083038;18001596;4916477425;ETIQUETA COLORES CJX6ROLX3800UN;50;4.999;261;21/5/2026;21/5/2026;1002;1;B010;3;2404011303;H;COP;1949979
1083038;18001612;4916477425;CINTA DE RESINA 110*450M ROLX45000CM;500;0;261;21/5/2026;21/5/2026;1002;1;B010;2;2603311297;H;COP;1949979
1083038;11001377;4916477056;HIELO BOL(12KG);30;210.000;261;21/5/2026;21/5/2026;1002;2;B010;1;2605090844;H;COP;0
1083038;12002518;5001989476;MIX VERDURAS ENSALADA;-900;-3.353.400;101;21/5/2026;21/5/2026;1002;4;B010;1;2605201583;S;COP;0
1083038;12002518;5001989477;MIX VERDURAS ENSALADA;-257,200;-958.327;101;21/5/2026;21/5/2026;1002;4;B010;1;2605201583;S;COP;0
1083039;12002518;4916476870;MIX VERDURAS ENSALADA;1.157,200;4.311.727;261;21/5/2026;21/5/2026;1002;1;B010;1;2605201583;H;COP;1949984
1083039;18001596;4916476374;ETIQUETA COLORES CJX6ROLX3800UN;1;100;261;21/5/2026;21/5/2026;1002;1;B010;1;2404011303;H;COP;1949984
1083039;18001596;4916476376;ETIQUETA COLORES CJX6ROLX3800UN;1;100;261;21/5/2026;21/5/2026;1002;1;B010;1;2404011303;H;COP;1949984
1083039;18001596;4916477448;ETIQUETA COLORES CJX6ROLX3800UN;90;8.999;261;21/5/2026;21/5/2026;1002;1;B010;2;2404011303;H;COP;1949984
1083039;18001612;4916477448;CINTA DE RESINA 110*450M ROLX45000CM;308;0;261;21/5/2026;21/5/2026;1002;1;B010;1;2603311297;H;COP;1949984
1083039;12002549;5001989481;VERDURAS PARA ENSALADA DE COL;-900;-4.061.700;101;21/5/2026;21/5/2026;1002;4;B010;1;2605201588;S;COP;0
1083039;12002549;5001989482;VERDURAS PARA ENSALADA DE COL;-318;-1.435.134;101;21/5/2026;21/5/2026;1002;4;B010;1;2605201588;S;COP;0
1083040;12000496;4916477486;MIX ADEREZO ENSALADA;379,200;4.118.871;261;21/5/2026;21/5/2026;1003;1;B010;1;2605180823;H;COP;1949988
1083040;12000496;4916508013;MIX ADEREZO ENSALADA;-158;-1.716.196;262;22/5/2026;22/5/2026;1003;1;B010;1;2605180823;S;COP;1949988
1083040;12000496;4916508026;MIX ADEREZO ENSALADA;158;1.716.196;261;22/5/2026;22/5/2026;1003;1;B010;1;2605210584;H;COP;1949988
1083040;18001596;4916476532;ETIQUETA COLORES CJX6ROLX3800UN;2;200;261;21/5/2026;21/5/2026;1002;1;B010;1;2404011303;H;COP;1949988
1083040;18001596;4916476917;ETIQUETA COLORES CJX6ROLX3800UN;48;4.799;261;21/5/2026;21/5/2026;1002;1;B010;2;2404011303;H;COP;1949988
1083040;18001612;4916476917;CINTA DE RESINA 110*450M ROLX45000CM;192;0;261;21/5/2026;21/5/2026;1002;1;B010;1;2603311297;H;COP;1949988
1083040;12002545;5001989622;ADEREZO PARA ENSALADA DE COL;-379,200;-5.064.216;101;21/5/2026;21/5/2026;1002;4;B010;1;2605201602;S;COP;0
1083041;12002547;4916484305;CARNE FILETE DE POLLO;198,600;2.924.981;261;21/5/2026;21/5/2026;1001;1;B010;1;2605210122;H;COP;1950169
1083041;12002547;4916484307;CARNE FILETE DE POLLO;134;1.973.552;261;21/5/2026;21/5/2026;1001;1;B010;1;2605210122;H;COP;1950169
1083041;12002547;4916484308;CARNE FILETE DE POLLO;197,900;2.914.671;261;21/5/2026;21/5/2026;1001;1;B010;1;2605210122;H;COP;1950169
1083041;12002547;4916484317;CARNE FILETE DE POLLO;192,500;2.835.140;261;21/5/2026;21/5/2026;1001;1;B010;1;2605210122;H;COP;1950169
1083041;12002547;4916484318;CARNE FILETE DE POLLO;200;2.945.600;261;21/5/2026;21/5/2026;1001;1;B010;1;2605210122;H;COP;1950169
1083041;12002547;4916484321;CARNE FILETE DE POLLO;177,400;2.612.747;261;21/5/2026;21/5/2026;1001;1;B010;1;2605210122;H;COP;1950169
1083041;12002547;4916484323;CARNE FILETE DE POLLO;197,800;2.913.198;261;21/5/2026;21/5/2026;1001;1;B010;1;2605210122;H;COP;1950169
1083041;12002547;4916484350;CARNE FILETE DE POLLO;199,400;2.936.763;261;21/5/2026;21/5/2026;1001;1;B010;1;2605200217;H;COP;1950169
1083041;12002547;4916484353;CARNE FILETE DE POLLO;117;1.723.176;261;21/5/2026;21/5/2026;1001;1;B010;1;2605200217;H;COP;1950169
1083041;12002547;4916484357;CARNE FILETE DE POLLO;175;2.577.400;261;21/5/2026;21/5/2026;1001;1;B010;1;2605210122;H;COP;1950169
1083041;12002547;4916484489;CARNE FILETE DE POLLO;148,500;2.187.108;261;21/5/2026;21/5/2026;1001;1;B010;1;2605210122;H;COP;1950169
1083041;12002547;4916484847;CARNE FILETE DE POLLO;184,400;2.715.843;261;21/5/2026;21/5/2026;1001;1;B010;1;2605210122;H;COP;1950169
1083041;12002547;4916484849;CARNE FILETE DE POLLO;186,500;2.746.772;261;21/5/2026;21/5/2026;1001;1;B010;1;2605210122;H;COP;1950169
1083041;12002547;4916485808;CARNE FILETE DE POLLO;222,800;3.281.398;261;21/5/2026;21/5/2026;1001;1;B010;1;2605210122;H;COP;1950169
1083041;12002547;4916485810;CARNE FILETE DE POLLO;202,700;2.985.366;261;21/5/2026;21/5/2026;1001;1;B010;1;2605210122;H;COP;1950169
1083041;12002547;4916486632;CARNE FILETE DE POLLO;214,200;3.154.738;261;21/5/2026;21/5/2026;1001;1;B010;1;2605210122;H;COP;1950169
1083041;12002547;4916486643;CARNE FILETE DE POLLO;195,700;2.882.270;261;21/5/2026;21/5/2026;1001;1;B010;1;2605210122;H;COP;1950169
1083041;12002547;4916486923;CARNE FILETE DE POLLO;191,100;2.814.521;261;21/5/2026;21/5/2026;1001;1;B010;1;2605210122;H;COP;1950169
1083041;12002547;4916486925;CARNE FILETE DE POLLO;196,600;2.895.525;261;21/5/2026;21/5/2026;1001;1;B010;1;2605210122;H;COP;1950169
1083041;12002547;4916487450;CARNE FILETE DE POLLO;216,100;3.182.721;261;21/5/2026;21/5/2026;1001;1;B010;1;2605210122;H;COP;1950169
1083041;12002547;4916491889;CARNE FILETE DE POLLO;214,300;3.156.210;261;21/5/2026;21/5/2026;1001;1;B010;1;2605210122;H;COP;1950169
1083041;12002547;4916491891;CARNE FILETE DE POLLO;197,500;2.908.780;261;21/5/2026;21/5/2026;1001;1;B010;1;2605210122;H;COP;1950169
1083041;12002547;4916492154;CARNE FILETE DE POLLO;211,700;3.117.918;261;21/5/2026;21/5/2026;1001;1;B010;1;2605210122;H;COP;1950169
1083041;12002547;4916492649;CARNE FILETE DE POLLO;74,400;1.095.763;261;21/5/2026;21/5/2026;1001;1;B010;1;2605210122;H;COP;1950169
1083041;13000366;4916492772;CARNE INDUSTRIAL DE POLLO;-140;-140.000;531;21/5/2026;21/5/2026;1001;1;B010;1;2605210113;S;COP;1950169
1083041;13000366;4916492773;CARNE INDUSTRIAL DE POLLO;-140;-140.000;531;21/5/2026;21/5/2026;1001;1;B010;1;2605210113;S;COP;1950169
1083041;13000366;4916493062;CARNE INDUSTRIAL DE POLLO;-140;-140.000;531;21/5/2026;21/5/2026;1001;1;B010;1;2605210113;S;COP;1950169
1083041;13000366;4916493097;CARNE INDUSTRIAL DE POLLO;-4,700;-4.700;531;21/5/2026;21/5/2026;1001;1;B010;1;2605210113;S;COP;1950169
1083041;18001585;4916509517;BOLSA FUNDA BTOX10BOLX100UN;25;5.390;261;23/5/2026;23/5/2026;1001;1;B010;1;2604151095;H;COP;1950169
1083041;18001596;4916479463;ETIQUETA COLORES CJX6ROLX3800UN;1;100;261;21/5/2026;21/5/2026;1001;1;B010;1;2404011303;H;COP;1950169
1083041;18001596;4916480471;ETIQUETA COLORES CJX6ROLX3800UN;1;100;261;21/5/2026;21/5/2026;1001;1;B010;1;2404011303;H;COP;1950169
1083041;18001596;4916480977;ETIQUETA COLORES CJX6ROLX3800UN;1;100;261;21/5/2026;21/5/2026;1001;1;B010;1;2404011303;H;COP;1950169
1083041;18001596;4916483636;ETIQUETA COLORES CJX6ROLX3800UN;1;100;261;21/5/2026;21/5/2026;1001;1;B010;1;2404011303;H;COP;1950169
1083041;18001596;4916483670;ETIQUETA COLORES CJX6ROLX3800UN;1;100;261;21/5/2026;21/5/2026;1001;1;B010;1;2404011303;H;COP;1950169
1083041;18001596;4916484708;ETIQUETA COLORES CJX6ROLX3800UN;1;100;261;21/5/2026;21/5/2026;1001;1;B010;1;2404011303;H;COP;1950169
1083041;18001596;4916484858;ETIQUETA COLORES CJX6ROLX3800UN;1;100;261;21/5/2026;21/5/2026;1001;1;B010;1;2404011303;H;COP;1950169
1083041;18001596;4916485415;ETIQUETA COLORES CJX6ROLX3800UN;1;100;261;21/5/2026;21/5/2026;1001;1;B010;1;2404011303;H;COP;1950169
1083041;18001596;4916485437;ETIQUETA COLORES CJX6ROLX3800UN;1;100;261;21/5/2026;21/5/2026;1001;1;B010;1;2404011303;H;COP;1950169
1083041;18001596;4916485441;ETIQUETA COLORES CJX6ROLX3800UN;1;100;261;21/5/2026;21/5/2026;1001;1;B010;1;2404011303;H;COP;1950169
1083041;18001596;4916485586;ETIQUETA COLORES CJX6ROLX3800UN;1;100;261;21/5/2026;21/5/2026;1001;1;B010;1;2404011303;H;COP;1950169
1083041;18001596;4916485591;ETIQUETA COLORES CJX6ROLX3800UN;1;100;261;21/5/2026;21/5/2026;1001;1;B010;1;2404011303;H;COP;1950169
1083041;18001596;4916485594;ETIQUETA COLORES CJX6ROLX3800UN;1;100;261;21/5/2026;21/5/2026;1001;1;B010;1;2404011303;H;COP;1950169
1083041;18001596;4916485639;ETIQUETA COLORES CJX6ROLX3800UN;1;100;261;21/5/2026;21/5/2026;1001;1;B010;1;2404011303;H;COP;1950169
1083041;18001596;4916485975;ETIQUETA COLORES CJX6ROLX3800UN;1;100;261;21/5/2026;21/5/2026;1001;1;B010;1;2404011303;H;COP;1950169
1083041;18001596;4916486266;ETIQUETA COLORES CJX6ROLX3800UN;1;100;261;21/5/2026;21/5/2026;1001;1;B010;1;2404011303;H;COP;1950169
1083041;18001596;4916486482;ETIQUETA COLORES CJX6ROLX3800UN;1;100;261;21/5/2026;21/5/2026;1001;1;B010;1;2404011303;H;COP;1950169
1083041;18001596;4916486547;ETIQUETA COLORES CJX6ROLX3800UN;1;100;261;21/5/2026;21/5/2026;1001;1;B010;1;2404011303;H;COP;1950169
1083041;18001596;4916486811;ETIQUETA COLORES CJX6ROLX3800UN;1;100;261;21/5/2026;21/5/2026;1001;1;B010;1;2404011303;H;COP;1950169
1083041;18001596;4916486817;ETIQUETA COLORES CJX6ROLX3800UN;1;100;261;21/5/2026;21/5/2026;1001;1;B010;1;2404011303;H;COP;1950169
1083041;18001596;4916487214;ETIQUETA COLORES CJX6ROLX3800UN;1;100;261;21/5/2026;21/5/2026;1001;1;B010;1;2404011303;H;COP;1950169
1083041;18001596;4916487231;ETIQUETA COLORES CJX6ROLX3800UN;1;100;261;21/5/2026;21/5/2026;1001;1;B010;1;2404011303;H;COP;1950169
1083041;18001596;4916487252;ETIQUETA COLORES CJX6ROLX3800UN;1;100;261;21/5/2026;21/5/2026;1001;1;B010;1;2404011303;H;COP;1950169
1083041;18001596;4916487296;ETIQUETA COLORES CJX6ROLX3800UN;1;100;261;21/5/2026;21/5/2026;1001;1;B010;1;2404011303;H;COP;1950169
1083041;18001596;4916488185;ETIQUETA COLORES CJX6ROLX3800UN;1;100;261;21/5/2026;21/5/2026;1001;1;B010;1;2404011303;H;COP;1950169
1083041;18001596;4916488945;ETIQUETA COLORES CJX6ROLX3800UN;1;100;261;21/5/2026;21/5/2026;1001;1;B010;1;2404011303;H;COP;1950169
1083041;18001596;4916488961;ETIQUETA COLORES CJX6ROLX3800UN;1;100;261;21/5/2026;21/5/2026;1001;1;B010;1;2404011303;H;COP;1950169
1083041;18001596;4916492045;ETIQUETA COLORES CJX6ROLX3800UN;1;100;261;21/5/2026;21/5/2026;1001;1;B010;1;2404011303;H;COP;1950169
1083041;18001596;4916492102;ETIQUETA COLORES CJX6ROLX3800UN;1;100;261;21/5/2026;21/5/2026;1001;1;B010;1;2404011303;H;COP;1950169
1083041;18001596;4916492615;ETIQUETA COLORES CJX6ROLX3800UN;1;100;261;21/5/2026;21/5/2026;1001;1;B010;1;2404011303;H;COP;1950169
1083041;18001596;4916492742;ETIQUETA COLORES CJX6ROLX3800UN;1;100;261;21/5/2026;21/5/2026;1001;1;B010;1;2404011303;H;COP;1950169
1083041;18001596;4916492755;ETIQUETA COLORES CJX6ROLX3800UN;1;100;261;21/5/2026;21/5/2026;1001;1;B010;1;2404011303;H;COP;1950169
1083041;18001596;4916492770;ETIQUETA COLORES CJX6ROLX3800UN;2;200;261;21/5/2026;21/5/2026;1001;1;B010;1;2404011303;H;COP;1950169
1083041;18001596;4916492789;ETIQUETA COLORES CJX6ROLX3800UN;1;100;261;21/5/2026;21/5/2026;1001;1;B010;1;2404011303;H;COP;1950169
1083041;18001596;4916492814;ETIQUETA COLORES CJX6ROLX3800UN;20;2.000;261;21/5/2026;21/5/2026;1001;1;B010;1;2404011303;H;COP;1950169
1083041;18001596;4916493060;ETIQUETA COLORES CJX6ROLX3800UN;1;100;261;21/5/2026;21/5/2026;1001;1;B010;1;2404011303;H;COP;1950169
1083041;18001596;4916493093;ETIQUETA COLORES CJX6ROLX3800UN;1;100;261;21/5/2026;21/5/2026;1001;1;B010;1;2404011303;H;COP;1950169
1083041;18001596;4916493143;ETIQUETA COLORES CJX6ROLX3800UN;1;100;261;21/5/2026;21/5/2026;1001;1;B010;1;2404011303;H;COP;1950169
1083041;18001612;4916509517;CINTA DE RESINA 110*450M ROLX45000CM;3.245,800;0;261;23/5/2026;23/5/2026;1001;1;B010;2;2603311297;H;COP;1950169
1083041;12002547;4916509518;CARNE FILETE DE POLLO;-271,200;-3.994.234;262;23/5/2026;23/5/2026;1001;2;B010;1;2605210122;S;COP;0
1083041;12002548;5001990186;CARNE POLLO CORTADA PARA POP CORN;-165,600;-2.552.724;101;21/5/2026;21/5/2026;1001;4;B010;1;2605210113;S;COP;0
1083041;12002548;5001990534;CARNE POLLO CORTADA PARA POP CORN;-158;-2.435.570;101;21/5/2026;21/5/2026;1001;4;B010;1;2605210113;S;COP;0
1083041;12002548;5001990731;CARNE POLLO CORTADA PARA POP CORN;-154,700;-2.384.701;101;21/5/2026;21/5/2026;1001;4;B010;1;2605210113;S;COP;0
1083041;12002548;5001990997;CARNE POLLO CORTADA PARA POP CORN;-160,300;-2.471.025;101;21/5/2026;21/5/2026;1001;4;B010;1;2605210113;S;COP;0
1083041;12002548;5001991003;CARNE POLLO CORTADA PARA POP CORN;-70,200;-1.082.133;101;21/5/2026;21/5/2026;1001;4;B010;1;2605210113;S;COP;0
1083041;12002548;5001991135;CARNE POLLO CORTADA PARA POP CORN;-78,600;-1.211.619;101;21/5/2026;21/5/2026;1001;4;B010;1;2605210113;S;COP;0
1083041;12002548;5001991271;CARNE POLLO CORTADA PARA POP CORN;-151,800;-2.339.997;101;21/5/2026;21/5/2026;1001;4;B010;1;2605210113;S;COP;0
1083041;12002548;5001991285;CARNE POLLO CORTADA PARA POP CORN;-134,600;-2.074.859;101;21/5/2026;21/5/2026;1001;4;B010;1;2605210113;S;COP;0
1083041;14002437;5001990515;CARNE PARA KENTUCKY SANDWNCH;-133;-2.252.355;101;21/5/2026;21/5/2026;1001;4;B010;1;2605210116;S;COP;0
1083041;14002437;5001990616;CARNE PARA KENTUCKY SANDWNCH;-133;-2.252.355;101;21/5/2026;21/5/2026;1001;4;B010;1;2605210116;S;COP;0
1083041;14002437;5001990650;CARNE PARA KENTUCKY SANDWNCH;-81,100;-1.373.429;101;21/5/2026;21/5/2026;1001;4;B010;1;2605210116;S;COP;0
1083041;14002437;5001991273;CARNE PARA KENTUCKY SANDWNCH;-133;-2.252.355;101;21/5/2026;21/5/2026;1001;4;B010;1;2605210116;S;COP;0
1083041;14002437;5001991290;CARNE PARA KENTUCKY SANDWNCH;-133;-2.252.355;101;21/5/2026;21/5/2026;1001;4;B010;1;2605210116;S;COP;0
1083041;14002437;5001991292;CARNE PARA KENTUCKY SANDWNCH;-182,500;-3.090.638;101;21/5/2026;21/5/2026;1001;4;B010;1;2605210116;S;COP;0
1083041;14002440;5001990786;CARNE DE STRIPS;-133;-2.182.663;101;21/5/2026;21/5/2026;1001;4;B010;1;2605210114;S;COP;0
1083041;14002440;5001990827;CARNE DE STRIPS;-133;-2.182.663;101;21/5/2026;21/5/2026;1001;4;B010;1;2605210114;S;COP;0
1083041;14002440;5001990847;CARNE DE STRIPS;-133;-2.182.663;101;21/5/2026;21/5/2026;1001;4;B010;1;2605210114;S;COP;0
1083041;14002440;5001990908;CARNE DE STRIPS;-133;-2.182.663;101;21/5/2026;21/5/2026;1001;4;B010;1;2605210114;S;COP;0
1083041;14002440;5001990909;CARNE DE STRIPS;-133;-2.182.663;101;21/5/2026;21/5/2026;1001;4;B010;1;2605210114;S;COP;0
1083041;14002440;5001990983;CARNE DE STRIPS;-133;-2.182.663;101;21/5/2026;21/5/2026;1001;4;B010;1;2605210114;S;COP;0
1083041;14002440;5001990989;CARNE DE STRIPS;-109,600;-1.798.646;101;21/5/2026;21/5/2026;1001;4;B010;1;2605210114;S;COP;0
1083041;14002446;5001989933;CARNE BIG CRUNCH;-131,100;-2.101.271;101;21/5/2026;21/5/2026;1001;4;B010;1;2605210117;S;COP;0
1083041;14002446;5001989934;CARNE BIG CRUNCH;-131,100;-2.101.271;101;21/5/2026;21/5/2026;1001;4;B010;1;2605210117;S;COP;0
1083041;14002446;5001990093;CARNE BIG CRUNCH;-139;-2.227.892;101;21/5/2026;21/5/2026;1001;4;B010;1;2605210117;S;COP;0
1083041;14002446;5001990253;CARNE BIG CRUNCH;-131;-2.099.668;101;21/5/2026;21/5/2026;1001;4;B010;1;2605210117;S;COP;0
1083041;14002446;5001990259;CARNE BIG CRUNCH;-133;-2.131.724;101;21/5/2026;21/5/2026;1001;4;B010;1;2605210117;S;COP;0
1083041;14002446;5001990660;CARNE BIG CRUNCH;-89,500;-1.434.506;101;21/5/2026;21/5/2026;1001;4;B010;1;2605210117;S;COP;0
1083041;14002446;5001991161;CARNE BIG CRUNCH;-133;-2.131.724;101;21/5/2026;21/5/2026;1001;4;B010;1;2605210117;S;COP;0
1083041;14002446;5001991163;CARNE BIG CRUNCH;-133;-2.131.724;101;21/5/2026;21/5/2026;1001;4;B010;1;2605210117;S;COP;0
1083041;14002446;5001991304;CARNE BIG CRUNCH;-28;-448.784;101;21/5/2026;21/5/2026;1001;4;B010;1;2605210117;S;COP;0
1083041;14002446;5001993164;CARNE BIG CRUNCH;164;2.628.592;102;23/5/2026;23/5/2026;1001;4;B010;1;2605210117;H;COP;0
1083042;12002546;4916477196;CAJA DE POLLO;177,800;1.548.816;261;21/5/2026;21/5/2026;1001;1;B010;1;2605160078;H;COP;1950173
1083042;12002546;4916477198;CAJA DE POLLO;182;1.585.402;261;21/5/2026;21/5/2026;1001;1;B010;1;2605160078;H;COP;1950173
1083042;12002546;4916477199;CAJA DE POLLO;180;1.567.980;261;21/5/2026;21/5/2026;1001;1;B010;1;2605160078;H;COP;1950173
1083042;12002546;4916477200;CAJA DE POLLO;175,300;1.527.038;261;21/5/2026;21/5/2026;1001;1;B010;1;2605160078;H;COP;1950173
1083042;12002546;4916477203;CAJA DE POLLO;163,500;1.424.249;261;21/5/2026;21/5/2026;1001;1;B010;1;2605160078;H;COP;1950173
1083042;12002546;4916477205;CAJA DE POLLO;166,400;1.449.510;261;21/5/2026;21/5/2026;1001;1;B010;1;2605160078;H;COP;1950173
1083042;12002546;4916477206;CAJA DE POLLO;176,800;1.540.105;261;21/5/2026;21/5/2026;1001;1;B010;1;2605160078;H;COP;1950173
1083042;12002546;4916477224;CAJA DE POLLO;164,700;1.434.702;261;21/5/2026;21/5/2026;1001;1;B010;1;2605160078;H;COP;1950173
1083042;12002546;4916477225;CAJA DE POLLO;179;1.559.269;261;21/5/2026;21/5/2026;1001;1;B010;1;2605160078;H;COP;1950173
1083042;12002546;4916477226;CAJA DE POLLO;176,400;1.536.620;261;21/5/2026;21/5/2026;1001;1;B010;1;2605160078;H;COP;1950173
1083042;12002546;4916477227;CAJA DE POLLO;176,500;1.537.492;261;21/5/2026;21/5/2026;1001;1;B010;1;2605160078;H;COP;1950173
1083042;12002546;4916477228;CAJA DE POLLO;167,500;1.459.093;261;21/5/2026;21/5/2026;1001;1;B010;1;2605160078;H;COP;1950173
1083042;12002546;4916477229;CAJA DE POLLO;162,800;1.418.151;261;21/5/2026;21/5/2026;1001;1;B010;1;2605160078;H;COP;1950173
1083042;12002546;4916477230;CAJA DE POLLO;172,300;1.500.905;261;21/5/2026;21/5/2026;1001;1;B010;1;2605160078;H;COP;1950173
1083042;12002546;4916477232;CAJA DE POLLO;160,800;1.400.729;261;21/5/2026;21/5/2026;1001;1;B010;1;2605160078;H;COP;1950173
1083042;12002546;4916477234;CAJA DE POLLO;169,400;1.475.643;261;21/5/2026;21/5/2026;1001;1;B010;1;2605160078;H;COP;1950173
1083042;12002546;4916477235;CAJA DE POLLO;167,400;1.458.221;261;21/5/2026;21/5/2026;1001;1;B010;1;2605160078;H;COP;1950173
1083042;12002546;4916479226;CAJA DE POLLO;687,300;5.987.071;261;21/5/2026;21/5/2026;1001;1;B010;1;2605160078;H;COP;1950173
1083042;12002546;4916484339;CAJA DE POLLO;180,800;1.574.949;261;21/5/2026;21/5/2026;1001;1;B010;1;2605180195;H;COP;1950173
1083042;12002546;4916484344;CAJA DE POLLO;158;1.376.338;261;21/5/2026;21/5/2026;1001;1;B010;1;2605180195;H;COP;1950173
1083042;12002546;4916484346;CAJA DE POLLO;171;1.489.581;261;21/5/2026;21/5/2026;1001;1;B010;1;2605180195;H;COP;1950173
1083042;12002546;4916484501;CAJA DE POLLO;2.069,100;18.023.931;261;21/5/2026;21/5/2026;1001;1;B010;1;2605180195;H;COP;1950173
1083042;12002546;4916484519;CAJA DE POLLO;102,900;896.362;261;21/5/2026;21/5/2026;1001;1;B010;1;2605180195;H;COP;1950173
1083042;12002546;4916484535;CAJA DE POLLO;188,100;1.638.539;261;21/5/2026;21/5/2026;1001;1;B010;1;2605180195;H;COP;1950173
1083042;12002546;4916484791;CAJA DE POLLO;171,700;1.495.679;261;21/5/2026;21/5/2026;1001;1;B010;1;2605180195;H;COP;1950173
1083042;12002546;4916485070;CAJA DE POLLO;167,800;1.461.706;261;21/5/2026;21/5/2026;1001;1;B010;1;2605180195;H;COP;1950173
1083042;12002546;4916485492;CAJA DE POLLO;146,200;1.273.548;261;21/5/2026;21/5/2026;1001;1;B010;1;2605180195;H;COP;1950173
1083042;12002546;4916485495;CAJA DE POLLO;147,500;1.284.873;261;21/5/2026;21/5/2026;1001;1;B010;1;2605180195;H;COP;1950173
1083042;12002546;4916485811;CAJA DE POLLO;158,200;1.378.080;261;21/5/2026;21/5/2026;1001;1;B010;1;2605180195;H;COP;1950173
1083042;12002546;4916485814;CAJA DE POLLO;163,200;1.421.635;261;21/5/2026;21/5/2026;1001;1;B010;1;2605180195;H;COP;1950173
1083042;12002546;4916486346;CAJA DE POLLO;165,800;1.444.284;261;21/5/2026;21/5/2026;1001;1;B010;1;2605180195;H;COP;1950173
1083042;12002546;4916486350;CAJA DE POLLO;159,500;1.389.405;261;21/5/2026;21/5/2026;1001;1;B010;1;2605180195;H;COP;1950173
1083042;12002546;4916486355;CAJA DE POLLO;175,900;1.532.265;261;21/5/2026;21/5/2026;1001;1;B010;1;2605180195;H;COP;1950173
1083042;12002546;4916486357;CAJA DE POLLO;183,400;1.597.597;261;21/5/2026;21/5/2026;1001;1;B010;1;2605180195;H;COP;1950173
1083042;12002546;4916486597;CAJA DE POLLO;166,100;1.446.897;261;21/5/2026;21/5/2026;1001;1;B010;1;2605180195;H;COP;1950173
1083042;12002546;4916486749;CAJA DE POLLO;167,300;1.457.350;261;21/5/2026;21/5/2026;1001;1;B010;1;2605180195;H;COP;1950173
1083042;12002546;4916486752;CAJA DE POLLO;173,500;1.511.359;261;21/5/2026;21/5/2026;1001;1;B010;1;2605180195;H;COP;1950173
1083042;12002546;4916487028;CAJA DE POLLO;173,900;1.514.843;261;21/5/2026;21/5/2026;1001;1;B010;1;2605180195;H;COP;1950173
1083042;12002546;4916487155;CAJA DE POLLO;172,200;1.500.034;261;21/5/2026;21/5/2026;1001;1;B010;1;2605180195;H;COP;1950173
1083042;12002546;4916487158;CAJA DE POLLO;168,500;1.467.804;261;21/5/2026;21/5/2026;1001;1;B010;1;2605180195;H;COP;1950173
1083042;12002546;4916487430;CAJA DE POLLO;166,400;1.449.510;261;21/5/2026;21/5/2026;1001;1;B010;1;2605180195;H;COP;1950173
1083042;12002546;4916487435;CAJA DE POLLO;159,300;1.387.662;261;21/5/2026;21/5/2026;1001;1;B010;1;2605180195;H;COP;1950173
1083042;12002546;4916487437;CAJA DE POLLO;168,900;1.471.288;261;21/5/2026;21/5/2026;1001;1;B010;1;2605180195;H;COP;1950173
1083042;12002546;4916487892;CAJA DE POLLO;167,500;1.459.093;261;21/5/2026;21/5/2026;1001;1;B010;1;2605180195;H;COP;1950173
1083042;12002546;4916492644;CAJA DE POLLO;161,500;1.406.827;261;21/5/2026;21/5/2026;1001;1;B010;1;2605140091;H;COP;1950173
1083042;12002546;4916492646;CAJA DE POLLO;197,700;1.722.165;261;21/5/2026;21/5/2026;1001;1;B010;1;2605140091;H;COP;1950173
1083042;13000367;4916480064;COSTILLA DE POLLO;-140;-182.000;531;21/5/2026;21/5/2026;1001;1;B010;1;2605210122;S;COP;1950173
1083042;13000367;4916480134;COSTILLA DE POLLO;-140;-182.000;531;21/5/2026;21/5/2026;1001;1;B010;1;2605210122;S;COP;1950173
1083042;13000367;4916480167;COSTILLA DE POLLO;-140;-182.000;531;21/5/2026;21/5/2026;1001;1;B010;1;2605210122;S;COP;1950173
1083042;13000367;4916480230;COSTILLA DE POLLO;-140;-182.000;531;21/5/2026;21/5/2026;1001;1;B010;1;2605210122;S;COP;1950173
1083042;13000367;4916480248;COSTILLA DE POLLO;-140;-182.000;531;21/5/2026;21/5/2026;1001;1;B010;1;2605210122;S;COP;1950173
1083042;13000367;4916484554;COSTILLA DE POLLO;-140;-182.000;531;21/5/2026;21/5/2026;1001;1;B010;1;2605210122;S;COP;1950173
1083042;13000367;4916484556;COSTILLA DE POLLO;-140;-182.000;531;21/5/2026;21/5/2026;1001;1;B010;1;2605210122;S;COP;1950173
1083042;13000367;4916484557;COSTILLA DE POLLO;-140;-182.000;531;21/5/2026;21/5/2026;1001;1;B010;1;2605210122;S;COP;1950173
1083042;13000367;4916484731;COSTILLA DE POLLO;-140;-182.000;531;21/5/2026;21/5/2026;1001;1;B010;1;2605210122;S;COP;1950173
1083042;13000367;4916484732;COSTILLA DE POLLO;-140;-182.000;531;21/5/2026;21/5/2026;1001;1;B010;1;2605210122;S;COP;1950173
1083042;13000367;4916485013;COSTILLA DE POLLO;-140;-182.000;531;21/5/2026;21/5/2026;1001;1;B010;1;2605210122;S;COP;1950173
1083042;13000367;4916486954;COSTILLA DE POLLO;-140;-182.000;531;21/5/2026;21/5/2026;1001;1;B010;1;2605210122;S;COP;1950173
1083042;13000367;4916486956;COSTILLA DE POLLO;-140;-182.000;531;21/5/2026;21/5/2026;1001;1;B010;1;2605210122;S;COP;1950173
1083042;13000367;4916486957;COSTILLA DE POLLO;-140;-182.000;531;21/5/2026;21/5/2026;1001;1;B010;1;2605210122;S;COP;1950173
1083042;13000367;4916487051;COSTILLA DE POLLO;-140;-182.000;531;21/5/2026;21/5/2026;1001;1;B010;1;2605210122;S;COP;1950173
1083042;13000367;4916487536;COSTILLA DE POLLO;-140;-182.000;531;21/5/2026;21/5/2026;1001;1;B010;1;2605210122;S;COP;1950173
1083042;13000367;4916490056;COSTILLA DE POLLO;-140;-182.000;531;21/5/2026;21/5/2026;1001;1;B010;1;2605210122;S;COP;1950173
1083042;13000367;4916490060;COSTILLA DE POLLO;-140;-182.000;531;21/5/2026;21/5/2026;1001;1;B010;1;2605210122;S;COP;1950173
1083042;13000367;4916492134;COSTILLA DE POLLO;-96,500;-125.450;531;21/5/2026;21/5/2026;1001;1;B010;1;2605210122;S;COP;1950173
1083042;13000367;4916492880;COSTILLA DE POLLO;-140;-182.000;531;21/5/2026;21/5/2026;1001;1;B010;1;2605210122;S;COP;1950173
1083042;13000367;4916492920;COSTILLA DE POLLO;-123,800;-160.940;531;21/5/2026;21/5/2026;1001;1;B010;1;2605210122;S;COP;1950173
1083042;13000369;4916485214;PIEL DE POLLO;-140;-98.000;531;21/5/2026;21/5/2026;1001;1;B010;1;2605210122;S;COP;1950173
1083042;13000369;4916485521;PIEL DE POLLO;-140;-98.000;531;21/5/2026;21/5/2026;1001;1;B010;1;2605210122;S;COP;1950173
1083042;13000369;4916485522;PIEL DE POLLO;-140;-98.000;531;21/5/2026;21/5/2026;1001;1;B010;1;2605210122;S;COP;1950173
1083042;13000369;4916490086;PIEL DE POLLO;-140;-98.000;531;21/5/2026;21/5/2026;1001;1;B010;1;2605210122;S;COP;1950173
1083042;13000369;4916490088;PIEL DE POLLO;-140;-98.000;531;21/5/2026;21/5/2026;1001;1;B010;1;2605210122;S;COP;1950173
1083042;13000369;4916492716;PIEL DE POLLO;-140;-98.000;531;21/5/2026;21/5/2026;1001;1;B010;1;2605210122;S;COP;1950173
1083042;13000369;4916493045;PIEL DE POLLO;-55,300;-38.710;531;21/5/2026;21/5/2026;1001;1;B010;1;2605210122;S;COP;1950173
1083042;18001585;4916509513;BOLSA FUNDA BTOX10BOLX100UN;120;25.872;261;23/5/2026;23/5/2026;1001;1;B010;1;2604151095;H;COP;1950173
1083042;18001596;4916477517;ETIQUETA COLORES CJX6ROLX3800UN;1;100;261;21/5/2026;21/5/2026;1001;1;B010;1;2404011303;H;COP;1950173
1083042;18001596;4916477533;ETIQUETA COLORES CJX6ROLX3800UN;1;100;261;21/5/2026;21/5/2026;1001;1;B010;1;2404011303;H;COP;1950173
1083042;18001596;4916477546;ETIQUETA COLORES CJX6ROLX3800UN;1;100;261;21/5/2026;21/5/2026;1001;1;B010;1;2404011303;H;COP;1950173
1083042;18001596;4916477562;ETIQUETA COLORES CJX6ROLX3800UN;1;100;261;21/5/2026;21/5/2026;1001;1;B010;1;2404011303;H;COP;1950173
1083042;18001596;4916477573;ETIQUETA COLORES CJX6ROLX3800UN;1;100;261;21/5/2026;21/5/2026;1001;1;B010;1;2404011303;H;COP;1950173
1083042;18001596;4916477598;ETIQUETA COLORES CJX6ROLX3800UN;1;100;261;21/5/2026;21/5/2026;1001;1;B010;1;2404011303;H;COP;1950173
1083042;18001596;4916477607;ETIQUETA COLORES CJX6ROLX3800UN;1;100;261;21/5/2026;21/5/2026;1001;1;B010;1;2404011303;H;COP;1950173
1083042;18001596;4916477612;ETIQUETA COLORES CJX6ROLX3800UN;1;100;261;21/5/2026;21/5/2026;1001;1;B010;1;2404011303;H;COP;1950173
1083042;18001596;4916477618;ETIQUETA COLORES CJX6ROLX3800UN;1;100;261;21/5/2026;21/5/2026;1001;1;B010;1;2404011303;H;COP;1950173
1083042;18001596;4916477624;ETIQUETA COLORES CJX6ROLX3800UN;1;100;261;21/5/2026;21/5/2026;1001;1;B010;1;2404011303;H;COP;1950173
1083042;18001596;4916479540;ETIQUETA COLORES CJX6ROLX3800UN;1;100;261;21/5/2026;21/5/2026;1001;1;B010;1;2404011303;H;COP;1950173
1083042;18001596;4916479545;ETIQUETA COLORES CJX6ROLX3800UN;1;100;261;21/5/2026;21/5/2026;1001;1;B010;1;2404011303;H;COP;1950173
1083042;18001596;4916479573;ETIQUETA COLORES CJX6ROLX3800UN;1;100;261;21/5/2026;21/5/2026;1001;1;B010;1;2404011303;H;COP;1950173
1083042;18001596;4916479576;ETIQUETA COLORES CJX6ROLX3800UN;1;100;261;21/5/2026;21/5/2026;1001;1;B010;1;2404011303;H;COP;1950173
1083042;18001596;4916479895;ETIQUETA COLORES CJX6ROLX3800UN;1;100;261;21/5/2026;21/5/2026;1001;1;B010;1;2404011303;H;COP;1950173
1083042;18001596;4916479908;ETIQUETA COLORES CJX6ROLX3800UN;1;100;261;21/5/2026;21/5/2026;1001;1;B010;1;2404011303;H;COP;1950173
1083042;18001596;4916479973;ETIQUETA COLORES CJX6ROLX3800UN;1;100;261;21/5/2026;21/5/2026;1001;1;B010;1;2404011303;H;COP;1950173
1083042;18001596;4916479981;ETIQUETA COLORES CJX6ROLX3800UN;1;100;261;21/5/2026;21/5/2026;1001;1;B010;1;2404011303;H;COP;1950173
1083042;18001596;4916480014;ETIQUETA COLORES CJX6ROLX3800UN;30;3.000;261;21/5/2026;21/5/2026;1001;1;B010;1;2404011303;H;COP;1950173
1083042;18001596;4916480060;ETIQUETA COLORES CJX6ROLX3800UN;1;100;261;21/5/2026;21/5/2026;1001;1;B010;1;2404011303;H;COP;1950173
1083042;18001596;4916480119;ETIQUETA COLORES CJX6ROLX3800UN;1;100;261;21/5/2026;21/5/2026;1001;1;B010;1;2404011303;H;COP;1950173
1083042;18001596;4916480126;ETIQUETA COLORES CJX6ROLX3800UN;1;100;261;21/5/2026;21/5/2026;1001;1;B010;1;2404011303;H;COP;1950173
1083042;18001596;4916480130;ETIQUETA COLORES CJX6ROLX3800UN;1;100;261;21/5/2026;21/5/2026;1001;1;B010;1;2404011303;H;COP;1950173
1083042;18001596;4916480146;ETIQUETA COLORES CJX6ROLX3800UN;1;100;261;21/5/2026;21/5/2026;1001;1;B010;1;2404011303;H;COP;1950173
1083042;18001596;4916480162;ETIQUETA COLORES CJX6ROLX3800UN;30;3.000;261;21/5/2026;21/5/2026;1001;1;B010;1;2404011303;H;COP;1950173
1083042;18001596;4916480165;ETIQUETA COLORES CJX6ROLX3800UN;1;100;261;21/5/2026;21/5/2026;1001;1;B010;1;2404011303;H;COP;1950173
1083042;18001596;4916480212;ETIQUETA COLORES CJX6ROLX3800UN;1;100;261;21/5/2026;21/5/2026;1001;1;B010;1;2404011303;H;COP;1950173
1083042;18001596;4916480217;ETIQUETA COLORES CJX6ROLX3800UN;1;100;261;21/5/2026;21/5/2026;1001;1;B010;1;2404011303;H;COP;1950173
1083042;18001596;4916480243;ETIQUETA COLORES CJX6ROLX3800UN;1;100;261;21/5/2026;21/5/2026;1001;1;B010;1;2404011303;H;COP;1950173
1083042;18001596;4916483610;ETIQUETA COLORES CJX6ROLX3800UN;1;100;261;21/5/2026;21/5/2026;1001;1;B010;1;2404011303;H;COP;1950173
1083042;18001596;4916484263;ETIQUETA COLORES CJX6ROLX3800UN;1;100;261;21/5/2026;21/5/2026;1001;1;B010;1;2404011303;H;COP;1950173
1083042;18001596;4916484268;ETIQUETA COLORES CJX6ROLX3800UN;1;100;261;21/5/2026;21/5/2026;1001;1;B010;1;2404011303;H;COP;1950173
1083042;18001596;4916484292;ETIQUETA COLORES CJX6ROLX3800UN;1;100;261;21/5/2026;21/5/2026;1001;1;B010;1;2404011303;H;COP;1950173
1083042;18001596;4916484404;ETIQUETA COLORES CJX6ROLX3800UN;1;100;261;21/5/2026;21/5/2026;1001;1;B010;1;2404011303;H;COP;1950173
1083042;18001596;4916484485;ETIQUETA COLORES CJX6ROLX3800UN;1;100;261;21/5/2026;21/5/2026;1001;1;B010;1;2404011303;H;COP;1950173
1083042;18001596;4916484552;ETIQUETA COLORES CJX6ROLX3800UN;3;300;261;21/5/2026;21/5/2026;1001;1;B010;1;2404011303;H;COP;1950173
1083042;18001596;4916484583;ETIQUETA COLORES CJX6ROLX3800UN;84;8.399;261;21/5/2026;21/5/2026;1001;1;B010;1;2404011303;H;COP;1950173
1083042;18001596;4916484593;ETIQUETA COLORES CJX6ROLX3800UN;70;6.999;261;21/5/2026;21/5/2026;1001;1;B010;1;2404011303;H;COP;1950173
1083042;18001596;4916484730;ETIQUETA COLORES CJX6ROLX3800UN;2;200;261;21/5/2026;21/5/2026;1001;1;B010;1;2404011303;H;COP;1950173
1083042;18001596;4916485012;ETIQUETA COLORES CJX6ROLX3800UN;1;100;261;21/5/2026;21/5/2026;1001;1;B010;1;2404011303;H;COP;1950173
1083042;18001596;4916485210;ETIQUETA COLORES CJX6ROLX3800UN;1;100;261;21/5/2026;21/5/2026;1001;1;B010;1;2404011303;H;COP;1950173
1083042;18001596;4916485520;ETIQUETA COLORES CJX6ROLX3800UN;2;200;261;21/5/2026;21/5/2026;1001;1;B010;1;2404011303;H;COP;1950173
1083042;18001596;4916485732;ETIQUETA COLORES CJX6ROLX3800UN;1;100;261;21/5/2026;21/5/2026;1001;1;B010;1;2404011303;H;COP;1950173
1083042;18001596;4916485799;ETIQUETA COLORES CJX6ROLX3800UN;1;100;261;21/5/2026;21/5/2026;1001;1;B010;1;2404011303;H;COP;1950173
1083042;18001596;4916486626;ETIQUETA COLORES CJX6ROLX3800UN;1;100;261;21/5/2026;21/5/2026;1001;1;B010;1;2404011303;H;COP;1950173
1083042;18001596;4916486636;ETIQUETA COLORES CJX6ROLX3800UN;1;100;261;21/5/2026;21/5/2026;1001;1;B010;1;2404011303;H;COP;1950173
1083042;18001596;4916486893;ETIQUETA COLORES CJX6ROLX3800UN;1;100;261;21/5/2026;21/5/2026;1001;1;B010;1;2404011303;H;COP;1950173
1083042;18001596;4916486909;ETIQUETA COLORES CJX6ROLX3800UN;1;100;261;21/5/2026;21/5/2026;1001;1;B010;1;2404011303;H;COP;1950173
1083042;18001596;4916486953;ETIQUETA COLORES CJX6ROLX3800UN;3;300;261;21/5/2026;21/5/2026;1001;1;B010;1;2404011303;H;COP;1950173
1083042;18001596;4916487039;ETIQUETA COLORES CJX6ROLX3800UN;1;100;261;21/5/2026;21/5/2026;1001;1;B010;1;2404011303;H;COP;1950173
1083042;18001596;4916487336;ETIQUETA COLORES CJX6ROLX3800UN;1;100;261;21/5/2026;21/5/2026;1001;1;B010;1;2404011303;H;COP;1950173
1083042;18001596;4916487533;ETIQUETA COLORES CJX6ROLX3800UN;1;100;261;21/5/2026;21/5/2026;1001;1;B010;1;2404011303;H;COP;1950173
1083042;18001596;4916488910;ETIQUETA COLORES CJX6ROLX3800UN;1;100;261;21/5/2026;21/5/2026;1001;1;B010;1;2404011303;H;COP;1950173
1083042;18001596;4916490043;ETIQUETA COLORES CJX6ROLX3800UN;2;200;261;21/5/2026;21/5/2026;1001;1;B010;1;2404011303;H;COP;1950173
1083042;18001596;4916490079;ETIQUETA COLORES CJX6ROLX3800UN;2;200;261;21/5/2026;21/5/2026;1001;1;B010;1;2404011303;H;COP;1950173
1083042;18001596;4916491813;ETIQUETA COLORES CJX6ROLX3800UN;1;100;261;21/5/2026;21/5/2026;1001;1;B010;1;2404011303;H;COP;1950173
1083042;18001596;4916491972;ETIQUETA COLORES CJX6ROLX3800UN;1;100;261;21/5/2026;21/5/2026;1001;1;B010;1;2404011303;H;COP;1950173
1083042;18001596;4916492015;ETIQUETA COLORES CJX6ROLX3800UN;1;100;261;21/5/2026;21/5/2026;1001;1;B010;1;2404011303;H;COP;1950173
1083042;18001596;4916492069;ETIQUETA COLORES CJX6ROLX3800UN;1;100;261;21/5/2026;21/5/2026;1001;1;B010;1;2404011303;H;COP;1950173
1083042;18001596;4916492128;ETIQUETA COLORES CJX6ROLX3800UN;1;100;261;21/5/2026;21/5/2026;1001;1;B010;1;2404011303;H;COP;1950173
1083042;18001596;4916492133;ETIQUETA COLORES CJX6ROLX3800UN;1;100;261;21/5/2026;21/5/2026;1001;1;B010;1;2404011303;H;COP;1950173
1083042;18001596;4916492710;ETIQUETA COLORES CJX6ROLX3800UN;1;100;261;21/5/2026;21/5/2026;1001;1;B010;1;2404011303;H;COP;1950173
1083042;18001596;4916492878;ETIQUETA COLORES CJX6ROLX3800UN;1;100;261;21/5/2026;21/5/2026;1001;1;B010;1;2404011303;H;COP;1950173
1083042;18001596;4916492885;ETIQUETA COLORES CJX6ROLX3800UN;14;1.400;261;21/5/2026;21/5/2026;1001;1;B010;1;2404011303;H;COP;1950173
1083042;18001596;4916492910;ETIQUETA COLORES CJX6ROLX3800UN;1;100;261;21/5/2026;21/5/2026;1001;1;B010;1;2404011303;H;COP;1950173
1083042;18001596;4916492916;ETIQUETA COLORES CJX6ROLX3800UN;1;100;261;21/5/2026;21/5/2026;1001;1;B010;1;2404011303;H;COP;1950173
1083042;18001596;4916493043;ETIQUETA COLORES CJX6ROLX3800UN;1;100;261;21/5/2026;21/5/2026;1001;1;B010;1;2404011303;H;COP;1950173
1083042;18001596;4916493317;ETIQUETA COLORES CJX6ROLX3800UN;2;200;261;21/5/2026;21/5/2026;1001;1;B010;1;2404011303;H;COP;1950173
1083042;18001596;4916493320;ETIQUETA COLORES CJX6ROLX3800UN;1;100;261;21/5/2026;21/5/2026;1001;1;B010;1;2404011303;H;COP;1950173
1083042;18001596;4916509513;ETIQUETA COLORES CJX6ROLX3800UN;452;45.195;261;23/5/2026;23/5/2026;1001;1;B010;3;2404011303;H;COP;1950173
1083042;18001612;4916509513;CINTA DE RESINA 110*450M ROLX45000CM;2.145,800;0;261;23/5/2026;23/5/2026;1001;1;B010;2;2603311297;H;COP;1950173
1083042;18001590;4916509513;BOLSA FUNDA PERFORADA BTOX10BOLX100UN;550;126.420;261;23/5/2026;23/5/2026;1004;2;B010;4;2604291332;H;COP;0
1083042;12002547;5001989623;CARNE FILETE DE POLLO;-134;-1.973.552;101;21/5/2026;21/5/2026;1001;4;B010;1;2605210122;S;COP;0
1083042;12002547;5001989625;CARNE FILETE DE POLLO;-185;-2.724.680;101;21/5/2026;21/5/2026;1001;4;B010;1;2605210122;S;COP;0
1083042;12002547;5001989627;CARNE FILETE DE POLLO;-177,400;-2.612.747;101;21/5/2026;21/5/2026;1001;4;B010;1;2605210122;S;COP;0
1083042;12002547;5001989629;CARNE FILETE DE POLLO;-170,400;-2.509.651;101;21/5/2026;21/5/2026;1001;4;B010;1;2605210122;S;COP;0
1083042;12002547;5001989640;CARNE FILETE DE POLLO;-175;-2.577.400;101;21/5/2026;21/5/2026;1001;4;B010;1;2605210122;S;COP;0
1083042;12002547;5001989642;CARNE FILETE DE POLLO;-168,800;-2.486.086;101;21/5/2026;21/5/2026;1001;4;B010;1;2605210122;S;COP;0
1083042;12002547;5001989644;CARNE FILETE DE POLLO;-363,900;-5.359.519;101;21/5/2026;21/5/2026;1001;4;B010;1;2605210122;S;COP;0
1083042;12002547;5001989647;CARNE FILETE DE POLLO;-184,400;-2.715.843;101;21/5/2026;21/5/2026;1001;4;B010;1;2605210122;S;COP;0
1083042;12002547;5001989649;CARNE FILETE DE POLLO;-186,500;-2.746.772;101;21/5/2026;21/5/2026;1001;4;B010;1;2605210122;S;COP;0
1083042;12002547;5001989943;CARNE FILETE DE POLLO;-197,800;-2.913.198;101;21/5/2026;21/5/2026;1001;4;B010;1;2605210122;S;COP;0
1083042;12002547;5001989987;CARNE FILETE DE POLLO;-197,900;-2.914.671;101;21/5/2026;21/5/2026;1001;4;B010;1;2605210122;S;COP;0
1083042;12002547;5001990248;CARNE FILETE DE POLLO;-200;-2.945.600;101;21/5/2026;21/5/2026;1001;4;B010;1;2605210122;S;COP;0
1083042;12002547;5001990443;CARNE FILETE DE POLLO;-192,500;-2.835.140;101;21/5/2026;21/5/2026;1001;4;B010;1;2605210122;S;COP;0
1083042;12002547;5001990450;CARNE FILETE DE POLLO;-198,600;-2.924.981;101;21/5/2026;21/5/2026;1001;4;B010;1;2605210122;S;COP;0
1083042;12002547;5001990457;CARNE FILETE DE POLLO;-201;-2.960.328;101;21/5/2026;21/5/2026;1001;4;B010;1;2605210122;S;COP;0
1083042;12002547;5001990478;CARNE FILETE DE POLLO;-200,400;-2.951.491;101;21/5/2026;21/5/2026;1001;4;B010;1;2605210122;S;COP;0
1083042;12002547;5001990486;CARNE FILETE DE POLLO;-148,500;-2.187.108;101;21/5/2026;21/5/2026;1001;4;B010;1;2605210122;S;COP;0
1083042;12002547;5001990674;CARNE FILETE DE POLLO;-202,700;-2.985.366;101;21/5/2026;21/5/2026;1001;4;B010;1;2605210122;S;COP;0
1083042;12002547;5001990690;CARNE FILETE DE POLLO;-222,800;-3.281.398;101;21/5/2026;21/5/2026;1001;4;B010;1;2605210122;S;COP;0
1083042;12002547;5001990871;CARNE FILETE DE POLLO;-214,200;-3.154.738;101;21/5/2026;21/5/2026;1001;4;B010;1;2605210122;S;COP;0
1083042;12002547;5001990878;CARNE FILETE DE POLLO;-195,700;-2.882.270;101;21/5/2026;21/5/2026;1001;4;B010;1;2605210122;S;COP;0
1083042;12002547;5001990925;CARNE FILETE DE POLLO;-196,600;-2.895.525;101;21/5/2026;21/5/2026;1001;4;B010;1;2605210122;S;COP;0
1083042;12002547;5001990931;CARNE FILETE DE POLLO;-191,100;-2.814.521;101;21/5/2026;21/5/2026;1001;4;B010;1;2605210122;S;COP;0
1083042;12002547;5001991013;CARNE FILETE DE POLLO;-216,100;-3.182.721;101;21/5/2026;21/5/2026;1001;4;B010;1;2605210122;S;COP;0
1083042;12002547;5001991156;CARNE FILETE DE POLLO;-214,300;-3.156.210;101;21/5/2026;21/5/2026;1001;4;B010;1;2605210122;S;COP;0
1083042;12002547;5001991243;CARNE FILETE DE POLLO;-197,500;-2.908.780;101;21/5/2026;21/5/2026;1001;4;B010;1;2605210122;S;COP;0
1083042;12002547;5001991264;CARNE FILETE DE POLLO;-211,700;-3.117.918;101;21/5/2026;21/5/2026;1001;4;B010;1;2605210122;S;COP;0
1083042;12002547;5001991268;CARNE FILETE DE POLLO;-188,100;-2.770.337;101;21/5/2026;21/5/2026;1001;4;B010;1;2605210122;S;COP;0
1083042;12002547;5001991272;CARNE FILETE DE POLLO;-74,400;-1.095.763;101;21/5/2026;21/5/2026;1001;4;B010;1;2605210122;S;COP;0
1083042;12002547;5001991326;CARNE FILETE DE POLLO;-200;-2.945.600;101;21/5/2026;21/5/2026;1001;4;B010;1;2605210122;S;COP;0
1083042;12002547;5001991327;CARNE FILETE DE POLLO;-200;-2.945.600;101;21/5/2026;21/5/2026;1001;4;B010;1;2605210122;S;COP;0
1083042;12002547;5001991333;CARNE FILETE DE POLLO;-168,500;-2.481.668;101;21/5/2026;21/5/2026;1001;4;B010;1;2605210122;S;COP;0
1083043;11000784;4916478395;ALAS DE POLLO MP;426,400;3.558.719;261;21/5/2026;21/5/2026;1001;1;B010;1;2605200984;H;COP;1950182
1083043;11000784;4916478402;ALAS DE POLLO MP;205;1.710.923;261;21/5/2026;21/5/2026;1001;1;B010;1;2605201467;H;COP;1950182
1083043;11000784;4916482649;ALAS DE POLLO MP;70,600;590.249;261;21/5/2026;21/5/2026;1001;1;B010;1;2605210499;H;COP;1950182
1083043;11000784;4916487277;ALAS DE POLLO MP;19,100;159.649;261;21/5/2026;21/5/2026;1001;1;B010;1;2605160405;H;COP;1950182
1083043;11000784;4916489976;ALAS DE POLLO MP;150;1.253.790;261;21/5/2026;21/5/2026;1001;1;B010;1;2605211254;H;COP;1950182
1083043;11000784;4916489976;ALAS DE POLLO MP;7,700;64.361;261;21/5/2026;21/5/2026;1001;1;B010;2;2605180785;H;COP;1950182
1083043;11000784;4916489976;ALAS DE POLLO MP;81,800;683.734;261;21/5/2026;21/5/2026;1001;1;B010;3;2605160356;H;COP;1950182
1083043;11001117;4916484782;POLLO FRESCO CJX20UN;5.000;62.913.592;261;21/5/2026;21/5/2026;1001;1;B010;1;2605180891;H;COP;1950182
1083043;11001117;4916488472;POLLO FRESCO CJX20UN;4.260;53.342.325;261;21/5/2026;21/5/2026;1001;1;B010;1;2605180891;H;COP;1950182
1083043;12001209;4916485716;SALMUERA CRISPY;114,880;208.163;261;21/5/2026;21/5/2026;1001;1;B010;1;2605200265;H;COP;1950182
1083043;12001209;4916488427;SALMUERA CRISPY;344,640;624.488;261;21/5/2026;21/5/2026;1001;1;B010;1;2605210147;H;COP;1950182
1083043;12001211;4916485710;SALMUERA IMOR;533,400;469.925;261;21/5/2026;21/5/2026;1001;1;B010;1;2605200270;H;COP;1950182
1083043;12001211;4916492690;SALMUERA IMOR;853,440;751.881;261;21/5/2026;21/5/2026;1001;1;B010;1;2605210149;H;COP;1950182
1083043;12001211;4916493197;SALMUERA IMOR;-213,360;-187.970;262;21/5/2026;21/5/2026;1001;1;B010;1;2605210149;S;COP;1950182
1083043;13000368;4916481013;GRASA DE POLLO;-48,600;-14.580;531;21/5/2026;21/5/2026;1001;1;B010;1;2605210132;S;COP;1950182
1083043;13000368;4916487982;GRASA DE POLLO;-12;-3.600;531;21/5/2026;21/5/2026;1001;1;B010;1;2605210132;S;COP;1950182
1083043;13000368;4916487996;GRASA DE POLLO;-20;-6.000;531;21/5/2026;21/5/2026;1001;1;B010;1;2605210132;S;COP;1950182
1083043;13000368;4916488000;GRASA DE POLLO;-20;-6.000;531;21/5/2026;21/5/2026;1001;1;B010;1;2605210132;S;COP;1950182
1083043;13000370;4916492944;PRESAS POLLO DE SEGUNDA;-21,400;-142.310;531;21/5/2026;21/5/2026;1001;1;B010;1;2605210132;S;COP;1950182
1083043;13000371;4916484333;PUNTILLAS;-100;-20.000;531;21/5/2026;21/5/2026;1001;1;B010;1;2605210132;S;COP;1950182
1083043;13000371;4916487122;PUNTILLAS;-80;-16.000;531;21/5/2026;21/5/2026;1001;1;B010;1;2605210132;S;COP;1950182
1083043;13000371;4916487704;PUNTILLAS;-180;-36.000;531;21/5/2026;21/5/2026;1001;1;B010;1;2605210132;S;COP;1950182
1083043;13000371;4916488037;PUNTILLAS;-12;-2.400;531;21/5/2026;21/5/2026;1001;1;B010;1;2605210132;S;COP;1950182
1083043;13000371;4916488059;PUNTILLAS;-20;-4.000;531;21/5/2026;21/5/2026;1001;1;B010;1;2605210132;S;COP;1950182
1083043;18001587;4916492690;BOLSA POLLO ORIGINAL  BTOX2500UN;2.000;211.665;261;21/5/2026;21/5/2026;1001;1;B010;2;2604221256;H;COP;1950182
1083043;18001588;4916488427;BOLSA POLLO CRISPY  BTOX2500UN;900;95.188;261;21/5/2026;21/5/2026;1001;1;B010;2;2604291273;H;COP;1950182
1083043;18001596;4916477434;ETIQUETA COLORES CJX6ROLX3800UN;1;100;261;21/5/2026;21/5/2026;1001;1;B010;1;2404011303;H;COP;1950182
1083043;18001596;4916477438;ETIQUETA COLORES CJX6ROLX3800UN;1;100;261;21/5/2026;21/5/2026;1001;1;B010;1;2404011303;H;COP;1950182
1083043;18001596;4916477442;ETIQUETA COLORES CJX6ROLX3800UN;1;100;261;21/5/2026;21/5/2026;1001;1;B010;1;2404011303;H;COP;1950182
1083043;18001596;4916478191;ETIQUETA COLORES CJX6ROLX3800UN;1;100;261;21/5/2026;21/5/2026;1001;1;B010;1;2404011303;H;COP;1950182
1083043;18001596;4916478245;ETIQUETA COLORES CJX6ROLX3800UN;1;100;261;21/5/2026;21/5/2026;1001;1;B010;1;2404011303;H;COP;1950182
1083043;18001596;4916478305;ETIQUETA COLORES CJX6ROLX3800UN;1;100;261;21/5/2026;21/5/2026;1001;1;B010;1;2404011303;H;COP;1950182
1083043;18001596;4916478421;ETIQUETA COLORES CJX6ROLX3800UN;1;100;261;21/5/2026;21/5/2026;1001;1;B010;1;2404011303;H;COP;1950182
1083043;18001596;4916478423;ETIQUETA COLORES CJX6ROLX3800UN;1;100;261;21/5/2026;21/5/2026;1001;1;B010;1;2404011303;H;COP;1950182
1083043;18001596;4916478445;ETIQUETA COLORES CJX6ROLX3800UN;1;100;261;21/5/2026;21/5/2026;1001;1;B010;1;2404011303;H;COP;1950182
1083043;18001596;4916478456;ETIQUETA COLORES CJX6ROLX3800UN;1;100;261;21/5/2026;21/5/2026;1001;1;B010;1;2404011303;H;COP;1950182
1083043;18001596;4916478469;ETIQUETA COLORES CJX6ROLX3800UN;1;100;261;21/5/2026;21/5/2026;1001;1;B010;1;2404011303;H;COP;1950182
1083043;18001596;4916478499;ETIQUETA COLORES CJX6ROLX3800UN;1;100;261;21/5/2026;21/5/2026;1001;1;B010;1;2404011303;H;COP;1950182
1083043;18001596;4916478512;ETIQUETA COLORES CJX6ROLX3800UN;1;100;261;21/5/2026;21/5/2026;1001;1;B010;1;2404011303;H;COP;1950182
1083043;18001596;4916478531;ETIQUETA COLORES CJX6ROLX3800UN;1;100;261;21/5/2026;21/5/2026;1001;1;B010;1;2404011303;H;COP;1950182
1083043;18001596;4916478539;ETIQUETA COLORES CJX6ROLX3800UN;1;100;261;21/5/2026;21/5/2026;1001;1;B010;1;2404011303;H;COP;1950182
1083043;18001596;4916478620;ETIQUETA COLORES CJX6ROLX3800UN;1;100;261;21/5/2026;21/5/2026;1001;1;B010;1;2404011303;H;COP;1950182
1083043;18001596;4916479081;ETIQUETA COLORES CJX6ROLX3800UN;1;100;261;21/5/2026;21/5/2026;1001;1;B010;1;2404011303;H;COP;1950182
1083043;18001596;4916479127;ETIQUETA COLORES CJX6ROLX3800UN;1;100;261;21/5/2026;21/5/2026;1001;1;B010;1;2404011303;H;COP;1950182
1083043;18001596;4916479144;ETIQUETA COLORES CJX6ROLX3800UN;1;100;261;21/5/2026;21/5/2026;1001;1;B010;1;2404011303;H;COP;1950182
1083043;18001596;4916479273;ETIQUETA COLORES CJX6ROLX3800UN;1;100;261;21/5/2026;21/5/2026;1001;1;B010;1;2404011303;H;COP;1950182
1083043;18001596;4916479354;ETIQUETA COLORES CJX6ROLX3800UN;1;100;261;21/5/2026;21/5/2026;1001;1;B010;1;2404011303;H;COP;1950182
1083043;18001596;4916479438;ETIQUETA COLORES CJX6ROLX3800UN;1;100;261;21/5/2026;21/5/2026;1001;1;B010;1;2404011303;H;COP;1950182
1083043;18001596;4916479511;ETIQUETA COLORES CJX6ROLX3800UN;1;100;261;21/5/2026;21/5/2026;1001;1;B010;1;2404011303;H;COP;1950182
1083043;18001596;4916479586;ETIQUETA COLORES CJX6ROLX3800UN;1;100;261;21/5/2026;21/5/2026;1001;1;B010;1;2404011303;H;COP;1950182
1083043;18001596;4916479705;ETIQUETA COLORES CJX6ROLX3800UN;1;100;261;21/5/2026;21/5/2026;1001;1;B010;1;2404011303;H;COP;1950182
1083043;18001596;4916479741;ETIQUETA COLORES CJX6ROLX3800UN;1;100;261;21/5/2026;21/5/2026;1001;1;B010;1;2404011303;H;COP;1950182
1083043;18001596;4916479759;ETIQUETA COLORES CJX6ROLX3800UN;1;100;261;21/5/2026;21/5/2026;1001;1;B010;1;2404011303;H;COP;1950182
1083043;18001596;4916479810;ETIQUETA COLORES CJX6ROLX3800UN;1;100;261;21/5/2026;21/5/2026;1001;1;B010;1;2404011303;H;COP;1950182
1083043;18001596;4916479860;ETIQUETA COLORES CJX6ROLX3800UN;1;100;261;21/5/2026;21/5/2026;1001;1;B010;1;2404011303;H;COP;1950182
1083043;18001596;4916479869;ETIQUETA COLORES CJX6ROLX3800UN;1;100;261;21/5/2026;21/5/2026;1001;1;B010;1;2404011303;H;COP;1950182
1083043;18001596;4916479897;ETIQUETA COLORES CJX6ROLX3800UN;1;100;261;21/5/2026;21/5/2026;1001;1;B010;1;2404011303;H;COP;1950182
1083043;18001596;4916479921;ETIQUETA COLORES CJX6ROLX3800UN;1;100;261;21/5/2026;21/5/2026;1001;1;B010;1;2404011303;H;COP;1950182
1083043;18001596;4916479927;ETIQUETA COLORES CJX6ROLX3800UN;1;100;261;21/5/2026;21/5/2026;1001;1;B010;1;2404011303;H;COP;1950182
1083043;18001596;4916480306;ETIQUETA COLORES CJX6ROLX3800UN;1;100;261;21/5/2026;21/5/2026;1001;1;B010;1;2404011303;H;COP;1950182
1083043;18001596;4916480336;ETIQUETA COLORES CJX6ROLX3800UN;1;100;261;21/5/2026;21/5/2026;1001;1;B010;1;2404011303;H;COP;1950182
1083043;18001596;4916480481;ETIQUETA COLORES CJX6ROLX3800UN;1;100;261;21/5/2026;21/5/2026;1001;1;B010;1;2404011303;H;COP;1950182
1083043;18001596;4916480557;ETIQUETA COLORES CJX6ROLX3800UN;1;100;261;21/5/2026;21/5/2026;1001;1;B010;1;2404011303;H;COP;1950182
1083043;18001596;4916480568;ETIQUETA COLORES CJX6ROLX3800UN;1;100;261;21/5/2026;21/5/2026;1001;1;B010;1;2404011303;H;COP;1950182
1083043;18001596;4916481011;ETIQUETA COLORES CJX6ROLX3800UN;1;100;261;21/5/2026;21/5/2026;1001;1;B010;1;2404011303;H;COP;1950182
1083043;18001596;4916483910;ETIQUETA COLORES CJX6ROLX3800UN;1;100;261;21/5/2026;21/5/2026;1001;1;B010;1;2404011303;H;COP;1950182
1083043;18001596;4916484328;ETIQUETA COLORES CJX6ROLX3800UN;5;500;261;21/5/2026;21/5/2026;1001;1;B010;1;2404011303;H;COP;1950182
1083043;18001596;4916484330;ETIQUETA COLORES CJX6ROLX3800UN;1;100;261;21/5/2026;21/5/2026;1001;1;B010;1;2404011303;H;COP;1950182
1083043;18001596;4916484528;ETIQUETA COLORES CJX6ROLX3800UN;1;100;261;21/5/2026;21/5/2026;1001;1;B010;1;2404011303;H;COP;1950182
1083043;18001596;4916485972;ETIQUETA COLORES CJX6ROLX3800UN;1;100;261;21/5/2026;21/5/2026;1001;1;B010;1;2404011303;H;COP;1950182
1083043;18001596;4916485998;ETIQUETA COLORES CJX6ROLX3800UN;1;100;261;21/5/2026;21/5/2026;1001;1;B010;1;2404011303;H;COP;1950182
1083043;18001596;4916486025;ETIQUETA COLORES CJX6ROLX3800UN;1;100;261;21/5/2026;21/5/2026;1001;1;B010;1;2404011303;H;COP;1950182
1083043;18001596;4916486063;ETIQUETA COLORES CJX6ROLX3800UN;1;100;261;21/5/2026;21/5/2026;1001;1;B010;1;2404011303;H;COP;1950182
1083043;18001596;4916486072;ETIQUETA COLORES CJX6ROLX3800UN;1;100;261;21/5/2026;21/5/2026;1001;1;B010;1;2404011303;H;COP;1950182
1083043;18001596;4916486085;ETIQUETA COLORES CJX6ROLX3800UN;1;100;261;21/5/2026;21/5/2026;1001;1;B010;1;2404011303;H;COP;1950182
1083043;18001596;4916486116;ETIQUETA COLORES CJX6ROLX3800UN;1;100;261;21/5/2026;21/5/2026;1001;1;B010;1;2404011303;H;COP;1950182
1083043;18001596;4916486254;ETIQUETA COLORES CJX6ROLX3800UN;1;100;261;21/5/2026;21/5/2026;1001;1;B010;1;2404011303;H;COP;1950182
1083043;18001596;4916486895;ETIQUETA COLORES CJX6ROLX3800UN;1;100;261;21/5/2026;21/5/2026;1001;1;B010;1;2404011303;H;COP;1950182
1083043;18001596;4916487104;ETIQUETA COLORES CJX6ROLX3800UN;1;100;261;21/5/2026;21/5/2026;1001;1;B010;1;2404011303;H;COP;1950182
1083043;18001596;4916487106;ETIQUETA COLORES CJX6ROLX3800UN;25;2.500;261;21/5/2026;21/5/2026;1001;1;B010;1;2404011303;H;COP;1950182
1083043;18001596;4916487109;ETIQUETA COLORES CJX6ROLX3800UN;1;100;261;21/5/2026;21/5/2026;1001;1;B010;1;2404011303;H;COP;1950182
1083043;18001596;4916487162;ETIQUETA COLORES CJX6ROLX3800UN;1;100;261;21/5/2026;21/5/2026;1001;1;B010;1;2404011303;H;COP;1950182
1083043;18001596;4916487196;ETIQUETA COLORES CJX6ROLX3800UN;1;100;261;21/5/2026;21/5/2026;1001;1;B010;1;2404011303;H;COP;1950182
1083043;18001596;4916487224;ETIQUETA COLORES CJX6ROLX3800UN;1;100;261;21/5/2026;21/5/2026;1001;1;B010;1;2404011303;H;COP;1950182
1083043;18001596;4916487237;ETIQUETA COLORES CJX6ROLX3800UN;1;100;261;21/5/2026;21/5/2026;1001;1;B010;1;2404011303;H;COP;1950182
1083043;18001596;4916487247;ETIQUETA COLORES CJX6ROLX3800UN;1;100;261;21/5/2026;21/5/2026;1001;1;B010;1;2404011303;H;COP;1950182
1083043;18001596;4916487259;ETIQUETA COLORES CJX6ROLX3800UN;1;100;261;21/5/2026;21/5/2026;1001;1;B010;1;2404011303;H;COP;1950182
1083043;18001596;4916487299;ETIQUETA COLORES CJX6ROLX3800UN;1;100;261;21/5/2026;21/5/2026;1001;1;B010;1;2404011303;H;COP;1950182
1083043;18001596;4916487314;ETIQUETA COLORES CJX6ROLX3800UN;1;100;261;21/5/2026;21/5/2026;1001;1;B010;1;2404011303;H;COP;1950182
1083043;18001596;4916487330;ETIQUETA COLORES CJX6ROLX3800UN;1;100;261;21/5/2026;21/5/2026;1001;1;B010;1;2404011303;H;COP;1950182
1083043;18001596;4916487337;ETIQUETA COLORES CJX6ROLX3800UN;1;100;261;21/5/2026;21/5/2026;1001;1;B010;1;2404011303;H;COP;1950182
1083043;18001596;4916487354;ETIQUETA COLORES CJX6ROLX3800UN;1;100;261;21/5/2026;21/5/2026;1001;1;B010;1;2404011303;H;COP;1950182
1083043;18001596;4916487365;ETIQUETA COLORES CJX6ROLX3800UN;1;100;261;21/5/2026;21/5/2026;1001;1;B010;1;2404011303;H;COP;1950182
1083043;18001596;4916487380;ETIQUETA COLORES CJX6ROLX3800UN;1;100;261;21/5/2026;21/5/2026;1001;1;B010;1;2404011303;H;COP;1950182
1083043;18001596;4916487394;ETIQUETA COLORES CJX6ROLX3800UN;1;100;261;21/5/2026;21/5/2026;1001;1;B010;1;2404011303;H;COP;1950182
1083043;18001596;4916487418;ETIQUETA COLORES CJX6ROLX3800UN;15;1.500;261;21/5/2026;21/5/2026;1001;1;B010;1;2404011303;H;COP;1950182
1083043;18001596;4916487433;ETIQUETA COLORES CJX6ROLX3800UN;1;100;261;21/5/2026;21/5/2026;1001;1;B010;1;2404011303;H;COP;1950182
1083043;18001596;4916487563;ETIQUETA COLORES CJX6ROLX3800UN;1;100;261;21/5/2026;21/5/2026;1001;1;B010;1;2404011303;H;COP;1950182
1083043;18001596;4916487596;ETIQUETA COLORES CJX6ROLX3800UN;1;100;261;21/5/2026;21/5/2026;1001;1;B010;1;2404011303;H;COP;1950182
1083043;18001596;4916487618;ETIQUETA COLORES CJX6ROLX3800UN;1;100;261;21/5/2026;21/5/2026;1001;1;B010;1;2404011303;H;COP;1950182
1083043;18001596;4916487698;ETIQUETA COLORES CJX6ROLX3800UN;1;100;261;21/5/2026;21/5/2026;1001;1;B010;1;2404011303;H;COP;1950182
1083043;18001596;4916487714;ETIQUETA COLORES CJX6ROLX3800UN;1;100;261;21/5/2026;21/5/2026;1001;1;B010;1;2404011303;H;COP;1950182
1083043;18001596;4916487739;ETIQUETA COLORES CJX6ROLX3800UN;1;100;261;21/5/2026;21/5/2026;1001;1;B010;1;2404011303;H;COP;1950182
1083043;18001596;4916487878;ETIQUETA COLORES CJX6ROLX3800UN;1;100;261;21/5/2026;21/5/2026;1001;1;B010;1;2404011303;H;COP;1950182
1083043;18001596;4916487937;ETIQUETA COLORES CJX6ROLX3800UN;1;100;261;21/5/2026;21/5/2026;1001;1;B010;1;2404011303;H;COP;1950182
1083043;18001596;4916487958;ETIQUETA COLORES CJX6ROLX3800UN;1;100;261;21/5/2026;21/5/2026;1001;1;B010;1;2404011303;H;COP;1950182
1083043;18001596;4916487978;ETIQUETA COLORES CJX6ROLX3800UN;1;100;261;21/5/2026;21/5/2026;1001;1;B010;1;2404011303;H;COP;1950182
1083043;18001596;4916487989;ETIQUETA COLORES CJX6ROLX3800UN;1;100;261;21/5/2026;21/5/2026;1001;1;B010;1;2404011303;H;COP;1950182
1083043;18001596;4916488005;ETIQUETA COLORES CJX6ROLX3800UN;1;100;261;21/5/2026;21/5/2026;1001;1;B010;1;2404011303;H;COP;1950182
1083043;18001596;4916488034;ETIQUETA COLORES CJX6ROLX3800UN;1;100;261;21/5/2026;21/5/2026;1001;1;B010;1;2404011303;H;COP;1950182
1083043;18001596;4916488053;ETIQUETA COLORES CJX6ROLX3800UN;1;100;261;21/5/2026;21/5/2026;1001;1;B010;1;2404011303;H;COP;1950182
1083043;18001596;4916492934;ETIQUETA COLORES CJX6ROLX3800UN;1;100;261;21/5/2026;21/5/2026;1001;1;B010;1;2404011303;H;COP;1950182
1083043;18001596;4916492941;ETIQUETA COLORES CJX6ROLX3800UN;1;100;261;21/5/2026;21/5/2026;1001;1;B010;1;2404011303;H;COP;1950182
1083043;18001602;4916477294;ETIQUETA TERMICA CJX4ROLX2605UN;1;48;261;21/5/2026;21/5/2026;1001;1;B010;1;2604241568;H;COP;1950182
1083043;18001602;4916477300;ETIQUETA TERMICA CJX4ROLX2605UN;200;9.600;261;21/5/2026;21/5/2026;1001;1;B010;1;2604241568;H;COP;1950182
1083043;18001602;4916477303;ETIQUETA TERMICA CJX4ROLX2605UN;200;9.600;261;21/5/2026;21/5/2026;1001;1;B010;1;2604241568;H;COP;1950182
1083043;18001602;4916477305;ETIQUETA TERMICA CJX4ROLX2605UN;200;9.600;261;21/5/2026;21/5/2026;1001;1;B010;1;2604241568;H;COP;1950182
1083043;18001602;4916477307;ETIQUETA TERMICA CJX4ROLX2605UN;200;9.600;261;21/5/2026;21/5/2026;1001;1;B010;1;2604241568;H;COP;1950182
1083043;18001602;4916477309;ETIQUETA TERMICA CJX4ROLX2605UN;200;9.600;261;21/5/2026;21/5/2026;1001;1;B010;1;2604241568;H;COP;1950182
1083043;18001602;4916477312;ETIQUETA TERMICA CJX4ROLX2605UN;200;9.600;261;21/5/2026;21/5/2026;1001;1;B010;1;2604241568;H;COP;1950182
1083043;18001602;4916477314;ETIQUETA TERMICA CJX4ROLX2605UN;200;9.600;261;21/5/2026;21/5/2026;1001;1;B010;1;2604241568;H;COP;1950182
1083043;18001602;4916477315;ETIQUETA TERMICA CJX4ROLX2605UN;200;9.600;261;21/5/2026;21/5/2026;1001;1;B010;1;2604241568;H;COP;1950182
1083043;18001602;4916480332;ETIQUETA TERMICA CJX4ROLX2605UN;10;480;261;21/5/2026;21/5/2026;1001;1;B010;1;2604241568;H;COP;1950182
1083043;18001602;4916485220;ETIQUETA TERMICA CJX4ROLX2605UN;200;9.600;261;21/5/2026;21/5/2026;1001;1;B010;1;2604290726;H;COP;1950182
1083043;18001602;4916485230;ETIQUETA TERMICA CJX4ROLX2605UN;200;9.600;261;21/5/2026;21/5/2026;1001;1;B010;1;2604290726;H;COP;1950182
1083043;18001602;4916485254;ETIQUETA TERMICA CJX4ROLX2605UN;200;9.600;261;21/5/2026;21/5/2026;1001;1;B010;1;2604290726;H;COP;1950182
1083043;18001602;4916485504;ETIQUETA TERMICA CJX4ROLX2605UN;1;48;261;21/5/2026;21/5/2026;1001;1;B010;1;2604290726;H;COP;1950182
1083043;18001602;4916486286;ETIQUETA TERMICA CJX4ROLX2605UN;200;9.600;261;21/5/2026;21/5/2026;1001;1;B010;1;2604290726;H;COP;1950182
1083043;18001602;4916486302;ETIQUETA TERMICA CJX4ROLX2605UN;200;9.600;261;21/5/2026;21/5/2026;1001;1;B010;1;2604290726;H;COP;1950182
1083043;18001602;4916486320;ETIQUETA TERMICA CJX4ROLX2605UN;200;9.600;261;21/5/2026;21/5/2026;1001;1;B010;1;2604290726;H;COP;1950182
1083043;18001602;4916486449;ETIQUETA TERMICA CJX4ROLX2605UN;200;9.600;261;21/5/2026;21/5/2026;1001;1;B010;1;2604290726;H;COP;1950182
1083043;18001602;4916486456;ETIQUETA TERMICA CJX4ROLX2605UN;200;9.600;261;21/5/2026;21/5/2026;1001;1;B010;1;2604290726;H;COP;1950182
1083043;18001602;4916486464;ETIQUETA TERMICA CJX4ROLX2605UN;200;9.600;261;21/5/2026;21/5/2026;1001;1;B010;1;2604290726;H;COP;1950182
1083043;18001612;4916488427;CINTA DE RESINA 110*450M ROLX45000CM;6.300;0;261;21/5/2026;21/5/2026;1001;1;B010;3;2603311297;H;COP;1950182
1083043;14002447;4916494653;PRESAS CORTADAS CJ(180UN);90;26.947.980;261;22/5/2026;22/5/2026;1001;2;B010;1;2605200255;H;COP;0
1083043;18001590;4916488427;BOLSA FUNDA PERFORADA BTOX10BOLX100UN;1.000;229.855;261;21/5/2026;21/5/2026;1001;2;B010;4;2604291332;H;COP;0
1083043;12002532;5001989725;ALAS CORTADAS POLLO;-146,500;-1.556.416;101;21/5/2026;21/5/2026;1001;4;B010;1;2605210137;S;COP;0
1083043;12002532;5001989958;ALAS CORTADAS POLLO;-156,300;-1.660.531;101;21/5/2026;21/5/2026;1001;4;B010;1;2605210137;S;COP;0
1083043;12002532;5001989965;ALAS CORTADAS POLLO;-145,900;-1.550.042;101;21/5/2026;21/5/2026;1001;4;B010;1;2605210137;S;COP;0
1083043;12002532;5001989968;ALAS CORTADAS POLLO;-142,600;-1.514.982;101;21/5/2026;21/5/2026;1001;4;B010;1;2605210137;S;COP;0
1083043;12002532;5001990116;ALAS CORTADAS POLLO;-150,300;-1.596.787;101;21/5/2026;21/5/2026;1001;4;B010;1;2605210137;S;COP;0
1083043;12002532;5001990346;ALAS CORTADAS POLLO;-190,700;-2.025.997;101;21/5/2026;21/5/2026;1001;4;B010;1;2605210137;S;COP;0
1083043;12002532;5001990494;ALAS CORTADAS POLLO;-126,900;-1.348.186;101;21/5/2026;21/5/2026;1001;4;B010;1;2605210137;S;COP;0
1083043;12002532;5001990693;ALAS CORTADAS POLLO;126,900;1.348.186;102;21/5/2026;21/5/2026;1001;4;B010;1;2605210137;H;COP;0
1083043;12002532;5001990736;ALAS CORTADAS POLLO;-148;-1.572.352;101;21/5/2026;21/5/2026;1001;4;B010;1;2605210137;S;COP;0
1083043;12002532;5001990737;ALAS CORTADAS POLLO;-148;-1.572.352;101;21/5/2026;21/5/2026;1001;4;B010;1;2605210137;S;COP;0
1083043;12002532;5001990743;ALAS CORTADAS POLLO;148;1.572.352;102;21/5/2026;21/5/2026;1001;4;B010;1;2605210137;H;COP;0
1083043;12002532;5001990926;ALAS CORTADAS POLLO;-146,700;-1.558.541;101;21/5/2026;21/5/2026;1001;4;B010;1;2605210137;S;COP;0
1083043;12002532;5001990978;ALAS CORTADAS POLLO;-115,500;-1.227.072;101;21/5/2026;21/5/2026;1001;4;B010;1;2605210137;S;COP;0
1083043;12002532;5001990981;ALAS CORTADAS POLLO;-146,900;-1.560.666;101;21/5/2026;21/5/2026;1001;4;B010;1;2605210137;S;COP;0
1083043;12002532;5001990986;ALAS CORTADAS POLLO;-127,200;-1.351.373;101;21/5/2026;21/5/2026;1001;4;B010;1;2605210137;S;COP;0
1083043;12002532;5001991037;ALAS CORTADAS POLLO;-166,200;-1.765.709;101;21/5/2026;21/5/2026;1001;4;B010;1;2605210137;S;COP;0
1083043;12002532;5001991117;ALAS CORTADAS POLLO;-178,100;-1.892.134;101;21/5/2026;21/5/2026;1001;4;B010;1;2605210137;S;COP;0
1083043;12002532;5001991121;ALAS CORTADAS POLLO;-47,300;-502.515;101;21/5/2026;21/5/2026;1001;4;B010;1;2605210137;S;COP;0
1083043;12002532;5001991298;ALAS CORTADAS POLLO;-142,600;-1.514.982;101;21/5/2026;21/5/2026;1001;4;B010;1;2605210137;S;COP;0
1083043;12002532;5001991299;ALAS CORTADAS POLLO;142,600;1.514.982;102;21/5/2026;21/5/2026;1001;4;B010;1;2605210137;H;COP;0
1083043;12002546;5001989752;CAJA DE POLLO;-151,500;-1.319.717;101;21/5/2026;21/5/2026;1001;4;B010;1;2605210132;S;COP;0
1083043;12002546;5001989758;CAJA DE POLLO;-141,800;-1.235.220;101;21/5/2026;21/5/2026;1001;4;B010;1;2605210132;S;COP;0
1083043;12002546;5001989762;CAJA DE POLLO;-135;-1.175.985;101;21/5/2026;21/5/2026;1001;4;B010;1;2605210132;S;COP;0
1083043;12002546;5001989765;CAJA DE POLLO;-148,600;-1.294.455;101;21/5/2026;21/5/2026;1001;4;B010;1;2605210132;S;COP;0
1083043;12002546;5001989769;CAJA DE POLLO;-142,500;-1.241.318;101;21/5/2026;21/5/2026;1001;4;B010;1;2605210132;S;COP;0
1083043;12002546;5001989783;CAJA DE POLLO;-138,600;-1.207.345;101;21/5/2026;21/5/2026;1001;4;B010;1;2605210132;S;COP;0
1083043;12002546;5001989786;CAJA DE POLLO;-132,300;-1.152.465;101;21/5/2026;21/5/2026;1001;4;B010;1;2605210132;S;COP;0
1083043;12002546;5001989788;CAJA DE POLLO;-143,400;-1.249.157;101;21/5/2026;21/5/2026;1001;4;B010;1;2605210132;S;COP;0
1083043;12002546;5001989791;CAJA DE POLLO;-139,900;-1.218.669;101;21/5/2026;21/5/2026;1001;4;B010;1;2605210132;S;COP;0
1083043;12002546;5001989810;CAJA DE POLLO;-144,800;-1.261.353;101;21/5/2026;21/5/2026;1001;4;B010;1;2605210132;S;COP;0
1083043;12002546;5001989879;CAJA DE POLLO;-146,600;-1.277.033;101;21/5/2026;21/5/2026;1001;4;B010;1;2605210132;S;COP;0
1083043;12002546;5001989887;CAJA DE POLLO;-159,600;-1.390.276;101;21/5/2026;21/5/2026;1001;4;B010;1;2605210132;S;COP;0
1083043;12002546;5001989889;CAJA DE POLLO;-127,800;-1.113.266;101;21/5/2026;21/5/2026;1001;4;B010;1;2605210132;S;COP;0
1083043;12002546;5001989902;CAJA DE POLLO;-162,600;-1.416.409;101;21/5/2026;21/5/2026;1001;4;B010;1;2605210132;S;COP;0
1083043;12002546;5001989907;CAJA DE POLLO;-141,600;-1.233.478;101;21/5/2026;21/5/2026;1001;4;B010;1;2605210132;S;COP;0
1083043;12002546;5001989930;CAJA DE POLLO;-155,400;-1.353.689;101;21/5/2026;21/5/2026;1001;4;B010;1;2605210132;S;COP;0
1083043;12002546;5001989937;CAJA DE POLLO;-141,300;-1.230.864;101;21/5/2026;21/5/2026;1001;4;B010;1;2605210132;S;COP;0
1083043;12002546;5001989950;CAJA DE POLLO;-153,700;-1.338.881;101;21/5/2026;21/5/2026;1001;4;B010;1;2605210132;S;COP;0
1083043;12002546;5001989973;CAJA DE POLLO;-142,700;-1.243.060;101;21/5/2026;21/5/2026;1001;4;B010;1;2605210132;S;COP;0
1083043;12002546;5001989983;CAJA DE POLLO;-133,500;-1.162.919;101;21/5/2026;21/5/2026;1001;4;B010;1;2605210132;S;COP;0
1083043;12002546;5001989995;CAJA DE POLLO;-133,500;-1.162.919;101;21/5/2026;21/5/2026;1001;4;B010;1;2605210132;S;COP;0
1083043;12002546;5001989997;CAJA DE POLLO;133,500;1.162.919;102;21/5/2026;21/5/2026;1001;4;B010;1;2605210132;H;COP;0
1083043;12002546;5001990061;CAJA DE POLLO;-142,600;-1.242.189;101;21/5/2026;21/5/2026;1001;4;B010;1;2605210132;S;COP;0
1083043;12002546;5001990065;CAJA DE POLLO;-149,700;-1.304.037;101;21/5/2026;21/5/2026;1001;4;B010;1;2605210132;S;COP;0
1083043;12002546;5001990099;CAJA DE POLLO;-153,600;-1.338.010;101;21/5/2026;21/5/2026;1001;4;B010;1;2605210132;S;COP;0
1083043;12002546;5001990121;CAJA DE POLLO;-46,700;-406.804;101;21/5/2026;21/5/2026;1001;4;B010;1;2605210132;S;COP;0
1083043;12002546;5001990730;CAJA DE POLLO;-113,900;-992.183;101;21/5/2026;21/5/2026;1001;4;B010;1;2605210132;S;COP;0
1083043;12002546;5001990734;CAJA DE POLLO;-141,500;-1.232.607;101;21/5/2026;21/5/2026;1001;4;B010;1;2605210132;S;COP;0
1083043;12002546;5001990747;CAJA DE POLLO;-123,800;-1.078.422;101;21/5/2026;21/5/2026;1001;4;B010;1;2605210132;S;COP;0
1083043;12002546;5001990750;CAJA DE POLLO;-143,600;-1.250.900;101;21/5/2026;21/5/2026;1001;4;B010;1;2605210132;S;COP;0
1083043;12002546;5001990755;CAJA DE POLLO;-114,600;-998.281;101;21/5/2026;21/5/2026;1001;4;B010;1;2605210132;S;COP;0
1083043;12002546;5001990761;CAJA DE POLLO;-151,900;-1.323.201;101;21/5/2026;21/5/2026;1001;4;B010;1;2605210132;S;COP;0
1083043;12002546;5001990784;CAJA DE POLLO;-138,300;-1.204.731;101;21/5/2026;21/5/2026;1001;4;B010;1;2605210132;S;COP;0
1083043;12002546;5001990993;CAJA DE POLLO;-152,700;-1.330.170;101;21/5/2026;21/5/2026;1001;4;B010;1;2605210132;S;COP;0
1083043;12002546;5001990996;CAJA DE POLLO;-160,500;-1.398.116;101;21/5/2026;21/5/2026;1001;4;B010;1;2605210132;S;COP;0
1083043;12002546;5001990998;CAJA DE POLLO;-164,800;-1.435.573;101;21/5/2026;21/5/2026;1001;4;B010;1;2605210132;S;COP;0
1083043;12002546;5001991004;CAJA DE POLLO;-135;-1.175.985;101;21/5/2026;21/5/2026;1001;4;B010;1;2605210132;S;COP;0
1083043;12002546;5001991005;CAJA DE POLLO;-138,900;-1.209.958;101;21/5/2026;21/5/2026;1001;4;B010;1;2605210132;S;COP;0
1083043;12002546;5001991009;CAJA DE POLLO;-168,200;-1.465.190;101;21/5/2026;21/5/2026;1001;4;B010;1;2605210132;S;COP;0
1083043;12002546;5001991014;CAJA DE POLLO;-158,100;-1.377.209;101;21/5/2026;21/5/2026;1001;4;B010;1;2605210132;S;COP;0
1083043;12002546;5001991019;CAJA DE POLLO;-175,600;-1.529.652;101;21/5/2026;21/5/2026;1001;4;B010;1;2605210132;S;COP;0
1083043;12002546;5001991021;CAJA DE POLLO;-157,900;-1.375.467;101;21/5/2026;21/5/2026;1001;4;B010;1;2605210132;S;COP;0
1083043;12002546;5001991024;CAJA DE POLLO;-135,400;-1.179.469;101;21/5/2026;21/5/2026;1001;4;B010;1;2605210132;S;COP;0
1083043;12002546;5001991026;CAJA DE POLLO;-172,500;-1.502.648;101;21/5/2026;21/5/2026;1001;4;B010;1;2605210132;S;COP;0
1083043;12002546;5001991051;CAJA DE POLLO;-173,900;-1.514.843;101;21/5/2026;21/5/2026;1001;4;B010;1;2605210132;S;COP;0
1083043;12002546;5001991060;CAJA DE POLLO;-177,500;-1.546.203;101;21/5/2026;21/5/2026;1001;4;B010;1;2605210132;S;COP;0
1083043;12002546;5001991069;CAJA DE POLLO;-164,200;-1.430.346;101;21/5/2026;21/5/2026;1001;4;B010;1;2605210132;S;COP;0
1083043;12002546;5001991089;CAJA DE POLLO;-157,900;-1.375.467;101;21/5/2026;21/5/2026;1001;4;B010;1;2605210132;S;COP;0
1083043;12002546;5001991100;CAJA DE POLLO;-157,300;-1.370.240;101;21/5/2026;21/5/2026;1001;4;B010;1;2605210132;S;COP;0
1083043;12002546;5001991115;CAJA DE POLLO;-137;-1.193.407;101;21/5/2026;21/5/2026;1001;4;B010;1;2605210132;S;COP;0
1083043;14002439;5001989736;ALAS ENTERAS POLLO;-142,600;-1.285.682;101;21/5/2026;21/5/2026;1001;4;B010;1;2605210136;S;COP;0
1083043;14002439;5001990352;ALAS ENTERAS POLLO;142,600;1.285.682;102;21/5/2026;21/5/2026;1001;4;B010;1;2605210136;H;COP;0
1083043;14002444;5001991142;PRESAS CRISPY CJX10BOL(18UN);-810;-21.864.330;101;21/5/2026;21/5/2026;1001;4;B010;1;2605210134;S;COP;0
1083043;14002445;5001991286;PRESAS ORIGINAL CJX10BOL(18UN;-1.860;-55.816.740;101;21/5/2026;21/5/2026;1001;4;B010;1;2605210133;S;COP;0
1083043;14002447;5001991479;PRESAS CORTADAS CJ(180UN);-29;-8.683.238;101;22/5/2026;22/5/2026;1001;4;B010;1;2605210135;S;COP;0
1083044;11001117;4916484788;POLLO FRESCO CJX20UN;4.000;50.330.873;261;21/5/2026;21/5/2026;1001;1;B010;1;2605180826;H;COP;1950184
1083044;11001117;4916561809;POLLO FRESCO CJX20UN;550;6.832.663;261;27/5/2026;27/5/2026;1001;1;B010;1;2605271008;H;COP;1950184
1083044;12001209;4916486551;SALMUERA CRISPY;459,520;832.650;261;21/5/2026;21/5/2026;1001;1;B010;1;2605210147;H;COP;1950184
1083044;12002546;4916479712;CAJA DE POLLO;1.044,600;9.099.511;261;21/5/2026;21/5/2026;1001;1;B010;1;2605180195;H;COP;1950184
1083044;12002546;4916483894;CAJA DE POLLO;971,900;8.466.221;261;21/5/2026;21/5/2026;1001;1;B010;1;2605180195;H;COP;1950184
1083044;12002546;4916483899;CAJA DE POLLO;155,500;1.354.561;261;21/5/2026;21/5/2026;1001;1;B010;1;2605180195;H;COP;1950184
1083044;12002546;4916484406;CAJA DE POLLO;-1.044,600;-9.099.511;262;21/5/2026;21/5/2026;1001;1;B010;1;2605180195;S;COP;1950184
1083044;12002546;4916484407;CAJA DE POLLO;-971,900;-8.466.221;262;21/5/2026;21/5/2026;1001;1;B010;1;2605180195;S;COP;1950184
1083044;12002546;4916484411;CAJA DE POLLO;-155,500;-1.354.561;262;21/5/2026;21/5/2026;1001;1;B010;1;2605180195;S;COP;1950184
1083044;13000368;4916484364;GRASA DE POLLO;-20;-6.000;531;21/5/2026;21/5/2026;1001;1;B010;1;2605210140;S;COP;1950184
1083044;13000368;4916484367;GRASA DE POLLO;-24;-7.200;531;21/5/2026;21/5/2026;1001;1;B010;1;2605210140;S;COP;1950184
1083044;13000371;4916484351;PUNTILLAS;-34;-6.800;531;21/5/2026;21/5/2026;1001;1;B010;1;2605210140;S;COP;1950184
1083044;13000371;4916484358;PUNTILLAS;-20;-4.000;531;21/5/2026;21/5/2026;1001;1;B010;1;2605210140;S;COP;1950184
1083044;18001588;4916486567;BOLSA POLLO CRISPY  BTOX2500UN;900;95.188;261;21/5/2026;21/5/2026;1001;1;B010;1;2604291273;H;COP;1950184
1083044;18001596;4916480219;ETIQUETA COLORES CJX6ROLX3800UN;1;100;261;21/5/2026;21/5/2026;1001;1;B010;1;2404011303;H;COP;1950184
1083044;18001596;4916480233;ETIQUETA COLORES CJX6ROLX3800UN;1;100;261;21/5/2026;21/5/2026;1001;1;B010;1;2404011303;H;COP;1950184
1083044;18001596;4916480246;ETIQUETA COLORES CJX6ROLX3800UN;1;100;261;21/5/2026;21/5/2026;1001;1;B010;1;2404011303;H;COP;1950184
1083044;18001596;4916480283;ETIQUETA COLORES CJX6ROLX3800UN;1;100;261;21/5/2026;21/5/2026;1001;1;B010;1;2404011303;H;COP;1950184
1083044;18001596;4916480630;ETIQUETA COLORES CJX6ROLX3800UN;1;100;261;21/5/2026;21/5/2026;1001;1;B010;1;2404011303;H;COP;1950184
1083044;18001596;4916480699;ETIQUETA COLORES CJX6ROLX3800UN;1;100;261;21/5/2026;21/5/2026;1001;1;B010;1;2404011303;H;COP;1950184
1083044;18001596;4916480724;ETIQUETA COLORES CJX6ROLX3800UN;1;100;261;21/5/2026;21/5/2026;1001;1;B010;1;2404011303;H;COP;1950184
1083044;18001596;4916480997;ETIQUETA COLORES CJX6ROLX3800UN;1;100;261;21/5/2026;21/5/2026;1001;1;B010;1;2404011303;H;COP;1950184
1083044;18001596;4916483831;ETIQUETA COLORES CJX6ROLX3800UN;1;100;261;21/5/2026;21/5/2026;1001;1;B010;1;2404011303;H;COP;1950184
1083044;18001596;4916483839;ETIQUETA COLORES CJX6ROLX3800UN;1;100;261;21/5/2026;21/5/2026;1001;1;B010;1;2404011303;H;COP;1950184
1083044;18001596;4916483845;ETIQUETA COLORES CJX6ROLX3800UN;1;100;261;21/5/2026;21/5/2026;1001;1;B010;1;2404011303;H;COP;1950184
1083044;18001596;4916483879;ETIQUETA COLORES CJX6ROLX3800UN;1;100;261;21/5/2026;21/5/2026;1001;1;B010;1;2404011303;H;COP;1950184
1083044;18001596;4916483968;ETIQUETA COLORES CJX6ROLX3800UN;1;100;261;21/5/2026;21/5/2026;1001;1;B010;1;2404011303;H;COP;1950184
1083044;18001596;4916484143;ETIQUETA COLORES CJX6ROLX3800UN;1;100;261;21/5/2026;21/5/2026;1001;1;B010;1;2404011303;H;COP;1950184
1083044;18001596;4916484204;ETIQUETA COLORES CJX6ROLX3800UN;1;100;261;21/5/2026;21/5/2026;1001;1;B010;1;2404011303;H;COP;1950184
1083044;18001596;4916484208;ETIQUETA COLORES CJX6ROLX3800UN;1;100;261;21/5/2026;21/5/2026;1001;1;B010;1;2404011303;H;COP;1950184
1083044;18001596;4916484238;ETIQUETA COLORES CJX6ROLX3800UN;1;100;261;21/5/2026;21/5/2026;1001;1;B010;1;2404011303;H;COP;1950184
1083044;18001596;4916484260;ETIQUETA COLORES CJX6ROLX3800UN;1;100;261;21/5/2026;21/5/2026;1001;1;B010;1;2404011303;H;COP;1950184
1083044;18001596;4916484267;ETIQUETA COLORES CJX6ROLX3800UN;1;100;261;21/5/2026;21/5/2026;1001;1;B010;1;2404011303;H;COP;1950184
1083044;18001596;4916484275;ETIQUETA COLORES CJX6ROLX3800UN;1;100;261;21/5/2026;21/5/2026;1001;1;B010;1;2404011303;H;COP;1950184
1083044;18001596;4916484349;ETIQUETA COLORES CJX6ROLX3800UN;1;100;261;21/5/2026;21/5/2026;1001;1;B010;1;2404011303;H;COP;1950184
1083044;18001596;4916484356;ETIQUETA COLORES CJX6ROLX3800UN;1;100;261;21/5/2026;21/5/2026;1001;1;B010;1;2404011303;H;COP;1950184
1083044;18001596;4916484362;ETIQUETA COLORES CJX6ROLX3800UN;1;100;261;21/5/2026;21/5/2026;1001;1;B010;1;2404011303;H;COP;1950184
1083044;18001596;4916484366;ETIQUETA COLORES CJX6ROLX3800UN;1;100;261;21/5/2026;21/5/2026;1001;1;B010;1;2404011303;H;COP;1950184
1083044;18001596;4916484385;ETIQUETA COLORES CJX6ROLX3800UN;1;100;261;21/5/2026;21/5/2026;1001;1;B010;1;2404011303;H;COP;1950184
1083044;18001596;4916484390;ETIQUETA COLORES CJX6ROLX3800UN;1;100;261;21/5/2026;21/5/2026;1001;1;B010;1;2404011303;H;COP;1950184
1083044;18001596;4916484486;ETIQUETA COLORES CJX6ROLX3800UN;1;100;261;21/5/2026;21/5/2026;1001;1;B010;1;2404011303;H;COP;1950184
1083044;18001596;4916484542;ETIQUETA COLORES CJX6ROLX3800UN;1;100;261;21/5/2026;21/5/2026;1001;1;B010;1;2404011303;H;COP;1950184
1083044;18001596;4916484571;ETIQUETA COLORES CJX6ROLX3800UN;1;100;261;21/5/2026;21/5/2026;1001;1;B010;1;2404011303;H;COP;1950184
1083044;18001596;4916485771;ETIQUETA COLORES CJX6ROLX3800UN;1;100;261;21/5/2026;21/5/2026;1001;1;B010;1;2404011303;H;COP;1950184
1083044;18001596;4916485793;ETIQUETA COLORES CJX6ROLX3800UN;1;100;261;21/5/2026;21/5/2026;1001;1;B010;1;2404011303;H;COP;1950184
1083044;18001602;4916480666;ETIQUETA TERMICA CJX4ROLX2605UN;200;9.600;261;21/5/2026;21/5/2026;1001;1;B010;1;2604290726;H;COP;1950184
1083044;18001602;4916480672;ETIQUETA TERMICA CJX4ROLX2605UN;200;9.600;261;21/5/2026;21/5/2026;1001;1;B010;1;2604290726;H;COP;1950184
1083044;18001602;4916480676;ETIQUETA TERMICA CJX4ROLX2605UN;200;9.600;261;21/5/2026;21/5/2026;1001;1;B010;1;2604290726;H;COP;1950184
1083044;18001602;4916480678;ETIQUETA TERMICA CJX4ROLX2605UN;200;9.600;261;21/5/2026;21/5/2026;1001;1;B010;1;2604290726;H;COP;1950184
1083044;18001602;4916480694;ETIQUETA TERMICA CJX4ROLX2605UN;100;4.800;261;21/5/2026;21/5/2026;1001;1;B010;1;2604290726;H;COP;1950184
1083044;18001602;4916485507;ETIQUETA TERMICA CJX4ROLX2605UN;1;48;261;21/5/2026;21/5/2026;1001;1;B010;1;2604290726;H;COP;1950184
1083044;18001612;4916486567;CINTA DE RESINA 110*450M ROLX45000CM;6.300;0;261;21/5/2026;21/5/2026;1001;1;B010;2;2603311297;H;COP;1950184
1083044;18001590;4916486567;BOLSA FUNDA PERFORADA BTOX10BOLX100UN;200;45.971;261;21/5/2026;21/5/2026;1001;2;B010;3;2604291332;H;COP;0
1083044;12002532;5001990321;ALAS CORTADAS POLLO;-159,600;-1.695.590;101;21/5/2026;21/5/2026;1001;4;B010;1;2605210145;S;COP;0
1083044;12002532;5001990679;ALAS CORTADAS POLLO;-54,400;-577.946;101;21/5/2026;21/5/2026;1001;4;B010;1;2605210145;S;COP;0
1083044;12002532;5001990688;ALAS CORTADAS POLLO;-126,900;-1.348.186;101;21/5/2026;21/5/2026;1001;4;B010;1;2605210145;S;COP;0
1083044;12002546;5001990130;CAJA DE POLLO;-148,500;-1.293.584;101;21/5/2026;21/5/2026;1001;4;B010;1;2605210140;S;COP;0
1083044;12002546;5001990153;CAJA DE POLLO;-161,400;-1.405.955;101;21/5/2026;21/5/2026;1001;4;B010;1;2605210140;S;COP;0
1083044;12002546;5001990163;CAJA DE POLLO;-178,800;-1.557.527;101;21/5/2026;21/5/2026;1001;4;B010;1;2605210140;S;COP;0
1083044;12002546;5001990192;CAJA DE POLLO;-150,400;-1.310.134;101;21/5/2026;21/5/2026;1001;4;B010;1;2605210140;S;COP;0
1083044;12002546;5001990317;CAJA DE POLLO;-171,600;-1.494.808;101;21/5/2026;21/5/2026;1001;4;B010;1;2605210140;S;COP;0
1083044;12002546;5001990329;CAJA DE POLLO;-116,700;-1.016.574;101;21/5/2026;21/5/2026;1001;4;B010;1;2605210140;S;COP;0
1083044;12002546;5001990355;CAJA DE POLLO;-140,500;-1.223.896;101;21/5/2026;21/5/2026;1001;4;B010;1;2605210140;S;COP;0
1083044;12002546;5001990393;CAJA DE POLLO;-144,400;-1.257.868;101;21/5/2026;21/5/2026;1001;4;B010;1;2605210140;S;COP;0
1083044;12002546;5001990415;CAJA DE POLLO;-147,800;-1.287.486;101;21/5/2026;21/5/2026;1001;4;B010;1;2605210140;S;COP;0
1083044;12002546;5001990430;CAJA DE POLLO;-166,200;-1.447.768;101;21/5/2026;21/5/2026;1001;4;B010;1;2605210140;S;COP;0
1083044;12002546;5001990432;CAJA DE POLLO;-167,100;-1.455.608;101;21/5/2026;21/5/2026;1001;4;B010;1;2605210140;S;COP;0
1083044;12002546;5001990437;CAJA DE POLLO;-142,500;-1.241.318;101;21/5/2026;21/5/2026;1001;4;B010;1;2605210140;S;COP;0
1083044;12002546;5001990442;CAJA DE POLLO;-165,800;-1.444.284;101;21/5/2026;21/5/2026;1001;4;B010;1;2605210140;S;COP;0
1083044;12002546;5001990449;CAJA DE POLLO;-136,100;-1.185.567;101;21/5/2026;21/5/2026;1001;4;B010;1;2605210140;S;COP;0
1083044;12002546;5001990453;CAJA DE POLLO;-134,700;-1.173.372;101;21/5/2026;21/5/2026;1001;4;B010;1;2605210140;S;COP;0
1083044;12002546;5001990474;CAJA DE POLLO;-154,500;-1.345.850;101;21/5/2026;21/5/2026;1001;4;B010;1;2605210140;S;COP;0
1083044;12002546;5001990476;CAJA DE POLLO;-147,800;-1.287.486;101;21/5/2026;21/5/2026;1001;4;B010;1;2605210140;S;COP;0
1083044;12002546;5001990487;CAJA DE POLLO;-149,400;-1.301.423;101;21/5/2026;21/5/2026;1001;4;B010;1;2605210140;S;COP;0
1083044;12002546;5001990495;CAJA DE POLLO;-61,900;-539.211;101;21/5/2026;21/5/2026;1001;4;B010;1;2605210140;S;COP;0
1083044;14002439;5001990318;ALAS ENTERAS POLLO;-159,600;-1.438.954;101;21/5/2026;21/5/2026;1001;4;B010;1;2605210144;S;COP;0
1083044;14002439;5001990376;ALAS ENTERAS POLLO;159,600;1.438.954;102;21/5/2026;21/5/2026;1001;4;B010;1;2605210144;H;COP;0
1083044;14002439;5001990497;ALAS ENTERAS POLLO;-54,500;-491.372;101;21/5/2026;21/5/2026;1001;4;B010;1;2605210144;S;COP;0
1083044;14002439;5001990677;ALAS ENTERAS POLLO;54,500;491.372;102;21/5/2026;21/5/2026;1001;4;B010;1;2605210144;H;COP;0
1083044;14002444;5001990797;PRESAS CRISPY CJX10BOL(18UN);-880;-23.753.840;101;21/5/2026;21/5/2026;1001;4;B010;1;2605210142;S;COP;0
1083045;12002517;4916485348;MIX DE SALMUERA CRISPY;178,560;2.320.744;261;21/5/2026;21/5/2026;1001;1;B010;1;2605210254;H;COP;1950185
1083045;18001596;4916485370;ETIQUETA COLORES CJX6ROLX3800UN;1;100;261;21/5/2026;21/5/2026;1001;1;B010;1;2404011303;H;COP;1950185
1083045;18001596;4916485372;ETIQUETA COLORES CJX6ROLX3800UN;1;100;261;21/5/2026;21/5/2026;1001;1;B010;1;2404011303;H;COP;1950185
1083045;11001377;4916494149;HIELO BOL(12KG);50;350.000;261;21/5/2026;21/5/2026;1001;2;B010;1;2605090948;H;COP;0
1083045;12001209;4916485401;SALMUERA CRISPY;-1.263,680;-2.289.788;101;21/5/2026;21/5/2026;1001;4;B010;1;2605210147;S;COP;0
1083045;12001209;5001990610;SALMUERA CRISPY;-114,880;-208.163;101;21/5/2026;21/5/2026;1001;4;B010;1;2605210147;S;COP;0
1083046;12002516;4916485363;MIX DE SALMUERA ORIGINAL;53,440;642.242;261;21/5/2026;21/5/2026;1001;1;B010;1;2605180806;H;COP;1950186
1083046;18001596;4916485379;ETIQUETA COLORES CJX6ROLX3800UN;1;100;261;21/5/2026;21/5/2026;1001;1;B010;1;2404011303;H;COP;1950186
1083046;11001377;4916494160;HIELO BOL(12KG);45;315.000;261;21/5/2026;21/5/2026;1001;2;B010;1;2605090948;H;COP;0
1083046;12001211;4916485406;SALMUERA IMOR;-853,440;-751.881;101;21/5/2026;21/5/2026;1001;4;B010;1;2605210149;S;COP;0
1083047;13000365;4916499242;ASERRIN HUESO DE POLLO;-160;-160;531;22/5/2026;22/5/2026;1001;1;B010;1;2605210165;S;COP;1950197
1083047;13000365;4916499243;ASERRIN HUESO DE POLLO;-160;-160;531;22/5/2026;22/5/2026;1001;1;B010;1;2605210165;S;COP;1950197
1083047;13000365;4916499244;ASERRIN HUESO DE POLLO;-160;-160;531;22/5/2026;22/5/2026;1001;1;B010;1;2605210165;S;COP;1950197
1083047;13000365;4916499255;ASERRIN HUESO DE POLLO;-80;-80;531;22/5/2026;22/5/2026;1001;1;B010;1;2605210165;S;COP;1950197
1083047;13000367;4916486849;COSTILLA DE POLLO;15,200;19.760;261;21/5/2026;21/5/2026;1001;1;B010;1;2605200217;H;COP;1950197
1083047;13000367;4916486851;COSTILLA DE POLLO;48,900;63.570;261;21/5/2026;21/5/2026;1001;1;B010;1;2605200217;H;COP;1950197
1083047;13000367;4916486854;COSTILLA DE POLLO;140;182.000;261;21/5/2026;21/5/2026;1001;1;B010;1;2605200217;H;COP;1950197
1083047;13000367;4916486858;COSTILLA DE POLLO;140;182.000;261;21/5/2026;21/5/2026;1001;1;B010;1;2605200217;H;COP;1950197
1083047;13000367;4916486860;COSTILLA DE POLLO;140;182.000;261;21/5/2026;21/5/2026;1001;1;B010;1;2605200217;H;COP;1950197
1083047;13000367;4916486862;COSTILLA DE POLLO;140;182.000;261;21/5/2026;21/5/2026;1001;1;B010;1;2605200217;H;COP;1950197
1083047;13000367;4916486867;COSTILLA DE POLLO;140;182.000;261;21/5/2026;21/5/2026;1001;1;B010;1;2605200217;H;COP;1950197
1083047;13000367;4916486868;COSTILLA DE POLLO;140;182.000;261;21/5/2026;21/5/2026;1001;1;B010;1;2605200217;H;COP;1950197
1083047;13000367;4916486872;COSTILLA DE POLLO;140;182.000;261;21/5/2026;21/5/2026;1001;1;B010;1;2605200217;H;COP;1950197
1083047;13000367;4916486873;COSTILLA DE POLLO;140;182.000;261;21/5/2026;21/5/2026;1001;1;B010;1;2605200217;H;COP;1950197
1083047;13000367;4916486874;COSTILLA DE POLLO;140;182.000;261;21/5/2026;21/5/2026;1001;1;B010;1;2605200217;H;COP;1950197
1083047;13000367;4916486875;COSTILLA DE POLLO;140;182.000;261;21/5/2026;21/5/2026;1001;1;B010;1;2605200217;H;COP;1950197
1083047;13000367;4916486876;COSTILLA DE POLLO;140;182.000;261;21/5/2026;21/5/2026;1001;1;B010;1;2605200217;H;COP;1950197
1083047;13000367;4916486881;COSTILLA DE POLLO;280;364.000;261;21/5/2026;21/5/2026;1001;1;B010;1;2605210122;H;COP;1950197
1083047;13000367;4916486884;COSTILLA DE POLLO;140;182.000;261;21/5/2026;21/5/2026;1001;1;B010;1;2605210122;H;COP;1950197
1083047;13000367;4916486886;COSTILLA DE POLLO;140;182.000;261;21/5/2026;21/5/2026;1001;1;B010;1;2605210122;H;COP;1950197
1083047;13000367;4916486888;COSTILLA DE POLLO;140;182.000;261;21/5/2026;21/5/2026;1001;1;B010;1;2605210122;H;COP;1950197
1083047;13000367;4916488164;COSTILLA DE POLLO;140;182.000;261;21/5/2026;21/5/2026;1001;1;B010;1;2605210122;H;COP;1950197
1083047;13000367;4916488169;COSTILLA DE POLLO;280;364.000;261;21/5/2026;21/5/2026;1001;1;B010;1;2605210122;H;COP;1950197
1083047;13000367;4916488202;COSTILLA DE POLLO;140;182.000;261;21/5/2026;21/5/2026;1001;1;B010;1;2605210122;H;COP;1950197
1083047;13000368;4916486916;GRASA DE POLLO;48,600;14.580;261;21/5/2026;21/5/2026;1001;1;B010;1;2605210132;H;COP;1950197
1083047;13000368;4916486938;GRASA DE POLLO;66;19.800;261;21/5/2026;21/5/2026;1001;1;B010;1;2605200252;H;COP;1950197
1083047;13000368;4916488347;GRASA DE POLLO;44;13.200;261;21/5/2026;21/5/2026;1001;1;B010;1;2605210140;H;COP;1950197
1083047;13000371;4916486904;PUNTILLAS;120;24.000;261;21/5/2026;21/5/2026;1001;1;B010;1;2605200252;H;COP;1950197
1083047;13000371;4916488250;PUNTILLAS;89;17.800;261;21/5/2026;21/5/2026;1001;1;B010;1;2605200252;H;COP;1950197
1083047;13000371;4916488343;PUNTILLAS;40;8.000;261;21/5/2026;21/5/2026;1001;1;B010;1;2605210132;H;COP;1950197
1083047;18001585;4916509417;BOLSA FUNDA BTOX10BOLX100UN;150;32.340;261;23/5/2026;23/5/2026;1001;1;B010;3;2604151095;H;COP;1950197
1083047;18001593;4916509417;BOLSA PASTA DE POLLO BTOX9BOLX50UN;75;57.837;261;23/5/2026;23/5/2026;1001;1;B010;1;2604081042;H;COP;1950197
1083047;18001593;4916509417;BOLSA PASTA DE POLLO BTOX9BOLX50UN;135;104.107;261;23/5/2026;23/5/2026;1001;1;B010;2;2604291279;H;COP;1950197
1083047;18001602;4916492537;ETIQUETA TERMICA CJX4ROLX2605UN;10;480;261;21/5/2026;21/5/2026;1001;1;B010;1;2604290726;H;COP;1950197
1083047;13000370;4916509431;PRESAS POLLO DE SEGUNDA;13,700;91.105;261;23/5/2026;23/5/2026;1001;2;B010;1;2604280157;H;COP;0
1083047;13000370;4916509431;PRESAS POLLO DE SEGUNDA;3,100;20.615;261;23/5/2026;23/5/2026;1001;2;B010;2;2604300124;H;COP;0
1083047;13000370;4916509431;PRESAS POLLO DE SEGUNDA;5,700;37.905;261;23/5/2026;23/5/2026;1001;2;B010;3;2605010322;H;COP;0
1083047;14002442;5001991997;PASTA DE POLLO;-150;-367.050;101;22/5/2026;22/5/2026;1001;4;B010;1;2605210165;S;COP;0
1083047;14002442;5001991998;PASTA DE POLLO;-150;-367.050;101;22/5/2026;22/5/2026;1001;4;B010;1;2605210165;S;COP;0
1083047;14002442;5001991999;PASTA DE POLLO;-150;-367.050;101;22/5/2026;22/5/2026;1001;4;B010;1;2605210165;S;COP;0
1083047;14002442;5001992010;PASTA DE POLLO;-150;-367.050;101;22/5/2026;22/5/2026;1001;4;B010;1;2605210165;S;COP;0
1083047;14002442;5001992011;PASTA DE POLLO;-150;-367.050;101;22/5/2026;22/5/2026;1001;4;B010;1;2605210165;S;COP;0
1083047;14002442;5001992012;PASTA DE POLLO;-150;-367.050;101;22/5/2026;22/5/2026;1001;4;B010;1;2605210165;S;COP;0
1083047;14002442;5001992013;PASTA DE POLLO;-150;-367.050;101;22/5/2026;22/5/2026;1001;4;B010;1;2605210165;S;COP;0
1083047;14002442;5001992015;PASTA DE POLLO;-150;-367.050;101;22/5/2026;22/5/2026;1001;4;B010;1;2605210165;S;COP;0
1083047;14002442;5001992016;PASTA DE POLLO;-150;-367.050;101;22/5/2026;22/5/2026;1001;4;B010;1;2605210165;S;COP;0
1083047;14002442;5001992017;PASTA DE POLLO;-150;-367.050;101;22/5/2026;22/5/2026;1001;4;B010;1;2605210165;S;COP;0
1083047;14002442;5001992018;PASTA DE POLLO;-150;-367.050;101;22/5/2026;22/5/2026;1001;4;B010;1;2605210165;S;COP;0
1083047;14002442;5001992019;PASTA DE POLLO;-150;-367.050;101;22/5/2026;22/5/2026;1001;4;B010;1;2605210165;S;COP;0
1083047;14002442;5001992020;PASTA DE POLLO;-150;-367.050;101;22/5/2026;22/5/2026;1001;4;B010;1;2605210165;S;COP;0
1083047;14002442;5001992021;PASTA DE POLLO;-150;-367.050;101;22/5/2026;22/5/2026;1001;4;B010;1;2605210165;S;COP;0
1083047;14002442;5001992022;PASTA DE POLLO;-150;-367.050;101;22/5/2026;22/5/2026;1001;4;B010;1;2605210165;S;COP;0
1083047;14002442;5001992023;PASTA DE POLLO;-150;-367.050;101;22/5/2026;22/5/2026;1001;4;B010;1;2605210165;S;COP;0
1083047;14002442;5001992024;PASTA DE POLLO;-150;-367.050;101;22/5/2026;22/5/2026;1001;4;B010;1;2605210165;S;COP;0
1083047;14002442;5001992025;PASTA DE POLLO;-120;-293.640;101;22/5/2026;22/5/2026;1001;4;B010;1;2605210165;S;COP;0
1083060;11000341;4916509494;MARINADOR CRISPY 15.66KG CJX60UN;10;35.765;261;23/5/2026;23/5/2026;1001;1;B010;1;2603050867;H;COP;1950233
1083060;11001377;4916509494;HIELO BOL(12KG);10;70.000;261;23/5/2026;23/5/2026;1001;1;B010;3;2605201228;H;COP;1950233
1083060;14002437;4916509492;CARNE PARA KENTUCKY SANDWNCH;149,591;2.533.324;261;23/5/2026;23/5/2026;1001;1;B010;1;2605210116;H;COP;1950233
1083060;14002437;4916509492;CARNE PARA KENTUCKY SANDWNCH;150,500;2.548.718;261;23/5/2026;23/5/2026;1001;1;B010;2;2605220232;H;COP;1950233
1083060;18001585;4916509494;BOLSA FUNDA BTOX10BOLX100UN;85;18.326;261;23/5/2026;23/5/2026;1001;1;B010;4;2604151095;H;COP;1950233
1083060;18001586;4916509494;BOLSA FUELLE  BTOX50BOLX100UN;600;33.891;261;23/5/2026;23/5/2026;1001;1;B010;2;2604291357;H;COP;1950233
1083060;18001602;4916477482;ETIQUETA TERMICA CJX4ROLX2605UN;150;7.200;261;21/5/2026;21/5/2026;1001;1;B010;1;2604241568;H;COP;1950233
1083060;18001602;4916477487;ETIQUETA TERMICA CJX4ROLX2605UN;150;7.200;261;21/5/2026;21/5/2026;1001;1;B010;1;2604241568;H;COP;1950233
1083060;18001612;4916509494;CINTA DE RESINA 110*450M ROLX45000CM;3.245,800;0;261;23/5/2026;23/5/2026;1001;1;B010;5;2603311297;H;COP;1950233
1083060;11000092;4916509494;CARRAGENINA BTOX25KG;0,362;12.465;261;23/5/2026;23/5/2026;1001;2;B010;6;2603091072;H;COP;0
1083060;11001130;4916509494;SAL YODADA  BTOX25UNX0.5KG;6,645;15.166;261;23/5/2026;23/5/2026;1001;2;B010;7;2604220955;H;COP;0
1083060;14002433;4916493897;KENTUCKY SANDWNCH BOL(5UN);-600;-5.156.400;101;21/5/2026;21/5/2026;1001;4;B010;1;2605210229;S;COP;0
1083061;11001134;4916490003;MARINADOR CRISPY INYECCION BTOX20KG;178,560;2.035.047;261;21/5/2026;21/5/2026;1003;1;B010;1;2605070590;H;COP;1950255
1083061;18001591;4916490003;BOLSA ENSALADA IMPRESA BTOX10BOLX100UN;10;3.127;261;21/5/2026;21/5/2026;1003;1;B010;2;2604221468;H;COP;1950255
1083061;18001602;4916477531;ETIQUETA TERMICA CJX4ROLX2605UN;2;96;261;21/5/2026;21/5/2026;1001;1;B010;1;2604241568;H;COP;1950255
1083061;18001602;4916490003;ETIQUETA TERMICA CJX4ROLX2605UN;10;480;261;21/5/2026;21/5/2026;1001;1;B010;4;2604241568;H;COP;1950255
1083061;18001612;4916490003;CINTA DE RESINA 110*450M ROLX45000CM;60;0;261;21/5/2026;21/5/2026;1001;1;B010;3;2603311297;H;COP;1950255
1083061;12002517;4916477525;MIX DE SALMUERA CRISPY;-178,560;-2.320.744;101;21/5/2026;21/5/2026;1003;4;B010;1;2605210254;S;COP;0
1083068;11000893;4916490821;AZUCAR BTOX50KG;150;597.000;261;21/5/2026;21/5/2026;1003;1;B010;4;2605111125;H;COP;1950448
1083068;11000893;4916516545;AZUCAR BTOX50KG;-10;-39.800;262;23/5/2026;23/5/2026;1003;1;B010;3;2605111125;S;COP;1950448
1083068;11001115;4916490821;MAYONESA HALLMANNS CJx4UNX3,77KG;437,100;5.032.176;261;21/5/2026;21/5/2026;1003;1;B010;3;2605130463;H;COP;1950448
1083068;11001115;4916516545;MAYONESA HALLMANNS CJx4UNX3,77KG;-14,100;-162.328;262;23/5/2026;23/5/2026;1003;1;B010;2;2605130463;S;COP;1950448
1083068;11001130;4916490821;SAL YODADA  BTOX25UNX0.5KG;17,670;40.327;261;21/5/2026;21/5/2026;1003;1;B010;5;2604220955;H;COP;1950448
1083068;11001130;4916516554;SAL YODADA  BTOX25UNX0.5KG;-0,570;-1.301;262;23/5/2026;23/5/2026;1003;1;B010;1;2604220955;S;COP;1950448
1083068;11001133;4916490821;VINAGRE BLANCO CJX4GLNX3.78KG;51,300;120.189;261;21/5/2026;21/5/2026;1003;1;B010;6;2605141177;H;COP;1950448
1083068;11001133;4916516545;VINAGRE BLANCO CJX4GLNX3.78KG;-9,990;-23.405;262;23/5/2026;23/5/2026;1003;1;B010;4;2605141389;S;COP;1950448
1083068;11001136;4916490821;ACEITE CANOLA Y SOYA;111,600;794.847;261;21/5/2026;21/5/2026;1003;1;B010;2;2605070915;H;COP;1950448
1083068;11001136;4916516545;ACEITE CANOLA Y SOYA;-3,600;-25.640;262;23/5/2026;23/5/2026;1003;1;B010;1;2605070915;S;COP;1950448
1083068;18001585;4916490821;BOLSA FUNDA BTOX10BOLX100UN;1;216;261;21/5/2026;21/5/2026;1001;1;B010;9;2604151095;H;COP;1950448
1083068;18001586;4916490821;BOLSA FUELLE  BTOX50BOLX100UN;31;1.751;261;21/5/2026;21/5/2026;1001;1;B010;8;2604291357;H;COP;1950448
1083068;18001591;4916490821;BOLSA ENSALADA IMPRESA BTOX10BOLX100UN;60;18.764;261;21/5/2026;21/5/2026;1003;1;B010;7;2604221468;H;COP;1950448
1083068;18001602;4916490821;ETIQUETA TERMICA CJX4ROLX2605UN;0,950;46;261;21/5/2026;21/5/2026;1001;1;B010;11;2604110416;H;COP;1950448
1083068;18001602;4916490821;ETIQUETA TERMICA CJX4ROLX2605UN;1,050;50;261;21/5/2026;21/5/2026;1001;1;B010;12;2604241568;H;COP;1950448
1083068;18001612;4916490821;CINTA DE RESINA 110*450M ROLX45000CM;9,677;0;261;21/5/2026;21/5/2026;1003;1;B010;10;2603311297;H;COP;1950448
1083068;11000893;4916490821;AZUCAR BTOX50KG;160;636.800;261;21/5/2026;21/5/2026;1003;2;B010;13;2605040966;H;COP;0
1083068;11001133;4916490821;VINAGRE BLANCO CJX4GLNX3.78KG;51,930;121.665;261;21/5/2026;21/5/2026;1003;2;B010;14;2605141389;H;COP;0
1083068;18001593;4916490821;BOLSA PASTA DE POLLO BTOX9BOLX50UN;35;26.991;261;21/5/2026;21/5/2026;1001;2;B010;15;2604081042;H;COP;0
1083068;12000496;4916478603;MIX ADEREZO ENSALADA;-948;-10.297.176;101;21/5/2026;21/5/2026;1003;4;B010;1;2605210584;S;COP;0
1083068;12000496;4916490821;MIX ADEREZO ENSALADA;-31,600;-343.239;101;21/5/2026;21/5/2026;1003;4;B010;1;2605210584;S;COP;0
1083068;12000496;4916516512;MIX ADEREZO ENSALADA;31,600;343.239;102;23/5/2026;23/5/2026;1003;4;B010;1;2605210584;H;COP;0
1083070;11001135;4916509463;MARINADO PICANTE CJX25UN;120;3.425.734;261;23/5/2026;23/5/2026;1001;1;B010;3;2604291026;H;COP;1950543
1083070;11001377;4916509463;HIELO BOL(12KG);15;105.000;261;23/5/2026;23/5/2026;1001;1;B010;5;2605201228;H;COP;1950543
1083070;12002532;4916484441;ALAS CORTADAS POLLO;1.126,200;11.964.749;261;21/5/2026;21/5/2026;1001;1;B010;1;2605200257;H;COP;1950543
1083070;12002532;4916484446;ALAS CORTADAS POLLO;544,500;5.784.768;261;21/5/2026;21/5/2026;1001;1;B010;1;2605200257;H;COP;1950543
1083070;12002532;4916484487;ALAS CORTADAS POLLO;302,800;3.216.947;261;21/5/2026;21/5/2026;1001;1;B010;1;2605210137;H;COP;1950543
1083070;12002532;4916484700;ALAS CORTADAS POLLO;190,700;2.025.997;261;21/5/2026;21/5/2026;1001;1;B010;1;2605210137;H;COP;1950543
1083070;12002532;4916484704;ALAS CORTADAS POLLO;194,200;2.063.181;261;21/5/2026;21/5/2026;1001;1;B010;1;2605190160;H;COP;1950543
1083070;12002532;4916487219;ALAS CORTADAS POLLO;437,300;4.645.876;261;21/5/2026;21/5/2026;1001;1;B010;1;2605210137;H;COP;1950543
1083070;12002532;4916487245;ALAS CORTADAS POLLO;286,500;3.043.776;261;21/5/2026;21/5/2026;1001;1;B010;1;2605210145;H;COP;1950543
1083070;12002532;4916509463;ALAS CORTADAS POLLO;294,590;3.129.724;261;23/5/2026;23/5/2026;1001;1;B010;2;2605190160;H;COP;1950543
1083070;18001585;4916509463;BOLSA FUNDA BTOX10BOLX100UN;125;26.950;261;23/5/2026;23/5/2026;1001;1;B010;6;2604151095;H;COP;1950543
1083070;18001586;4916509463;BOLSA FUELLE  BTOX50BOLX100UN;2.750;155.336;261;23/5/2026;23/5/2026;1001;1;B010;4;2604291357;H;COP;1950543
1083070;18001602;4916478944;ETIQUETA TERMICA CJX4ROLX2605UN;300;14.400;261;21/5/2026;21/5/2026;1001;1;B010;1;2604290726;H;COP;1950543
1083070;18001602;4916479009;ETIQUETA TERMICA CJX4ROLX2605UN;300;14.400;261;21/5/2026;21/5/2026;1001;1;B010;1;2604290726;H;COP;1950543
1083070;18001602;4916479128;ETIQUETA TERMICA CJX4ROLX2605UN;300;14.400;261;21/5/2026;21/5/2026;1001;1;B010;1;2604290726;H;COP;1950543
1083070;18001602;4916480334;ETIQUETA TERMICA CJX4ROLX2605UN;10;480;261;21/5/2026;21/5/2026;1001;1;B010;1;2604290726;H;COP;1950543
1083070;18001602;4916480342;ETIQUETA TERMICA CJX4ROLX2605UN;10;480;261;21/5/2026;21/5/2026;1001;1;B010;1;2604290726;H;COP;1950543
1083070;18001602;4916485045;ETIQUETA TERMICA CJX4ROLX2605UN;300;14.400;261;21/5/2026;21/5/2026;1001;1;B010;1;2604290726;H;COP;1950543
1083070;18001602;4916485530;ETIQUETA TERMICA CJX4ROLX2605UN;600;28.799;261;21/5/2026;21/5/2026;1001;1;B010;1;2604290726;H;COP;1950543
1083070;18001602;4916485654;ETIQUETA TERMICA CJX4ROLX2605UN;300;14.400;261;21/5/2026;21/5/2026;1001;1;B010;1;2604290726;H;COP;1950543
1083070;18001602;4916486631;ETIQUETA TERMICA CJX4ROLX2605UN;400;19.200;261;21/5/2026;21/5/2026;1001;1;B010;1;2604290726;H;COP;1950543
1083070;18001602;4916487367;ETIQUETA TERMICA CJX4ROLX2605UN;300;14.400;261;21/5/2026;21/5/2026;1001;1;B010;1;2604290726;H;COP;1950543
1083070;18001602;4916487374;ETIQUETA TERMICA CJX4ROLX2605UN;300;14.400;261;21/5/2026;21/5/2026;1001;1;B010;1;2604290726;H;COP;1950543
1083070;18001602;4916488093;ETIQUETA TERMICA CJX4ROLX2605UN;300;14.400;261;21/5/2026;21/5/2026;1001;1;B010;1;2604290726;H;COP;1950543
1083070;18001602;4916488139;ETIQUETA TERMICA CJX4ROLX2605UN;300;14.400;261;21/5/2026;21/5/2026;1001;1;B010;1;2604290726;H;COP;1950543
1083070;18001612;4916509463;CINTA DE RESINA 110*450M ROLX45000CM;2.145,800;0;261;23/5/2026;23/5/2026;1001;1;B010;7;2603311297;H;COP;1950543
1083070;11001135;4916509463;MARINADO PICANTE CJX25UN;50;1.427.389;261;23/5/2026;23/5/2026;1001;2;B010;1;2605070456;H;COP;0
1083070;18001602;4916509466;ETIQUETA TERMICA CJX4ROLX2605UN;-2.000;-95.998;262;23/5/2026;23/5/2026;1001;2;B010;1;2604290726;S;COP;0
1083070;14002429;4916493933;ALAS HOT WINGS BOL(40UN);-2.554;-40.207.622;101;21/5/2026;21/5/2026;1001;4;B010;1;2605210684;S;COP;0
1083071;11000341;4916509511;MARINADOR CRISPY 15.66KG CJX60UN;9;32.189;261;23/5/2026;23/5/2026;1001;1;B010;1;2603050867;H;COP;1950561
1083071;11001377;4916509511;HIELO BOL(12KG);10;70.000;261;23/5/2026;23/5/2026;1001;1;B010;3;2605201228;H;COP;1950561
1083071;14002446;4916484600;CARNE BIG CRUNCH;534,100;8.560.555;261;21/5/2026;21/5/2026;1001;1;B010;1;2605210117;H;COP;1950561
1083071;14002446;4916489723;CARNE BIG CRUNCH;355,500;5.697.954;261;21/5/2026;21/5/2026;1001;1;B010;1;2605210117;H;COP;1950561
1083071;14002446;4916509497;CARNE BIG CRUNCH;-165,400;-2.651.031;262;23/5/2026;23/5/2026;1001;1;B010;1;2605210117;S;COP;1950561
1083071;18001585;4916509511;BOLSA FUNDA BTOX10BOLX100UN;210;45.276;261;23/5/2026;23/5/2026;1001;1;B010;4;2604151095;H;COP;1950561
1083071;18001586;4916509511;BOLSA FUELLE  BTOX50BOLX100UN;1.650;93.202;261;23/5/2026;23/5/2026;1001;1;B010;2;2604291357;H;COP;1950561
1083071;18001602;4916479165;ETIQUETA TERMICA CJX4ROLX2605UN;300;14.400;261;21/5/2026;21/5/2026;1001;1;B010;1;2604290726;H;COP;1950561
1083071;18001602;4916479186;ETIQUETA TERMICA CJX4ROLX2605UN;300;14.400;261;21/5/2026;21/5/2026;1001;1;B010;1;2604290726;H;COP;1950561
1083071;18001602;4916479202;ETIQUETA TERMICA CJX4ROLX2605UN;300;14.400;261;21/5/2026;21/5/2026;1001;1;B010;1;2604290726;H;COP;1950561
1083071;18001602;4916485171;ETIQUETA TERMICA CJX4ROLX2605UN;200;9.600;261;21/5/2026;21/5/2026;1001;1;B010;1;2604290726;H;COP;1950561
1083071;18001602;4916485633;ETIQUETA TERMICA CJX4ROLX2605UN;300;14.400;261;21/5/2026;21/5/2026;1001;1;B010;1;2604290726;H;COP;1950561
1083071;18001602;4916488028;ETIQUETA TERMICA CJX4ROLX2605UN;200;9.600;261;21/5/2026;21/5/2026;1001;1;B010;1;2604290726;H;COP;1950561
1083071;18001602;4916492179;ETIQUETA TERMICA CJX4ROLX2605UN;200;9.600;261;21/5/2026;21/5/2026;1001;1;B010;1;2604290726;H;COP;1950561
1083071;18001602;4916492631;ETIQUETA TERMICA CJX4ROLX2605UN;200;9.600;261;21/5/2026;21/5/2026;1001;1;B010;1;2604290726;H;COP;1950561
1083071;18001602;4916493290;ETIQUETA TERMICA CJX4ROLX2605UN;150;7.200;261;21/5/2026;21/5/2026;1001;1;B010;1;2604290726;H;COP;1950561
1083071;18001602;4916493864;ETIQUETA TERMICA CJX4ROLX2605UN;190;9.120;261;21/5/2026;21/5/2026;1001;1;B010;1;2604290726;H;COP;1950561
1083071;18001612;4916509511;CINTA DE RESINA 110*450M ROLX45000CM;3.245,100;0;261;23/5/2026;23/5/2026;1001;1;B010;5;2603311297;H;COP;1950561
1083071;11000092;4916509511;CARRAGENINA BTOX25KG;0,339;11.673;261;23/5/2026;23/5/2026;1001;2;B010;6;2603091072;H;COP;0
1083071;11001130;4916509511;SAL YODADA  BTOX25UNX0.5KG;6,224;14.205;261;23/5/2026;23/5/2026;1001;2;B010;7;2604220955;H;COP;0
1083071;14002427;4916493913;BIG CRUNCH MARINADO BOL(10UN);-1.341;-12.645.630;101;21/5/2026;21/5/2026;1001;4;B010;1;2605210709;S;COP;0
1083073;12002548;4916484677;CARNE POLLO CORTADA PARA POP CORN;165,600;2.552.724;261;21/5/2026;21/5/2026;1001;1;B010;1;2605210113;H;COP;1950883
1083073;12002548;4916484687;CARNE POLLO CORTADA PARA POP CORN;263,500;4.061.853;261;21/5/2026;21/5/2026;1001;1;B010;1;2605200220;H;COP;1950883
1083073;12002548;4916487482;CARNE POLLO CORTADA PARA POP CORN;312,700;4.820.271;261;21/5/2026;21/5/2026;1001;1;B010;1;2605210113;H;COP;1950883
1083073;12002548;4916487635;CARNE POLLO CORTADA PARA POP CORN;160,300;2.471.025;261;21/5/2026;21/5/2026;1001;1;B010;1;2605210113;H;COP;1950883
1083073;18001602;4916484146;ETIQUETA TERMICA CJX4ROLX2605UN;300;14.400;261;21/5/2026;21/5/2026;1001;1;B010;1;2604290726;H;COP;1950883
1083073;18001602;4916484149;ETIQUETA TERMICA CJX4ROLX2605UN;300;14.400;261;21/5/2026;21/5/2026;1001;1;B010;1;2604290726;H;COP;1950883
1083073;14002613;4916493949;POP CORN BOL(0,88KG);-415;-5.057.190;101;21/5/2026;21/5/2026;1001;4;B010;1;2605211078;S;COP;0
1083074;11001377;4916509495;HIELO BOL(12KG);10;70.000;261;23/5/2026;23/5/2026;1001;1;B010;2;2605201228;H;COP;1950927
1083074;14002437;4916484651;CARNE PARA KENTUCKY SANDWNCH;126,020;2.134.149;261;21/5/2026;21/5/2026;1001;1;B010;1;2605200223;H;COP;1950927
1083074;14002437;4916485010;CARNE PARA KENTUCKY SANDWNCH;133;2.252.355;261;21/5/2026;21/5/2026;1001;1;B010;1;2605210116;H;COP;1950927
1083074;14002437;4916487626;CARNE PARA KENTUCKY SANDWNCH;214,100;3.625.784;261;21/5/2026;21/5/2026;1001;1;B010;1;2605210116;H;COP;1950927
1083074;18001585;4916509495;BOLSA FUNDA BTOX10BOLX100UN;210;45.276;261;23/5/2026;23/5/2026;1001;1;B010;3;2604151095;H;COP;1950927
1083074;18001586;4916509495;BOLSA FUELLE  BTOX50BOLX100UN;1.250;70.607;261;23/5/2026;23/5/2026;1001;1;B010;1;2604291357;H;COP;1950927
1083074;18001602;4916484277;ETIQUETA TERMICA CJX4ROLX2605UN;300;14.400;261;21/5/2026;21/5/2026;1001;1;B010;1;2604290726;H;COP;1950927
1083074;18001602;4916484279;ETIQUETA TERMICA CJX4ROLX2605UN;300;14.400;261;21/5/2026;21/5/2026;1001;1;B010;1;2604290726;H;COP;1950927
1083074;18001602;4916487343;ETIQUETA TERMICA CJX4ROLX2605UN;300;14.400;261;21/5/2026;21/5/2026;1001;1;B010;1;2604290726;H;COP;1950927
1083074;18001602;4916487353;ETIQUETA TERMICA CJX4ROLX2605UN;300;14.400;261;21/5/2026;21/5/2026;1001;1;B010;1;2604290726;H;COP;1950927
1083074;18001602;4916492961;ETIQUETA TERMICA CJX4ROLX2605UN;200;9.600;261;21/5/2026;21/5/2026;1001;1;B010;1;2604290726;H;COP;1950927
1083074;18001602;4916493110;ETIQUETA TERMICA CJX4ROLX2605UN;200;9.600;261;21/5/2026;21/5/2026;1001;1;B010;1;2604290726;H;COP;1950927
1083074;18001602;4916493168;ETIQUETA TERMICA CJX4ROLX2605UN;150;7.200;261;21/5/2026;21/5/2026;1001;1;B010;1;2604290726;H;COP;1950927
1083074;18001602;4916493213;ETIQUETA TERMICA CJX4ROLX2605UN;200;9.600;261;21/5/2026;21/5/2026;1001;1;B010;1;2604290726;H;COP;1950927
1083074;18001602;4916493215;ETIQUETA TERMICA CJX4ROLX2605UN;100;4.800;261;21/5/2026;21/5/2026;1001;1;B010;1;2604290726;H;COP;1950927
1083074;18001602;4916493227;ETIQUETA TERMICA CJX4ROLX2605UN;200;9.600;261;21/5/2026;21/5/2026;1001;1;B010;1;2604290726;H;COP;1950927
1083074;18001602;4916493231;ETIQUETA TERMICA CJX4ROLX2605UN;200;9.600;261;21/5/2026;21/5/2026;1001;1;B010;1;2604290726;H;COP;1950927
1083074;18001612;4916509495;CINTA DE RESINA 110*450M ROLX45000CM;3.214,500;0;261;23/5/2026;23/5/2026;1001;1;B010;4;2603311297;H;COP;1950927
1083074;14002433;4916493890;KENTUCKY SANDWNCH BOL(5UN);-978;-8.404.932;101;21/5/2026;21/5/2026;1001;4;B010;1;2605211108;S;COP;0
1083075;11000341;4916494483;MARINADOR CRISPY 15.66KG CJX60UN;70;250.359;261;22/5/2026;22/5/2026;1001;1;B010;2;2604291170;H;COP;1951053
1083075;11001377;4916494483;HIELO BOL(12KG);8;56.000;261;22/5/2026;22/5/2026;1001;1;B010;4;2605090948;H;COP;1951053
1083075;12002548;4916494483;CARNE POLLO CORTADA PARA POP CORN;15,800;243.557;261;22/5/2026;22/5/2026;1001;1;B010;1;2605200220;H;COP;1951053
1083075;18001585;4916494483;BOLSA FUNDA BTOX10BOLX100UN;210;45.276;261;22/5/2026;22/5/2026;1001;1;B010;5;2604151095;H;COP;1951053
1083075;18001586;4916494483;BOLSA FUELLE  BTOX50BOLX100UN;1.450;81.904;261;22/5/2026;22/5/2026;1001;1;B010;3;2604291357;H;COP;1951053
1083075;18001602;4916485723;ETIQUETA TERMICA CJX4ROLX2605UN;200;9.600;261;21/5/2026;21/5/2026;1001;1;B010;1;2604290726;H;COP;1951053
1083075;18001602;4916485727;ETIQUETA TERMICA CJX4ROLX2605UN;200;9.600;261;21/5/2026;21/5/2026;1001;1;B010;1;2604290726;H;COP;1951053
1083075;18001602;4916486347;ETIQUETA TERMICA CJX4ROLX2605UN;200;9.600;261;21/5/2026;21/5/2026;1001;1;B010;1;2604290726;H;COP;1951053
1083075;18001602;4916486358;ETIQUETA TERMICA CJX4ROLX2605UN;200;9.600;261;21/5/2026;21/5/2026;1001;1;B010;1;2604290726;H;COP;1951053
1083075;12002548;4916494483;CARNE POLLO CORTADA PARA POP CORN;384,100;5.920.902;261;22/5/2026;22/5/2026;1001;2;B010;6;2605210113;H;COP;0
1083075;14002613;4916493953;POP CORN BOL(0,88KG);-356;-4.338.216;101;21/5/2026;21/5/2026;1001;4;B010;1;2605211259;S;COP;0
1083076;18001602;4916485798;ETIQUETA TERMICA CJX4ROLX2605UN;300;14.400;261;21/5/2026;21/5/2026;1001;1;B010;1;2604290726;H;COP;1951061
1083076;18001602;4916486976;ETIQUETA TERMICA CJX4ROLX2605UN;300;14.400;261;21/5/2026;21/5/2026;1001;1;B010;1;2604290726;H;COP;1951061
1083076;18001602;4916487424;ETIQUETA TERMICA CJX4ROLX2605UN;300;14.400;261;21/5/2026;21/5/2026;1001;1;B010;1;2604290726;H;COP;1951061
1083076;18001602;4916488119;ETIQUETA TERMICA CJX4ROLX2605UN;300;14.400;261;21/5/2026;21/5/2026;1001;1;B010;1;2604290726;H;COP;1951061
1083076;18001602;4916488792;ETIQUETA TERMICA CJX4ROLX2605UN;200;9.600;261;21/5/2026;21/5/2026;1001;1;B010;1;2604290726;H;COP;1951061
1083076;18001602;4916492054;ETIQUETA TERMICA CJX4ROLX2605UN;60;2.880;261;21/5/2026;21/5/2026;1001;1;B010;1;2604290726;H;COP;1951061
1083076;14002613;4916493941;POP CORN BOL(0,88KG);-889;-10.833.354;101;21/5/2026;21/5/2026;1001;4;B010;1;2605211265;S;COP;0
1083077;11001132;4916518893;SALSA DE AREQUIPE BOLX5KG;215;2.297.193;261;24/5/2026;24/5/2026;1008;1;B010;1;2605141157;H;COP;1951121
1083077;18001597;4916518556;ETIQUETA POSTRES CJX6ROLX10786UN;12.600;1.022.297;261;24/5/2026;24/5/2026;1008;1;B010;3;2401300920;H;COP;1951121
1083077;18001602;4916486209;ETIQUETA TERMICA CJX4ROLX2605UN;1;48;261;21/5/2026;21/5/2026;1008;1;B010;1;2604290726;H;COP;1951121
1083077;18001602;4916486225;ETIQUETA TERMICA CJX4ROLX2605UN;3;144;261;21/5/2026;21/5/2026;1008;1;B010;1;2604290726;H;COP;1951121
1083077;18001602;4916486228;ETIQUETA TERMICA CJX4ROLX2605UN;120;5.760;261;21/5/2026;21/5/2026;1008;1;B010;1;2604290726;H;COP;1951121
1083077;18001602;4916504968;ETIQUETA TERMICA CJX4ROLX2605UN;2;96;261;22/5/2026;22/5/2026;1008;1;B010;1;2604290726;H;COP;1951121
1083077;18001602;4916507950;ETIQUETA TERMICA CJX4ROLX2605UN;60;2.880;261;22/5/2026;22/5/2026;1008;1;B010;4;2604290726;H;COP;1951121
1083077;18001612;4916507950;CINTA DE RESINA 110*450M ROLX45000CM;12.000;0;261;22/5/2026;22/5/2026;1008;1;B010;3;2603311297;H;COP;1951121
1083077;18001612;4916518556;CINTA DE RESINA 110*450M ROLX45000CM;12.000;0;261;24/5/2026;24/5/2026;1008;1;B010;4;2604170949;H;COP;1951121
1083077;18001664;4916518556;CAJA HELADOS C790 50X34 BTOX25UN;120;575.185;261;24/5/2026;24/5/2026;1008;1;B010;5;2605060291;H;COP;1951121
1083077;18001665;4916518556;SEPARADOR HELADO BOLX50UN;360;195.120;261;24/5/2026;24/5/2026;1008;1;B010;6;2604300729;H;COP;1951121
1083077;18001776;4916507950;TAPA PAPEL 7.25OZ CJX35BOLX50UN;12.756;1.103.094;261;22/5/2026;22/5/2026;1008;1;B010;2;2604201130;H;COP;1951121
1083077;18001776;4916518556;TAPA PAPEL 7.25OZ CJX35BOLX50UN;-50;-4.324;262;24/5/2026;24/5/2026;1008;1;B010;2;2604201130;S;COP;1951121
1083077;18001892;4916518556;VASO SUNDAE AREQUIPE 7.25OZ CJX35BOLX50U;12.600;1.277.137;261;24/5/2026;24/5/2026;1008;1;B010;1;2605190686;H;COP;1951121
1083077;18001892;4916518560;VASO SUNDAE AREQUIPE 7.25OZ CJX35BOLX50U;-1.244;-126.092;262;24/5/2026;24/5/2026;1008;1;B010;1;2605190686;S;COP;1951121
1083077;11001128;4916518556;BASE HELADO VAINILLA CJX13.2KG;189,674;929.044;261;24/5/2026;24/5/2026;1008;2;B010;7;2604300918;H;COP;0
1083077;11001128;4916518556;BASE HELADO VAINILLA CJX13.2KG;1.183,260;5.795.736;261;24/5/2026;24/5/2026;1008;2;B010;8;2605080638;H;COP;0
1083077;18001889;4916518556;VASO SUNDAE GENERICO 7,25OZ CJX35X50;1.244;107.801;261;24/5/2026;24/5/2026;1008;2;B010;10;2603021322;H;COP;0
1083077;18001932;4916518556;SEPARADOR HELADO TROQUELADO BOL(50UN);120;95.400;261;24/5/2026;24/5/2026;1008;2;B010;9;2604300309;H;COP;0
1083077;14002995;4916507950;SUNDAE DE AREQUIPE CJ(105UN);-60;-8.378.940;101;22/5/2026;22/5/2026;1008;4;B010;1;2605211313;S;COP;0
1083077;14002995;4916508226;SUNDAE DE AREQUIPE CJ(105UN);-60;-8.378.940;101;22/5/2026;22/5/2026;1008;4;B010;1;2605211313;S;COP;0
1083078;11000341;4916494447;MARINADOR CRISPY 15.66KG CJX60UN;8;28.612;261;22/5/2026;22/5/2026;1001;1;B010;1;2603050867;H;COP;1951156
1083078;14002440;4916487291;CARNE DE STRIPS;665;10.913.315;261;21/5/2026;21/5/2026;1001;1;B010;1;2605210114;H;COP;1951156
1083078;14002440;4916489562;CARNE DE STRIPS;242,600;3.981.309;261;21/5/2026;21/5/2026;1001;1;B010;1;2605210114;H;COP;1951156
1083078;14002440;4916494413;CARNE DE STRIPS;-319,800;-5.248.238;262;22/5/2026;22/5/2026;1001;1;B010;1;2605210114;S;COP;1951156
1083078;18001585;4916494447;BOLSA FUNDA BTOX10BOLX100UN;215;46.354;261;22/5/2026;22/5/2026;1001;1;B010;3;2604151095;H;COP;1951156
1083078;18001586;4916494447;BOLSA FUELLE  BTOX50BOLX100UN;745;42.082;261;22/5/2026;22/5/2026;1001;1;B010;2;2604291357;H;COP;1951156
1083078;18001602;4916486600;ETIQUETA TERMICA CJX4ROLX2605UN;300;14.400;261;21/5/2026;21/5/2026;1001;1;B010;1;2604290726;H;COP;1951156
1083078;18001602;4916487832;ETIQUETA TERMICA CJX4ROLX2605UN;300;14.400;261;21/5/2026;21/5/2026;1001;1;B010;1;2604290726;H;COP;1951156
1083078;18001602;4916491952;ETIQUETA TERMICA CJX4ROLX2605UN;300;14.400;261;21/5/2026;21/5/2026;1001;1;B010;1;2604290726;H;COP;1951156
1083078;18001602;4916494447;ETIQUETA TERMICA CJX4ROLX2605UN;-200;-9.600;262;22/5/2026;22/5/2026;1001;1;B010;5;2604290726;S;COP;1951156
1083078;18001612;4916494447;CINTA DE RESINA 110*450M ROLX45000CM;2.145,800;0;261;22/5/2026;22/5/2026;1001;1;B010;4;2603311297;H;COP;1951156
1083078;11000092;4916494447;CARRAGENINA BTOX25KG;0,276;9.503;261;22/5/2026;22/5/2026;1001;2;B010;6;2603091072;H;COP;0
1083078;11001130;4916494447;SAL YODADA  BTOX25UNX0.5KG;5,051;11.528;261;22/5/2026;22/5/2026;1001;2;B010;7;2604220955;H;COP;0
1083078;14002441;4916493886;STRIPS MARINADO BOL(20UN);-600;-10.114.200;101;21/5/2026;21/5/2026;1001;4;B010;1;2605211352;S;COP;0
1083079;11000561;4916496145;TOMATE;322,800;1.565.580;261;22/5/2026;22/5/2026;1002;1;B010;2;2605190400;H;COP;1951231
1083079;11000561;4916496145;TOMATE;410,900;1.992.865;261;22/5/2026;22/5/2026;1002;1;B010;3;2605210453;H;COP;1951231
1083079;11000561;4916496163;TOMATE;18;87.300;261;22/5/2026;22/5/2026;1002;1;B010;1;2605210453;H;COP;1951231
1083079;18001591;4916499975;BOLSA ENSALADA IMPRESA BTOX10BOLX100UN;152;47.536;261;22/5/2026;22/5/2026;1002;1;B010;1;2604221468;H;COP;1951231
1083079;18001596;4916487023;ETIQUETA COLORES CJX6ROLX3800UN;1;100;261;21/5/2026;21/5/2026;1002;1;B010;1;2404011303;H;COP;1951231
1083079;18001596;4916487025;ETIQUETA COLORES CJX6ROLX3800UN;100;9.999;261;21/5/2026;21/5/2026;1002;1;B010;1;2404011303;H;COP;1951231
1083079;18001596;4916493910;ETIQUETA COLORES CJX6ROLX3800UN;30;3.000;261;21/5/2026;21/5/2026;1002;1;B010;1;2404011303;H;COP;1951231
1083079;18001596;4916495387;ETIQUETA COLORES CJX6ROLX3800UN;21;2.100;261;22/5/2026;22/5/2026;1002;1;B010;1;2404011303;H;COP;1951231
1083079;18001596;4916496145;ETIQUETA COLORES CJX6ROLX3800UN;100;9.999;261;22/5/2026;22/5/2026;1002;1;B010;5;2404011303;H;COP;1951231
1083079;18001596;4916500505;ETIQUETA COLORES CJX6ROLX3800UN;-100;-9.999;262;22/5/2026;22/5/2026;1002;1;B010;1;2404011303;S;COP;1951231
1083079;18001612;4916496145;CINTA DE RESINA 110*450M ROLX45000CM;500;0;261;22/5/2026;22/5/2026;1002;1;B010;4;2603311297;H;COP;1951231
1083079;18001590;4916499975;BOLSA FUNDA PERFORADA BTOX10BOLX100UN;50;11.493;261;22/5/2026;22/5/2026;1001;2;B010;2;2604291332;H;COP;0
1083079;14002424;4916496145;TOMATE PROCESADO BOL(5KG);-150;-4.087.050;101;22/5/2026;22/5/2026;1002;4;B010;1;2605211404;S;COP;0
1083080;11000312;4916495311;LECHUGA (REPOLLO);118,400;321.826;261;22/5/2026;22/5/2026;1002;1;B010;1;2605190401;H;COP;1951241
1083080;11000312;4916495340;LECHUGA (REPOLLO);121,800;331.068;261;22/5/2026;22/5/2026;1002;1;B010;1;2605210483;H;COP;1951241
1083080;11000312;4916496314;LECHUGA (REPOLLO);104,200;283.229;261;22/5/2026;22/5/2026;1002;1;B010;2;2605190401;H;COP;1951241
1083080;11000312;4916496314;LECHUGA (REPOLLO);1.000;2.718.125;261;22/5/2026;22/5/2026;1002;1;B010;3;2605201242;H;COP;1951241
1083080;11000312;4916496318;LECHUGA (REPOLLO);-21,800;-59.255;262;22/5/2026;22/5/2026;1002;1;B010;1;2605210483;S;COP;1951241
1083080;18001585;4916508132;BOLSA FUNDA BTOX10BOLX100UN;50;10.780;261;22/5/2026;22/5/2026;1001;1;B010;2;2604151095;H;COP;1951241
1083080;18001589;4916508132;BOLSA PARA GRANOS BTOX2500UN;687;96.732;261;22/5/2026;22/5/2026;1003;1;B010;1;2512110142;H;COP;1951241
1083080;18001596;4916487195;ETIQUETA COLORES CJX6ROLX3800UN;403;40.296;261;21/5/2026;21/5/2026;1002;1;B010;1;2404011303;H;COP;1951241
1083080;18001596;4916493866;ETIQUETA COLORES CJX6ROLX3800UN;200;19.998;261;21/5/2026;21/5/2026;1002;1;B010;1;2404011303;H;COP;1951241
1083080;18001596;4916493896;ETIQUETA COLORES CJX6ROLX3800UN;30;3.000;261;21/5/2026;21/5/2026;1002;1;B010;1;2404011303;H;COP;1951241
1083080;18001596;4916495234;ETIQUETA COLORES CJX6ROLX3800UN;150;14.998;261;22/5/2026;22/5/2026;1002;1;B010;1;2404011303;H;COP;1951241
1083080;18001596;4916495275;ETIQUETA COLORES CJX6ROLX3800UN;180;17.998;261;22/5/2026;22/5/2026;1002;1;B010;1;2404011303;H;COP;1951241
1083080;18001596;4916496314;ETIQUETA COLORES CJX6ROLX3800UN;403;40.296;261;22/5/2026;22/5/2026;1002;1;B010;4;2404011303;H;COP;1951241
1083080;18001596;4916500525;ETIQUETA COLORES CJX6ROLX3800UN;-600;-59.994;262;22/5/2026;22/5/2026;1002;1;B010;1;2404011303;S;COP;1951241
1083080;18001612;4916508132;CINTA DE RESINA 110*450M ROLX45000CM;4.620;0;261;22/5/2026;22/5/2026;1002;1;B010;3;2603311297;H;COP;1951241
1083080;11001377;4916508132;HIELO BOL(12KG);80;560.000;261;22/5/2026;22/5/2026;1002;2;B010;4;2605141516;H;COP;0
1083080;14002428;4916496314;LECHUGA BATAVIA PROCESADA BOL(1KG);-676;-5.332.288;101;22/5/2026;22/5/2026;1002;4;B010;1;2605211416;S;COP;0
1083081;12002545;4916494984;ADEREZO PARA ENSALADA DE COL;15,800;211.009;261;22/5/2026;22/5/2026;1002;1;B010;1;2605201602;H;COP;1951251
1083081;12002545;4916496386;ADEREZO PARA ENSALADA DE COL;410,800;5.486.234;261;22/5/2026;22/5/2026;1002;1;B010;1;2605211607;H;COP;1951251
1083081;12002549;4916494967;VERDURAS PARA ENSALADA DE COL;1.431,600;6.460.811;261;22/5/2026;22/5/2026;1002;1;B010;1;2605211598;H;COP;1951251
1083081;12002549;4916516579;VERDURAS PARA ENSALADA DE COL;-43,640;-196.947;262;23/5/2026;23/5/2026;1002;1;B010;1;2605211598;S;COP;1951251
1083081;18001591;4916508179;BOLSA ENSALADA IMPRESA BTOX10BOLX100UN;905;283.028;261;22/5/2026;22/5/2026;1002;1;B010;1;2604221468;H;COP;1951251
1083081;18001602;4916487488;ETIQUETA TERMICA CJX4ROLX2605UN;510;24.480;261;21/5/2026;21/5/2026;1002;1;B010;1;2604241568;H;COP;1951251
1083081;18001602;4916487545;ETIQUETA TERMICA CJX4ROLX2605UN;20;960;261;21/5/2026;21/5/2026;1002;1;B010;1;2604290726;H;COP;1951251
1083081;18001602;4916494162;ETIQUETA TERMICA CJX4ROLX2605UN;200;9.600;261;21/5/2026;21/5/2026;1002;1;B010;1;2604290726;H;COP;1951251
1083081;18001602;4916495072;ETIQUETA TERMICA CJX4ROLX2605UN;200;9.600;261;22/5/2026;22/5/2026;1002;1;B010;1;2604290726;H;COP;1951251
1083081;18001602;4916495296;ETIQUETA TERMICA CJX4ROLX2605UN;200;9.600;261;22/5/2026;22/5/2026;1002;1;B010;1;2604290726;H;COP;1951251
1083081;18001602;4916495575;ETIQUETA TERMICA CJX4ROLX2605UN;55;2.640;261;22/5/2026;22/5/2026;1002;1;B010;1;2604290726;H;COP;1951251
1083081;18001602;4916495750;ETIQUETA TERMICA CJX4ROLX2605UN;1;48;261;22/5/2026;22/5/2026;1002;1;B010;1;2604290726;H;COP;1951251
1083081;18001602;4916495752;ETIQUETA TERMICA CJX4ROLX2605UN;200;9.600;261;22/5/2026;22/5/2026;1002;1;B010;1;2604290726;H;COP;1951251
1083081;18001602;4916495882;ETIQUETA TERMICA CJX4ROLX2605UN;200;9.600;261;22/5/2026;22/5/2026;1002;1;B010;1;2604290726;H;COP;1951251
1083081;18001612;4916508179;CINTA DE RESINA 110*450M ROLX45000CM;12.000;0;261;22/5/2026;22/5/2026;1002;1;B010;2;2603311297;H;COP;1951251
1083081;18001590;4916508204;BOLSA FUNDA PERFORADA BTOX10BOLX100UN;50;11.493;261;22/5/2026;22/5/2026;1001;2;B010;1;2604291332;H;COP;0
1083081;18001590;4916508206;BOLSA FUNDA PERFORADA BTOX10BOLX100UN;60;13.791;261;22/5/2026;22/5/2026;1001;2;B010;1;2604291332;H;COP;0
1083081;18001602;4916508201;ETIQUETA TERMICA CJX4ROLX2605UN;-600;-28.799;262;22/5/2026;22/5/2026;1002;2;B010;1;2604290726;S;COP;0
1083081;14002432;4916496457;ENSALADA COL BOL(2KG);-876;-12.887.712;101;22/5/2026;22/5/2026;1002;4;B010;1;2605211426;S;COP;0
1083081;14002432;4916496672;ENSALADA COL BOL(2KG);-31;-456.072;101;22/5/2026;22/5/2026;1002;4;B010;1;2605211426;S;COP;0
1083083;11001689;4916492486;PRESAS CORTADAS DE POLLO MP;207,800;1.670.327;261;21/5/2026;21/5/2026;1001;1;B010;1;2605210984;H;COP;1951288
1083083;11001689;4916492499;PRESAS CORTADAS DE POLLO MP;879,800;7.071.962;261;21/5/2026;21/5/2026;1001;1;B010;1;2605210984;H;COP;1951288
1083083;11001689;4916493268;PRESAS CORTADAS DE POLLO MP;100;803.815;261;21/5/2026;21/5/2026;1001;1;B010;1;2605210984;H;COP;1951288
1083083;12001209;4916492798;SALMUERA CRISPY;229,760;416.325;261;21/5/2026;21/5/2026;1001;1;B010;1;2605210147;H;COP;1951288
1083083;18001588;4916492798;BOLSA POLLO CRISPY  BTOX2500UN;500;52.882;261;21/5/2026;21/5/2026;1001;1;B010;2;2604291273;H;COP;1951288
1083083;18001602;4916488102;ETIQUETA TERMICA CJX4ROLX2605UN;200;9.600;261;21/5/2026;21/5/2026;1001;1;B010;1;2604290726;H;COP;1951288
1083083;18001602;4916488110;ETIQUETA TERMICA CJX4ROLX2605UN;200;9.600;261;21/5/2026;21/5/2026;1001;1;B010;1;2604290726;H;COP;1951288
1083083;18001602;4916488121;ETIQUETA TERMICA CJX4ROLX2605UN;200;9.600;261;21/5/2026;21/5/2026;1001;1;B010;1;2604290726;H;COP;1951288
1083083;18001602;4916492406;ETIQUETA TERMICA CJX4ROLX2605UN;150;7.200;261;21/5/2026;21/5/2026;1001;1;B010;1;2604290726;H;COP;1951288
1083083;18001590;4916492798;BOLSA FUNDA PERFORADA BTOX10BOLX100UN;150;34.478;261;21/5/2026;21/5/2026;1001;2;B010;3;2604291332;H;COP;0
1083083;14002444;5001991291;PRESAS CRISPY CJX10BOL(18UN);-460;-12.416.780;101;21/5/2026;21/5/2026;1001;4;B010;1;2605211469;S;COP;0
1083083;14002444;5001991311;PRESAS CRISPY CJX10BOL(18UN);-10;-269.930;101;21/5/2026;21/5/2026;1001;4;B010;1;2605211469;S;COP;0
1083084;11000341;4916494457;MARINADOR CRISPY 15.66KG CJX60UN;5;17.883;261;22/5/2026;22/5/2026;1001;1;B010;2;2603050867;H;COP;1951329
1083084;14002440;4916494457;CARNE DE STRIPS;319,800;5.248.238;261;22/5/2026;22/5/2026;1001;1;B010;1;2605210114;H;COP;1951329
1083084;18001585;4916494457;BOLSA FUNDA BTOX10BOLX100UN;210;45.276;261;22/5/2026;22/5/2026;1001;1;B010;4;2604151095;H;COP;1951329
1083084;18001586;4916494457;BOLSA FUELLE  BTOX50BOLX100UN;850;48.013;261;22/5/2026;22/5/2026;1001;1;B010;3;2604291357;H;COP;1951329
1083084;18001602;4916492359;ETIQUETA TERMICA CJX4ROLX2605UN;200;9.600;261;21/5/2026;21/5/2026;1001;1;B010;1;2604290726;H;COP;1951329
1083084;18001602;4916492366;ETIQUETA TERMICA CJX4ROLX2605UN;200;9.600;261;21/5/2026;21/5/2026;1001;1;B010;1;2604290726;H;COP;1951329
1083084;18001602;4916492828;ETIQUETA TERMICA CJX4ROLX2605UN;50;2.400;261;21/5/2026;21/5/2026;1001;1;B010;1;2604290726;H;COP;1951329
1083084;18001612;4916494457;CINTA DE RESINA 110*450M ROLX45000CM;2.145,800;0;261;22/5/2026;22/5/2026;1001;1;B010;5;2603311297;H;COP;1951329
1083084;11000092;4916494457;CARRAGENINA BTOX25KG;0,150;5.165;261;22/5/2026;22/5/2026;1001;2;B010;6;2603091072;H;COP;0
1083084;11001130;4916494457;SAL YODADA  BTOX25UNX0.5KG;2,748;6.272;261;22/5/2026;22/5/2026;1001;2;B010;7;2604220955;H;COP;0
1083084;14002441;4916493882;STRIPS MARINADO BOL(20UN);-349;-5.883.093;101;21/5/2026;21/5/2026;1001;4;B010;1;2605211510;S;COP;0
1083086;11001129;4916493057;GALLETA OREO CJX648UN;6.480;1.049.586;261;21/5/2026;21/5/2026;1008;1;B010;2;2604161333;H;COP;1951364
1083086;18001591;4916493057;BOLSA ENSALADA IMPRESA BTOX10BOLX100UN;12;3.753;261;21/5/2026;21/5/2026;1008;1;B010;3;2604221468;H;COP;1951364
1083086;18001602;4916493025;ETIQUETA TERMICA CJX4ROLX2605UN;6;288;261;21/5/2026;21/5/2026;1008;1;B010;1;2604290726;H;COP;1951364
1083086;18001612;4916493057;CINTA DE RESINA 110*450M ROLX45000CM;80;0;261;21/5/2026;21/5/2026;1008;1;B010;4;2603311297;H;COP;1951364
1083086;12002544;4916493057;GALLETA TRITURADA;-57,300;-1.190.866;101;21/5/2026;21/5/2026;1008;4;B010;1;2605211528;S;COP;0
1083087;12002547;4916493329;CARNE FILETE DE POLLO;168,500;2.481.668;261;21/5/2026;21/5/2026;1001;1;B010;1;2605210122;H;COP;1951384
1083087;12002547;4916493340;CARNE FILETE DE POLLO;200;2.945.600;261;21/5/2026;21/5/2026;1001;1;B010;1;2605210122;H;COP;1951384
1083087;12002547;4916493341;CARNE FILETE DE POLLO;200;2.945.600;261;21/5/2026;21/5/2026;1001;1;B010;1;2605210122;H;COP;1951384
1083087;12002547;4916493342;CARNE FILETE DE POLLO;93,500;1.377.068;261;21/5/2026;21/5/2026;1001;1;B010;1;2605190169;H;COP;1951384
1083087;12002547;4916493346;CARNE FILETE DE POLLO;121,800;1.793.870;261;21/5/2026;21/5/2026;1001;1;B010;1;2605200217;H;COP;1951384
1083087;18001585;4916509476;BOLSA FUNDA BTOX10BOLX100UN;45;9.702;261;23/5/2026;23/5/2026;1001;1;B010;1;2604151095;H;COP;1951384
1083087;18001596;4916493234;ETIQUETA COLORES CJX6ROLX3800UN;70;6.999;261;21/5/2026;21/5/2026;1001;1;B010;1;2404011303;H;COP;1951384
1083087;18001596;4916493308;ETIQUETA COLORES CJX6ROLX3800UN;4;400;261;21/5/2026;21/5/2026;1001;1;B010;1;2404011303;H;COP;1951384
1083087;18001596;4916493309;ETIQUETA COLORES CJX6ROLX3800UN;1;100;261;21/5/2026;21/5/2026;1001;1;B010;1;2404011303;H;COP;1951384
1083087;18001612;4916509476;CINTA DE RESINA 110*450M ROLX45000CM;245,800;0;261;23/5/2026;23/5/2026;1001;1;B010;2;2603311297;H;COP;1951384
1083087;12002547;4916509475;CARNE FILETE DE POLLO;-214,100;-3.153.265;262;23/5/2026;23/5/2026;1001;2;B010;1;2605210122;S;COP;0
1083087;12002528;5001991318;PECHUGA CONGELADA;-140;-2.179.380;101;21/5/2026;21/5/2026;1001;4;B010;1;2605211550;S;COP;0
1083087;12002528;5001991319;PECHUGA CONGELADA;-140;-2.179.380;101;21/5/2026;21/5/2026;1001;4;B010;1;2605211550;S;COP;0
1083087;12002528;5001991320;PECHUGA CONGELADA;-140;-2.179.380;101;21/5/2026;21/5/2026;1001;4;B010;1;2605211550;S;COP;0
1083087;12002528;5001991321;PECHUGA CONGELADA;-140;-2.179.380;101;21/5/2026;21/5/2026;1001;4;B010;1;2605211550;S;COP;0
1083087;12002528;5001991323;PECHUGA CONGELADA;-8,500;-132.320;101;21/5/2026;21/5/2026;1001;4;B010;1;2605211550;S;COP;0
1083088;11000096;4916496035;CEBOLLA;11,800;28.910;261;22/5/2026;22/5/2026;1002;1;B010;6;2605160467;H;COP;1951426
1083088;11000096;4916496035;CEBOLLA;7,200;17.640;261;22/5/2026;22/5/2026;1002;1;B010;7;2605190395;H;COP;1951426
1083088;11000143;4916494916;COL REPOLLO;242,800;437.339;261;22/5/2026;22/5/2026;1002;1;B010;1;2605190399;H;COP;1951426
1083088;11000143;4916494919;COL REPOLLO;354,400;638.356;261;22/5/2026;22/5/2026;1002;1;B010;1;2605201066;H;COP;1951426
1083088;11000143;4916496035;COL REPOLLO;21,900;39.447;261;22/5/2026;22/5/2026;1002;1;B010;1;2605190399;H;COP;1951426
1083088;11000143;4916496035;COL REPOLLO;45,600;82.136;261;22/5/2026;22/5/2026;1002;1;B010;2;2605201066;H;COP;1951426
1083088;11000143;4916496035;COL REPOLLO;593,600;1.069.211;261;22/5/2026;22/5/2026;1002;1;B010;3;2605201294;H;COP;1951426
1083088;11000285;4916494928;HOJAS VERDES DE COL;20,200;46.459;261;22/5/2026;22/5/2026;1002;1;B010;1;2605201064;H;COP;1951426
1083088;11000285;4916494931;HOJAS VERDES DE COL;19,600;45.080;261;22/5/2026;22/5/2026;1002;1;B010;1;2605210481;H;COP;1951426
1083088;11000285;4916496035;HOJAS VERDES DE COL;4,800;11.040;261;22/5/2026;22/5/2026;1002;1;B010;8;2605201064;H;COP;1951426
1083088;11000285;4916496035;HOJAS VERDES DE COL;0,400;920;261;22/5/2026;22/5/2026;1002;1;B010;9;2605210481;H;COP;1951426
1083088;11000624;4916494926;ZANAHORIA;15;36.000;261;22/5/2026;22/5/2026;1002;1;B010;1;2605201061;H;COP;1951426
1083088;11000624;4916496035;ZANAHORIA;9,300;22.320;261;22/5/2026;22/5/2026;1002;1;B010;4;2605201061;H;COP;1951426
1083088;11000624;4916496035;ZANAHORIA;8,400;20.160;261;22/5/2026;22/5/2026;1002;1;B010;5;2605210415;H;COP;1951426
1083088;18001591;4916499438;BOLSA ENSALADA IMPRESA BTOX10BOLX100UN;55;17.201;261;22/5/2026;22/5/2026;1002;1;B010;1;2604221468;H;COP;1951426
1083088;18001596;4916494700;ETIQUETA COLORES CJX6ROLX3800UN;1;100;261;22/5/2026;22/5/2026;1002;1;B010;1;2404011303;H;COP;1951426
1083088;18001596;4916494702;ETIQUETA COLORES CJX6ROLX3800UN;1;100;261;22/5/2026;22/5/2026;1002;1;B010;1;2404011303;H;COP;1951426
1083088;18001596;4916499438;ETIQUETA COLORES CJX6ROLX3800UN;50;4.999;261;22/5/2026;22/5/2026;1002;1;B010;3;2404011303;H;COP;1951426
1083088;18001612;4916499438;CINTA DE RESINA 110*450M ROLX45000CM;204;0;261;22/5/2026;22/5/2026;1002;1;B010;2;2603311297;H;COP;1951426
1083088;18001590;4916499438;BOLSA FUNDA PERFORADA BTOX10BOLX100UN;60;13.791;261;22/5/2026;22/5/2026;1001;2;B010;4;2604291332;H;COP;0
1083088;12002518;4916496037;MIX VERDURAS ENSALADA;-48,220;-179.668;101;22/5/2026;22/5/2026;1002;4;B010;1;2605211593;S;COP;0
1083088;12002518;4916499011;MIX VERDURAS ENSALADA;48,220;179.668;102;22/5/2026;22/5/2026;1002;4;B010;1;2605211593;H;COP;0
1083088;12002518;5001991483;MIX VERDURAS ENSALADA;-900;-3.353.400;101;22/5/2026;22/5/2026;1002;4;B010;1;2605211593;S;COP;0
1083088;12002518;5001991484;MIX VERDURAS ENSALADA;-450,100;-1.677.073;101;22/5/2026;22/5/2026;1002;4;B010;1;2605211593;S;COP;0
1083089;12002518;4916494932;MIX VERDURAS ENSALADA;1.350,100;5.030.473;261;22/5/2026;22/5/2026;1002;1;B010;1;2605211593;H;COP;1951430
1083089;18001596;4916494704;ETIQUETA COLORES CJX6ROLX3800UN;1;100;261;22/5/2026;22/5/2026;1002;1;B010;1;2404011303;H;COP;1951430
1083089;18001596;4916494708;ETIQUETA COLORES CJX6ROLX3800UN;1;100;261;22/5/2026;22/5/2026;1002;1;B010;1;2404011303;H;COP;1951430
1083089;18001596;4916496101;ETIQUETA COLORES CJX6ROLX3800UN;15;1.500;261;22/5/2026;22/5/2026;1002;1;B010;3;2404011303;H;COP;1951430
1083089;18001612;4916496101;CINTA DE RESINA 110*450M ROLX45000CM;74,357;0;261;22/5/2026;22/5/2026;1002;1;B010;2;2603311297;H;COP;1951430
1083089;18001585;4916499939;BOLSA FUNDA BTOX10BOLX100UN;50;10.780;261;22/5/2026;22/5/2026;1001;2;B010;1;2604151095;H;COP;0
1083089;12002549;4916496088;VERDURAS PARA ENSALADA DE COL;-45;-203.085;101;22/5/2026;22/5/2026;1002;4;B010;1;2605211598;S;COP;0
1083089;12002549;4916496101;VERDURAS PARA ENSALADA DE COL;-45;-203.085;101;22/5/2026;22/5/2026;1002;4;B010;1;2605211598;S;COP;0
1083089;12002549;4916499481;VERDURAS PARA ENSALADA DE COL;90;406.170;102;22/5/2026;22/5/2026;1002;4;B010;1;2605211598;H;COP;0
1083089;12002549;4916499519;VERDURAS PARA ENSALADA DE COL;-43,640;-196.947;101;22/5/2026;22/5/2026;1002;4;B010;1;2605211598;S;COP;0
1083089;12002549;4916516582;VERDURAS PARA ENSALADA DE COL;87,280;393.894;102;23/5/2026;23/5/2026;1002;4;B010;1;2605211598;H;COP;0
1083089;12002549;5001991486;VERDURAS PARA ENSALADA DE COL;-900;-4.061.700;101;22/5/2026;22/5/2026;1002;4;B010;1;2605211598;S;COP;0
1083089;12002549;5001991487;VERDURAS PARA ENSALADA DE COL;-531,600;-2.399.111;101;22/5/2026;22/5/2026;1002;4;B010;1;2605211598;S;COP;0
1083090;12000496;4916496263;MIX ADEREZO ENSALADA;442,400;4.805.349;261;22/5/2026;22/5/2026;1002;1;B010;1;2605210584;H;COP;1951439
1083090;18001596;4916494711;ETIQUETA COLORES CJX6ROLX3800UN;2;200;261;22/5/2026;22/5/2026;1002;1;B010;1;2404011303;H;COP;1951439
1083090;18001596;4916494712;ETIQUETA COLORES CJX6ROLX3800UN;1;100;261;22/5/2026;22/5/2026;1002;1;B010;1;2404011303;H;COP;1951439
1083090;18001596;4916496263;ETIQUETA COLORES CJX6ROLX3800UN;14;1.400;261;22/5/2026;22/5/2026;1002;1;B010;3;2404011303;H;COP;1951439
1083090;18001596;4916496350;ETIQUETA COLORES CJX6ROLX3800UN;2;200;261;22/5/2026;22/5/2026;1002;1;B010;1;2404011303;H;COP;1951439
1083090;18001596;4916496359;ETIQUETA COLORES CJX6ROLX3800UN;2;200;261;22/5/2026;22/5/2026;1002;1;B010;1;2404011303;H;COP;1951439
1083090;18001612;4916496263;CINTA DE RESINA 110*450M ROLX45000CM;1,643;0;261;22/5/2026;22/5/2026;1002;1;B010;2;2603311297;H;COP;1951439
1083090;12002545;4916496228;ADEREZO PARA ENSALADA DE COL;-442,400;-5.908.252;101;22/5/2026;22/5/2026;1002;4;B010;1;2605211607;S;COP;0
1083091;11000784;4916497393;ALAS DE POLLO MP;325,400;2.719.889;261;22/5/2026;22/5/2026;1001;1;B010;1;2605210974;H;COP;1951669
1083091;11000784;4916497396;ALAS DE POLLO MP;345;2.883.717;261;22/5/2026;22/5/2026;1001;1;B010;1;2605210499;H;COP;1951669
1083091;11000784;4916502472;ALAS DE POLLO MP;144,700;1.211.339;261;22/5/2026;22/5/2026;1001;1;B010;1;2605211254;H;COP;1951669
1083091;11001117;4916497951;POLLO FRESCO CJX20UN;2.000;25.100.891;261;22/5/2026;22/5/2026;1001;1;B010;1;2605190640;H;COP;1951669
1083091;11001117;4916497951;POLLO FRESCO CJX20UN;2.000;25.100.891;261;22/5/2026;22/5/2026;1001;1;B010;2;2605201169;H;COP;1951669
1083091;11001117;4916498708;POLLO FRESCO CJX20UN;3.980;49.950.772;261;22/5/2026;22/5/2026;1001;1;B010;1;2605180808;H;COP;1951669
1083091;11001117;4916499275;POLLO FRESCO CJX20UN;-3.980;-49.950.772;262;22/5/2026;22/5/2026;1001;1;B010;1;2605180808;S;COP;1951669
1083091;11001117;4916500374;POLLO FRESCO CJX20UN;2.400;30.152.806;261;22/5/2026;22/5/2026;1001;1;B010;1;2605201358;H;COP;1951669
1083091;11001117;4916501031;POLLO FRESCO CJX20UN;4.000;50.326.132;261;22/5/2026;22/5/2026;1001;1;B010;1;2605201454;H;COP;1951669
1083091;11001117;4916503223;POLLO FRESCO CJX20UN;3.000;37.744.599;261;22/5/2026;22/5/2026;1001;1;B010;1;2605200918;H;COP;1951669
1083091;11001117;4916504751;POLLO FRESCO CJX20UN;1.000;12.529.168;261;22/5/2026;22/5/2026;1001;1;B010;1;2605211445;H;COP;1951669
1083091;11001117;4916504751;POLLO FRESCO CJX20UN;2.000;25.058.335;261;22/5/2026;22/5/2026;1001;1;B010;2;2605211182;H;COP;1951669
1083091;11001117;4916508334;POLLO FRESCO CJX20UN;600;7.513.461;261;22/5/2026;22/5/2026;1001;1;B010;1;2605211329;H;COP;1951669
1083091;12001211;4916508268;SALMUERA IMOR;213,360;187.970;261;22/5/2026;22/5/2026;1001;1;B010;1;2605210149;H;COP;1951669
1083091;13000368;4916499100;GRASA DE POLLO;-33,800;-10.140;531;22/5/2026;22/5/2026;1001;1;B010;1;2605220173;S;COP;1951669
1083091;13000368;4916506510;GRASA DE POLLO;-55,100;-16.530;531;22/5/2026;22/5/2026;1001;1;B010;1;2605220173;S;COP;1951669
1083091;13000368;4916507341;GRASA DE POLLO;-20;-6.000;531;22/5/2026;22/5/2026;1001;1;B010;1;2605220173;S;COP;1951669
1083091;13000368;4916507342;GRASA DE POLLO;-20;-6.000;531;22/5/2026;22/5/2026;1001;1;B010;1;2605220173;S;COP;1951669
1083091;13000368;4916507343;GRASA DE POLLO;-20;-6.000;531;22/5/2026;22/5/2026;1001;1;B010;1;2605220173;S;COP;1951669
1083091;13000368;4916507347;GRASA DE POLLO;-20;-6.000;531;22/5/2026;22/5/2026;1001;1;B010;1;2605220173;S;COP;1951669
1083091;13000370;4916504687;PRESAS POLLO DE SEGUNDA;-55,100;-366.415;531;22/5/2026;22/5/2026;1001;1;B010;1;2605220173;S;COP;1951669
1083091;13000370;4916506550;PRESAS POLLO DE SEGUNDA;55,100;366.415;532;22/5/2026;22/5/2026;1001;1;B010;1;2605220173;H;COP;1951669
1083091;13000371;4916504664;PUNTILLAS;-45,500;-9.100;531;22/5/2026;22/5/2026;1001;1;B010;1;2605220173;S;COP;1951669
1083091;13000371;4916507169;PUNTILLAS;-46,400;-9.280;531;22/5/2026;22/5/2026;1001;1;B010;1;2605220173;S;COP;1951669
1083091;13000371;4916507299;PUNTILLAS;-120;-24.000;531;22/5/2026;22/5/2026;1001;1;B010;1;2605220173;S;COP;1951669
1083091;13000371;4916507330;PUNTILLAS;-240;-48.000;531;22/5/2026;22/5/2026;1001;1;B010;1;2605220173;S;COP;1951669
1083091;13000371;4916507333;PUNTILLAS;-13,600;-2.720;531;22/5/2026;22/5/2026;1001;1;B010;1;2605220173;S;COP;1951669
1083091;18001587;4916508268;BOLSA POLLO ORIGINAL  BTOX2500UN;2.500;264.581;261;22/5/2026;22/5/2026;1001;1;B010;2;2605061129;H;COP;1951669
1083091;18001596;4916496423;ETIQUETA COLORES CJX6ROLX3800UN;1;100;261;22/5/2026;22/5/2026;1001;1;B010;1;2404011303;H;COP;1951669
1083091;18001596;4916496429;ETIQUETA COLORES CJX6ROLX3800UN;1;100;261;22/5/2026;22/5/2026;1001;1;B010;1;2404011303;H;COP;1951669
1083091;18001596;4916496431;ETIQUETA COLORES CJX6ROLX3800UN;1;100;261;22/5/2026;22/5/2026;1001;1;B010;1;2404011303;H;COP;1951669
1083091;18001596;4916497253;ETIQUETA COLORES CJX6ROLX3800UN;1;100;261;22/5/2026;22/5/2026;1001;1;B010;1;2404011303;H;COP;1951669
1083091;18001596;4916497781;ETIQUETA COLORES CJX6ROLX3800UN;1;100;261;22/5/2026;22/5/2026;1001;1;B010;1;2404011303;H;COP;1951669
1083091;18001596;4916497793;ETIQUETA COLORES CJX6ROLX3800UN;1;100;261;22/5/2026;22/5/2026;1001;1;B010;1;2404011303;H;COP;1951669
1083091;18001596;4916497797;ETIQUETA COLORES CJX6ROLX3800UN;1;100;261;22/5/2026;22/5/2026;1001;1;B010;1;2404011303;H;COP;1951669
1083091;18001596;4916497834;ETIQUETA COLORES CJX6ROLX3800UN;1;100;261;22/5/2026;22/5/2026;1001;1;B010;1;2404011303;H;COP;1951669
1083091;18001596;4916497846;ETIQUETA COLORES CJX6ROLX3800UN;1;100;261;22/5/2026;22/5/2026;1001;1;B010;1;2404011303;H;COP;1951669
1083091;18001596;4916497887;ETIQUETA COLORES CJX6ROLX3800UN;1;100;261;22/5/2026;22/5/2026;1001;1;B010;1;2404011303;H;COP;1951669
1083091;18001596;4916497899;ETIQUETA COLORES CJX6ROLX3800UN;1;100;261;22/5/2026;22/5/2026;1001;1;B010;1;2404011303;H;COP;1951669
1083091;18001596;4916497941;ETIQUETA COLORES CJX6ROLX3800UN;1;100;261;22/5/2026;22/5/2026;1001;1;B010;1;2404011303;H;COP;1951669
1083091;18001596;4916497955;ETIQUETA COLORES CJX6ROLX3800UN;1;100;261;22/5/2026;22/5/2026;1001;1;B010;1;2404011303;H;COP;1951669
1083091;18001596;4916497985;ETIQUETA COLORES CJX6ROLX3800UN;1;100;261;22/5/2026;22/5/2026;1001;1;B010;1;2404011303;H;COP;1951669
1083091;18001596;4916498010;ETIQUETA COLORES CJX6ROLX3800UN;1;100;261;22/5/2026;22/5/2026;1001;1;B010;1;2404011303;H;COP;1951669
1083091;18001596;4916498029;ETIQUETA COLORES CJX6ROLX3800UN;1;100;261;22/5/2026;22/5/2026;1001;1;B010;1;2404011303;H;COP;1951669
1083091;18001596;4916498053;ETIQUETA COLORES CJX6ROLX3800UN;1;100;261;22/5/2026;22/5/2026;1001;1;B010;1;2404011303;H;COP;1951669
1083091;18001596;4916498135;ETIQUETA COLORES CJX6ROLX3800UN;1;100;261;22/5/2026;22/5/2026;1001;1;B010;1;2404011303;H;COP;1951669
1083091;18001596;4916498157;ETIQUETA COLORES CJX6ROLX3800UN;1;100;261;22/5/2026;22/5/2026;1001;1;B010;1;2404011303;H;COP;1951669
1083091;18001596;4916498195;ETIQUETA COLORES CJX6ROLX3800UN;1;100;261;22/5/2026;22/5/2026;1001;1;B010;1;2404011303;H;COP;1951669
1083091;18001596;4916498257;ETIQUETA COLORES CJX6ROLX3800UN;1;100;261;22/5/2026;22/5/2026;1001;1;B010;1;2404011303;H;COP;1951669
1083091;18001596;4916498383;ETIQUETA COLORES CJX6ROLX3800UN;1;100;261;22/5/2026;22/5/2026;1001;1;B010;1;2404011303;H;COP;1951669
1083091;18001596;4916498440;ETIQUETA COLORES CJX6ROLX3800UN;1;100;261;22/5/2026;22/5/2026;1001;1;B010;1;2404011303;H;COP;1951669
1083091;18001596;4916499069;ETIQUETA COLORES CJX6ROLX3800UN;1;100;261;22/5/2026;22/5/2026;1001;1;B010;1;2404011303;H;COP;1951669
1083091;18001596;4916499095;ETIQUETA COLORES CJX6ROLX3800UN;1;100;261;22/5/2026;22/5/2026;1001;1;B010;1;2404011303;H;COP;1951669
1083091;18001596;4916500596;ETIQUETA COLORES CJX6ROLX3800UN;1;100;261;22/5/2026;22/5/2026;1001;1;B010;1;2404011303;H;COP;1951669
1083091;18001596;4916501010;ETIQUETA COLORES CJX6ROLX3800UN;1;100;261;22/5/2026;22/5/2026;1001;1;B010;1;2404011303;H;COP;1951669
1083091;18001596;4916501056;ETIQUETA COLORES CJX6ROLX3800UN;1;100;261;22/5/2026;22/5/2026;1001;1;B010;1;2404011303;H;COP;1951669
1083091;18001596;4916501236;ETIQUETA COLORES CJX6ROLX3800UN;1;100;261;22/5/2026;22/5/2026;1001;1;B010;1;2404011303;H;COP;1951669
1083091;18001596;4916501312;ETIQUETA COLORES CJX6ROLX3800UN;1;100;261;22/5/2026;22/5/2026;1001;1;B010;1;2404011303;H;COP;1951669
1083091;18001596;4916501326;ETIQUETA COLORES CJX6ROLX3800UN;1;100;261;22/5/2026;22/5/2026;1001;1;B010;1;2404011303;H;COP;1951669
1083091;18001596;4916501353;ETIQUETA COLORES CJX6ROLX3800UN;1;100;261;22/5/2026;22/5/2026;1001;1;B010;1;2404011303;H;COP;1951669
1083091;18001596;4916501381;ETIQUETA COLORES CJX6ROLX3800UN;1;100;261;22/5/2026;22/5/2026;1001;1;B010;1;2404011303;H;COP;1951669
1083091;18001596;4916501384;ETIQUETA COLORES CJX6ROLX3800UN;1;100;261;22/5/2026;22/5/2026;1001;1;B010;1;2404011303;H;COP;1951669
1083091;18001596;4916501402;ETIQUETA COLORES CJX6ROLX3800UN;1;100;261;22/5/2026;22/5/2026;1001;1;B010;1;2404011303;H;COP;1951669
1083091;18001596;4916501426;ETIQUETA COLORES CJX6ROLX3800UN;1;100;261;22/5/2026;22/5/2026;1001;1;B010;1;2404011303;H;COP;1951669
1083091;18001596;4916501444;ETIQUETA COLORES CJX6ROLX3800UN;1;100;261;22/5/2026;22/5/2026;1001;1;B010;1;2404011303;H;COP;1951669
1083091;18001596;4916501497;ETIQUETA COLORES CJX6ROLX3800UN;1;100;261;22/5/2026;22/5/2026;1001;1;B010;1;2404011303;H;COP;1951669
1083091;18001596;4916501537;ETIQUETA COLORES CJX6ROLX3800UN;1;100;261;22/5/2026;22/5/2026;1001;1;B010;1;2404011303;H;COP;1951669
1083091;18001596;4916501567;ETIQUETA COLORES CJX6ROLX3800UN;1;100;261;22/5/2026;22/5/2026;1001;1;B010;1;2404011303;H;COP;1951669
1083091;18001596;4916501576;ETIQUETA COLORES CJX6ROLX3800UN;1;100;261;22/5/2026;22/5/2026;1001;1;B010;1;2404011303;H;COP;1951669
1083091;18001596;4916502758;ETIQUETA COLORES CJX6ROLX3800UN;1;100;261;22/5/2026;22/5/2026;1001;1;B010;1;2404011303;H;COP;1951669
1083091;18001596;4916502787;ETIQUETA COLORES CJX6ROLX3800UN;1;100;261;22/5/2026;22/5/2026;1001;1;B010;1;2404011303;H;COP;1951669
1083091;18001596;4916502825;ETIQUETA COLORES CJX6ROLX3800UN;1;100;261;22/5/2026;22/5/2026;1001;1;B010;1;2404011303;H;COP;1951669
1083091;18001596;4916502938;ETIQUETA COLORES CJX6ROLX3800UN;1;100;261;22/5/2026;22/5/2026;1001;1;B010;1;2404011303;H;COP;1951669
1083091;18001596;4916502963;ETIQUETA COLORES CJX6ROLX3800UN;1;100;261;22/5/2026;22/5/2026;1001;1;B010;1;2404011303;H;COP;1951669
1083091;18001596;4916502987;ETIQUETA COLORES CJX6ROLX3800UN;1;100;261;22/5/2026;22/5/2026;1001;1;B010;1;2404011303;H;COP;1951669
1083091;18001596;4916503274;ETIQUETA COLORES CJX6ROLX3800UN;1;100;261;22/5/2026;22/5/2026;1001;1;B010;1;2404011303;H;COP;1951669
1083091;18001596;4916503334;ETIQUETA COLORES CJX6ROLX3800UN;1;100;261;22/5/2026;22/5/2026;1001;1;B010;1;2404011303;H;COP;1951669
1083091;18001596;4916503454;ETIQUETA COLORES CJX6ROLX3800UN;1;100;261;22/5/2026;22/5/2026;1001;1;B010;1;2404011303;H;COP;1951669
1083091;18001596;4916503534;ETIQUETA COLORES CJX6ROLX3800UN;1;100;261;22/5/2026;22/5/2026;1001;1;B010;1;2404011303;H;COP;1951669
1083091;18001596;4916503722;ETIQUETA COLORES CJX6ROLX3800UN;1;100;261;22/5/2026;22/5/2026;1001;1;B010;1;2404011303;H;COP;1951669
1083091;18001596;4916503756;ETIQUETA COLORES CJX6ROLX3800UN;1;100;261;22/5/2026;22/5/2026;1001;1;B010;1;2404011303;H;COP;1951669
1083091;18001596;4916504076;ETIQUETA COLORES CJX6ROLX3800UN;1;100;261;22/5/2026;22/5/2026;1001;1;B010;1;2404011303;H;COP;1951669
1083091;18001596;4916504113;ETIQUETA COLORES CJX6ROLX3800UN;1;100;261;22/5/2026;22/5/2026;1001;1;B010;1;2404011303;H;COP;1951669
1083091;18001596;4916504152;ETIQUETA COLORES CJX6ROLX3800UN;1;100;261;22/5/2026;22/5/2026;1001;1;B010;1;2404011303;H;COP;1951669
1083091;18001596;4916504191;ETIQUETA COLORES CJX6ROLX3800UN;1;100;261;22/5/2026;22/5/2026;1001;1;B010;1;2404011303;H;COP;1951669
1083091;18001596;4916504239;ETIQUETA COLORES CJX6ROLX3800UN;1;100;261;22/5/2026;22/5/2026;1001;1;B010;1;2404011303;H;COP;1951669
1083091;18001596;4916504338;ETIQUETA COLORES CJX6ROLX3800UN;1;100;261;22/5/2026;22/5/2026;1001;1;B010;1;2404011303;H;COP;1951669
1083091;18001596;4916504658;ETIQUETA COLORES CJX6ROLX3800UN;1;100;261;22/5/2026;22/5/2026;1001;1;B010;1;2404011303;H;COP;1951669
1083091;18001596;4916504682;ETIQUETA COLORES CJX6ROLX3800UN;1;100;261;22/5/2026;22/5/2026;1001;1;B010;1;2404011303;H;COP;1951669
1083091;18001596;4916505648;ETIQUETA COLORES CJX6ROLX3800UN;1;100;261;22/5/2026;22/5/2026;1001;1;B010;1;2404011303;H;COP;1951669
1083091;18001596;4916505689;ETIQUETA COLORES CJX6ROLX3800UN;1;100;261;22/5/2026;22/5/2026;1001;1;B010;1;2404011303;H;COP;1951669
1083091;18001596;4916505764;ETIQUETA COLORES CJX6ROLX3800UN;1;100;261;22/5/2026;22/5/2026;1001;1;B010;1;2404011303;H;COP;1951669
1083091;18001596;4916505815;ETIQUETA COLORES CJX6ROLX3800UN;1;100;261;22/5/2026;22/5/2026;1001;1;B010;1;2404011303;H;COP;1951669
1083091;18001596;4916505924;ETIQUETA COLORES CJX6ROLX3800UN;1;100;261;22/5/2026;22/5/2026;1001;1;B010;1;2404011303;H;COP;1951669
1083091;18001596;4916506008;ETIQUETA COLORES CJX6ROLX3800UN;1;100;261;22/5/2026;22/5/2026;1001;1;B010;1;2404011303;H;COP;1951669
1083091;18001596;4916506253;ETIQUETA COLORES CJX6ROLX3800UN;1;100;261;22/5/2026;22/5/2026;1001;1;B010;1;2404011303;H;COP;1951669
1083091;18001596;4916506387;ETIQUETA COLORES CJX6ROLX3800UN;1;100;261;22/5/2026;22/5/2026;1001;1;B010;1;2404011303;H;COP;1951669
1083091;18001596;4916506457;ETIQUETA COLORES CJX6ROLX3800UN;1;100;261;22/5/2026;22/5/2026;1001;1;B010;1;2404011303;H;COP;1951669
1083091;18001596;4916506492;ETIQUETA COLORES CJX6ROLX3800UN;1;100;261;22/5/2026;22/5/2026;1001;1;B010;1;2404011303;H;COP;1951669
1083091;18001596;4916506571;ETIQUETA COLORES CJX6ROLX3800UN;1;100;261;22/5/2026;22/5/2026;1001;1;B010;1;2404011303;H;COP;1951669
1083091;18001596;4916506707;ETIQUETA COLORES CJX6ROLX3800UN;1;100;261;22/5/2026;22/5/2026;1001;1;B010;1;2404011303;H;COP;1951669
1083091;18001596;4916506791;ETIQUETA COLORES CJX6ROLX3800UN;1;100;261;22/5/2026;22/5/2026;1001;1;B010;1;2404011303;H;COP;1951669
1083091;18001596;4916506890;ETIQUETA COLORES CJX6ROLX3800UN;1;100;261;22/5/2026;22/5/2026;1001;1;B010;1;2404011303;H;COP;1951669
1083091;18001596;4916506957;ETIQUETA COLORES CJX6ROLX3800UN;1;100;261;22/5/2026;22/5/2026;1001;1;B010;1;2404011303;H;COP;1951669
1083091;18001596;4916506970;ETIQUETA COLORES CJX6ROLX3800UN;1;100;261;22/5/2026;22/5/2026;1001;1;B010;1;2404011303;H;COP;1951669
1083091;18001596;4916506987;ETIQUETA COLORES CJX6ROLX3800UN;1;100;261;22/5/2026;22/5/2026;1001;1;B010;1;2404011303;H;COP;1951669
1083091;18001596;4916507007;ETIQUETA COLORES CJX6ROLX3800UN;1;100;261;22/5/2026;22/5/2026;1001;1;B010;1;2404011303;H;COP;1951669
1083091;18001596;4916507033;ETIQUETA COLORES CJX6ROLX3800UN;1;100;261;22/5/2026;22/5/2026;1001;1;B010;1;2404011303;H;COP;1951669
1083091;18001596;4916507043;ETIQUETA COLORES CJX6ROLX3800UN;1;100;261;22/5/2026;22/5/2026;1001;1;B010;1;2404011303;H;COP;1951669
1083091;18001596;4916507061;ETIQUETA COLORES CJX6ROLX3800UN;1;100;261;22/5/2026;22/5/2026;1001;1;B010;1;2404011303;H;COP;1951669
1083091;18001596;4916507106;ETIQUETA COLORES CJX6ROLX3800UN;1;100;261;22/5/2026;22/5/2026;1001;1;B010;1;2404011303;H;COP;1951669
1083091;18001596;4916507125;ETIQUETA COLORES CJX6ROLX3800UN;1;100;261;22/5/2026;22/5/2026;1001;1;B010;1;2404011303;H;COP;1951669
1083091;18001596;4916507140;ETIQUETA COLORES CJX6ROLX3800UN;1;100;261;22/5/2026;22/5/2026;1001;1;B010;1;2404011303;H;COP;1951669
1083091;18001596;4916507157;ETIQUETA COLORES CJX6ROLX3800UN;1;100;261;22/5/2026;22/5/2026;1001;1;B010;1;2404011303;H;COP;1951669
1083091;18001596;4916507167;ETIQUETA COLORES CJX6ROLX3800UN;1;100;261;22/5/2026;22/5/2026;1001;1;B010;1;2404011303;H;COP;1951669
1083091;18001596;4916507175;ETIQUETA COLORES CJX6ROLX3800UN;1;100;261;22/5/2026;22/5/2026;1001;1;B010;1;2404011303;H;COP;1951669
1083091;18001596;4916507199;ETIQUETA COLORES CJX6ROLX3800UN;1;100;261;22/5/2026;22/5/2026;1001;1;B010;1;2404011303;H;COP;1951669
1083091;18001596;4916507208;ETIQUETA COLORES CJX6ROLX3800UN;1;100;261;22/5/2026;22/5/2026;1001;1;B010;1;2404011303;H;COP;1951669
1083091;18001596;4916507223;ETIQUETA COLORES CJX6ROLX3800UN;1;100;261;22/5/2026;22/5/2026;1001;1;B010;1;2404011303;H;COP;1951669
1083091;18001596;4916507233;ETIQUETA COLORES CJX6ROLX3800UN;1;100;261;22/5/2026;22/5/2026;1001;1;B010;1;2404011303;H;COP;1951669
1083091;18001596;4916507242;ETIQUETA COLORES CJX6ROLX3800UN;1;100;261;22/5/2026;22/5/2026;1001;1;B010;1;2404011303;H;COP;1951669
1083091;18001596;4916507249;ETIQUETA COLORES CJX6ROLX3800UN;1;100;261;22/5/2026;22/5/2026;1001;1;B010;1;2404011303;H;COP;1951669
1083091;18001596;4916507253;ETIQUETA COLORES CJX6ROLX3800UN;1;100;261;22/5/2026;22/5/2026;1001;1;B010;1;2404011303;H;COP;1951669
1083091;18001596;4916507259;ETIQUETA COLORES CJX6ROLX3800UN;1;100;261;22/5/2026;22/5/2026;1001;1;B010;1;2404011303;H;COP;1951669
1083091;18001596;4916507263;ETIQUETA COLORES CJX6ROLX3800UN;1;100;261;22/5/2026;22/5/2026;1001;1;B010;1;2404011303;H;COP;1951669
1083091;18001596;4916507268;ETIQUETA COLORES CJX6ROLX3800UN;1;100;261;22/5/2026;22/5/2026;1001;1;B010;1;2404011303;H;COP;1951669
1083091;18001596;4916507287;ETIQUETA COLORES CJX6ROLX3800UN;20;2.000;261;22/5/2026;22/5/2026;1001;1;B010;1;2404011303;H;COP;1951669
1083091;18001596;4916507298;ETIQUETA COLORES CJX6ROLX3800UN;1;100;261;22/5/2026;22/5/2026;1001;1;B010;1;2404011303;H;COP;1951669
1083091;18001596;4916507329;ETIQUETA COLORES CJX6ROLX3800UN;1;100;261;22/5/2026;22/5/2026;1001;1;B010;1;2404011303;H;COP;1951669
1083091;18001596;4916507331;ETIQUETA COLORES CJX6ROLX3800UN;1;100;261;22/5/2026;22/5/2026;1001;1;B010;1;2404011303;H;COP;1951669
1083091;18001596;4916507337;ETIQUETA COLORES CJX6ROLX3800UN;5;500;261;22/5/2026;22/5/2026;1001;1;B010;1;2404011303;H;COP;1951669
1083091;18001596;4916507345;ETIQUETA COLORES CJX6ROLX3800UN;1;100;261;22/5/2026;22/5/2026;1001;1;B010;1;2404011303;H;COP;1951669
1083091;18001596;4916507383;ETIQUETA COLORES CJX6ROLX3800UN;1;100;261;22/5/2026;22/5/2026;1001;1;B010;1;2404011303;H;COP;1951669
1083091;18001596;4916507398;ETIQUETA COLORES CJX6ROLX3800UN;1;100;261;22/5/2026;22/5/2026;1001;1;B010;1;2404011303;H;COP;1951669
1083091;18001602;4916499829;ETIQUETA TERMICA CJX4ROLX2605UN;200;9.600;261;22/5/2026;22/5/2026;1001;1;B010;1;2604290726;H;COP;1951669
1083091;18001602;4916499845;ETIQUETA TERMICA CJX4ROLX2605UN;200;9.600;261;22/5/2026;22/5/2026;1001;1;B010;1;2604290726;H;COP;1951669
1083091;18001602;4916499850;ETIQUETA TERMICA CJX4ROLX2605UN;200;9.600;261;22/5/2026;22/5/2026;1001;1;B010;1;2604290726;H;COP;1951669
1083091;18001602;4916499853;ETIQUETA TERMICA CJX4ROLX2605UN;200;9.600;261;22/5/2026;22/5/2026;1001;1;B010;1;2604290726;H;COP;1951669
1083091;18001602;4916502695;ETIQUETA TERMICA CJX4ROLX2605UN;200;9.600;261;22/5/2026;22/5/2026;1001;1;B010;1;2604290726;H;COP;1951669
1083091;18001602;4916502765;ETIQUETA TERMICA CJX4ROLX2605UN;200;9.600;261;22/5/2026;22/5/2026;1001;1;B010;1;2605081380;H;COP;1951669
1083091;18001602;4916502782;ETIQUETA TERMICA CJX4ROLX2605UN;200;9.600;261;22/5/2026;22/5/2026;1001;1;B010;1;2605081380;H;COP;1951669
1083091;18001602;4916502784;ETIQUETA TERMICA CJX4ROLX2605UN;200;9.600;261;22/5/2026;22/5/2026;1001;1;B010;1;2605081380;H;COP;1951669
1083091;18001602;4916503501;ETIQUETA TERMICA CJX4ROLX2605UN;200;9.600;261;22/5/2026;22/5/2026;1001;1;B010;1;2605081380;H;COP;1951669
1083091;18001602;4916503520;ETIQUETA TERMICA CJX4ROLX2605UN;200;9.600;261;22/5/2026;22/5/2026;1001;1;B010;1;2605081380;H;COP;1951669
1083091;18001602;4916507481;ETIQUETA TERMICA CJX4ROLX2605UN;200;9.600;261;22/5/2026;22/5/2026;1001;1;B010;1;2605081380;H;COP;1951669
1083091;18001602;4916507484;ETIQUETA TERMICA CJX4ROLX2605UN;100;4.800;261;22/5/2026;22/5/2026;1001;1;B010;1;2605081380;H;COP;1951669
1083091;18001602;4916507900;ETIQUETA TERMICA CJX4ROLX2605UN;150;7.200;261;22/5/2026;22/5/2026;1001;1;B010;1;2605081380;H;COP;1951669
1083091;18001602;4916508016;ETIQUETA TERMICA CJX4ROLX2605UN;100;4.800;261;22/5/2026;22/5/2026;1001;1;B010;1;2605081380;H;COP;1951669
1083091;18001612;4916509573;CINTA DE RESINA 110*450M ROLX45000CM;4.522,500;0;261;23/5/2026;23/5/2026;1001;1;B010;1;2603311297;H;COP;1951669
1083091;12001211;4916508268;SALMUERA IMOR;960,120;845.866;261;22/5/2026;22/5/2026;1001;2;B010;3;2605220199;H;COP;0
1083091;14002447;4916508268;PRESAS CORTADAS CJ(180UN);29;8.683.238;261;22/5/2026;22/5/2026;1001;2;B010;5;2605210135;H;COP;0
1083091;18001590;4916508268;BOLSA FUNDA PERFORADA BTOX10BOLX100UN;1.000;229.855;261;22/5/2026;22/5/2026;1001;2;B010;4;2604291332;H;COP;0
1083091;12002532;5001991906;ALAS CORTADAS POLLO;-140,200;-1.489.485;101;22/5/2026;22/5/2026;1001;4;B010;1;2605220178;S;COP;0
1083091;12002532;5001991909;ALAS CORTADAS POLLO;-175,100;-1.860.262;101;22/5/2026;22/5/2026;1001;4;B010;1;2605220178;S;COP;0
1083091;12002532;5001991915;ALAS CORTADAS POLLO;-158,200;-1.680.717;101;22/5/2026;22/5/2026;1001;4;B010;1;2605220178;S;COP;0
1083091;12002532;5001992033;ALAS CORTADAS POLLO;-152;-1.614.848;101;22/5/2026;22/5/2026;1001;4;B010;1;2605220178;S;COP;0
1083091;12002532;5001992212;ALAS CORTADAS POLLO;-153,800;-1.633.971;101;22/5/2026;22/5/2026;1001;4;B010;1;2605220178;S;COP;0
1083091;12002532;5001992214;ALAS CORTADAS POLLO;-153,800;-1.633.971;101;22/5/2026;22/5/2026;1001;4;B010;1;2605220178;S;COP;0
1083091;12002532;5001992488;ALAS CORTADAS POLLO;-198;-2.103.552;101;22/5/2026;22/5/2026;1001;4;B010;1;2605220178;S;COP;0
1083091;12002532;5001992542;ALAS CORTADAS POLLO;-178;-1.891.072;101;22/5/2026;22/5/2026;1001;4;B010;1;2605220178;S;COP;0
1083091;12002532;5001992549;ALAS CORTADAS POLLO;-161,500;-1.715.776;101;22/5/2026;22/5/2026;1001;4;B010;1;2605220178;S;COP;0
1083091;12002532;5001992560;ALAS CORTADAS POLLO;-162,400;-1.725.338;101;22/5/2026;22/5/2026;1001;4;B010;1;2605220178;S;COP;0
1083091;12002532;5001992651;ALAS CORTADAS POLLO;-164,300;-1.745.523;101;22/5/2026;22/5/2026;1001;4;B010;1;2605220178;S;COP;0
1083091;12002532;5001992792;ALAS CORTADAS POLLO;-269,400;-2.862.106;101;22/5/2026;22/5/2026;1001;4;B010;1;2605220178;S;COP;0
1083091;12002532;5001992835;ALAS CORTADAS POLLO;-124,800;-1.325.875;101;22/5/2026;22/5/2026;1001;4;B010;1;2605220178;S;COP;0
1083091;12002532;5001992841;ALAS CORTADAS POLLO;-143,500;-1.524.544;101;22/5/2026;22/5/2026;1001;4;B010;1;2605220178;S;COP;0
1083091;12002532;5001992846;ALAS CORTADAS POLLO;-142,300;-1.511.795;101;22/5/2026;22/5/2026;1001;4;B010;1;2605220178;S;COP;0
1083091;12002532;5001992848;ALAS CORTADAS POLLO;-74,300;-789.363;101;22/5/2026;22/5/2026;1001;4;B010;1;2605220178;S;COP;0
1083091;12002532;5001992854;ALAS CORTADAS POLLO;-157,700;-1.675.405;101;22/5/2026;22/5/2026;1001;4;B010;1;2605220178;S;COP;0
1083091;12002532;5001992862;ALAS CORTADAS POLLO;-163,800;-1.740.211;101;22/5/2026;22/5/2026;1001;4;B010;1;2605220178;S;COP;0
1083091;12002532;5001992865;ALAS CORTADAS POLLO;-152,700;-1.622.285;101;22/5/2026;22/5/2026;1001;4;B010;1;2605220178;S;COP;0
1083091;12002532;5001992866;ALAS CORTADAS POLLO;-94,500;-1.003.968;101;22/5/2026;22/5/2026;1001;4;B010;1;2605220178;S;COP;0
1083091;12002532;5001992868;ALAS CORTADAS POLLO;-103,200;-1.096.397;101;22/5/2026;22/5/2026;1001;4;B010;1;2605220178;S;COP;0
1083091;12002532;5001993169;ALAS CORTADAS POLLO;269,400;2.862.106;102;22/5/2026;22/5/2026;1001;4;B010;1;2605220178;H;COP;0
1083091;12002532;5001993171;ALAS CORTADAS POLLO;153,800;1.633.971;102;22/5/2026;22/5/2026;1001;4;B010;1;2605220178;H;COP;0
1083091;12002546;5001991733;CAJA DE POLLO;-151,400;-1.318.845;101;22/5/2026;22/5/2026;1001;4;B010;1;2605220173;S;COP;0
1083091;12002546;5001991736;CAJA DE POLLO;151,400;1.318.845;102;22/5/2026;22/5/2026;1001;4;B010;1;2605220173;H;COP;0
1083091;12002546;5001991832;CAJA DE POLLO;-165,300;-1.439.928;101;22/5/2026;22/5/2026;1001;4;B010;1;2605220173;S;COP;0
1083091;12002546;5001991837;CAJA DE POLLO;-150,500;-1.311.006;101;22/5/2026;22/5/2026;1001;4;B010;1;2605220173;S;COP;0
1083091;12002546;5001991840;CAJA DE POLLO;-151,400;-1.318.845;101;22/5/2026;22/5/2026;1001;4;B010;1;2605220173;S;COP;0
1083091;12002546;5001991850;CAJA DE POLLO;-132,600;-1.155.079;101;22/5/2026;22/5/2026;1001;4;B010;1;2605220173;S;COP;0
1083091;12002546;5001991859;CAJA DE POLLO;-165;-1.437.315;101;22/5/2026;22/5/2026;1001;4;B010;1;2605220173;S;COP;0
1083091;12002546;5001991861;CAJA DE POLLO;-151,600;-1.320.588;101;22/5/2026;22/5/2026;1001;4;B010;1;2605220173;S;COP;0
1083091;12002546;5001991864;CAJA DE POLLO;-149,800;-1.304.908;101;22/5/2026;22/5/2026;1001;4;B010;1;2605220173;S;COP;0
1083091;12002546;5001991866;CAJA DE POLLO;-160,700;-1.399.858;101;22/5/2026;22/5/2026;1001;4;B010;1;2605220173;S;COP;0
1083091;12002546;5001991868;CAJA DE POLLO;-150,300;-1.309.263;101;22/5/2026;22/5/2026;1001;4;B010;1;2605220173;S;COP;0
1083091;12002546;5001991872;CAJA DE POLLO;-168,600;-1.468.675;101;22/5/2026;22/5/2026;1001;4;B010;1;2605220173;S;COP;0
1083091;12002546;5001991874;CAJA DE POLLO;-139,900;-1.218.669;101;22/5/2026;22/5/2026;1001;4;B010;1;2605220173;S;COP;0
1083091;12002546;5001991881;CAJA DE POLLO;-157;-1.367.627;101;22/5/2026;22/5/2026;1001;4;B010;1;2605220173;S;COP;0
1083091;12002546;5001991883;CAJA DE POLLO;-147;-1.280.517;101;22/5/2026;22/5/2026;1001;4;B010;1;2605220173;S;COP;0
1083091;12002546;5001991897;CAJA DE POLLO;-156,500;-1.363.272;101;22/5/2026;22/5/2026;1001;4;B010;1;2605220173;S;COP;0
1083091;12002546;5001991902;CAJA DE POLLO;-144,600;-1.259.611;101;22/5/2026;22/5/2026;1001;4;B010;1;2605220173;S;COP;0
1083091;12002546;5001991904;CAJA DE POLLO;-90,600;-789.217;101;22/5/2026;22/5/2026;1001;4;B010;1;2605220173;S;COP;0
1083091;12002546;5001992274;CAJA DE POLLO;-137,400;-1.196.891;101;22/5/2026;22/5/2026;1001;4;B010;1;2605220173;S;COP;0
1083091;12002546;5001992288;CAJA DE POLLO;-136,900;-1.192.536;101;22/5/2026;22/5/2026;1001;4;B010;1;2605220173;S;COP;0
1083091;12002546;5001992302;CAJA DE POLLO;-141,900;-1.236.091;101;22/5/2026;22/5/2026;1001;4;B010;1;2605220173;S;COP;0
1083091;12002546;5001992308;CAJA DE POLLO;-148,300;-1.291.841;101;22/5/2026;22/5/2026;1001;4;B010;1;2605220173;S;COP;0
1083091;12002546;5001992312;CAJA DE POLLO;-154,600;-1.346.721;101;22/5/2026;22/5/2026;1001;4;B010;1;2605220173;S;COP;0
1083091;12002546;5001992315;CAJA DE POLLO;-157,900;-1.375.467;101;22/5/2026;22/5/2026;1001;4;B010;1;2605220173;S;COP;0
1083091;12002546;5001992318;CAJA DE POLLO;-138,500;-1.206.474;101;22/5/2026;22/5/2026;1001;4;B010;1;2605220173;S;COP;0
1083091;12002546;5001992320;CAJA DE POLLO;-140,600;-1.224.767;101;22/5/2026;22/5/2026;1001;4;B010;1;2605220173;S;COP;0
1083091;12002546;5001992325;CAJA DE POLLO;-144,500;-1.258.740;101;22/5/2026;22/5/2026;1001;4;B010;1;2605220173;S;COP;0
1083091;12002546;5001992327;CAJA DE POLLO;-136,400;-1.188.180;101;22/5/2026;22/5/2026;1001;4;B010;1;2605220173;S;COP;0
1083091;12002546;5001992332;CAJA DE POLLO;-138,200;-1.203.860;101;22/5/2026;22/5/2026;1001;4;B010;1;2605220173;S;COP;0
1083091;12002546;5001992341;CAJA DE POLLO;-144,400;-1.257.868;101;22/5/2026;22/5/2026;1001;4;B010;1;2605220173;S;COP;0
1083091;12002546;5001992346;CAJA DE POLLO;-136,900;-1.192.536;101;22/5/2026;22/5/2026;1001;4;B010;1;2605220173;S;COP;0
1083091;12002546;5001992348;CAJA DE POLLO;-148,800;-1.296.197;101;22/5/2026;22/5/2026;1001;4;B010;1;2605220173;S;COP;0
1083091;12002546;5001992475;CAJA DE POLLO;-125,400;-1.092.359;101;22/5/2026;22/5/2026;1001;4;B010;1;2605220173;S;COP;0
1083091;12002546;5001992480;CAJA DE POLLO;-159,400;-1.388.533;101;22/5/2026;22/5/2026;1001;4;B010;1;2605220173;S;COP;0
1083091;12002546;5001992497;CAJA DE POLLO;-155;-1.350.205;101;22/5/2026;22/5/2026;1001;4;B010;1;2605220173;S;COP;0
1083091;12002546;5001992503;CAJA DE POLLO;-157,400;-1.371.111;101;22/5/2026;22/5/2026;1001;4;B010;1;2605220173;S;COP;0
1083091;12002546;5001992512;CAJA DE POLLO;-142,500;-1.241.318;101;22/5/2026;22/5/2026;1001;4;B010;1;2605220173;S;COP;0
1083091;12002546;5001992535;CAJA DE POLLO;-151,100;-1.316.232;101;22/5/2026;22/5/2026;1001;4;B010;1;2605220173;S;COP;0
1083091;12002546;5001992582;CAJA DE POLLO;-162,900;-1.419.022;101;22/5/2026;22/5/2026;1001;4;B010;1;2605220173;S;COP;0
1083091;12002546;5001992586;CAJA DE POLLO;-164,900;-1.436.444;101;22/5/2026;22/5/2026;1001;4;B010;1;2605220173;S;COP;0
1083091;12002546;5001992608;CAJA DE POLLO;-130,700;-1.138.528;101;22/5/2026;22/5/2026;1001;4;B010;1;2605220173;S;COP;0
1083091;12002546;5001992624;CAJA DE POLLO;-157,400;-1.371.111;101;22/5/2026;22/5/2026;1001;4;B010;1;2605220173;S;COP;0
1083091;12002546;5001992626;CAJA DE POLLO;-158;-1.376.338;101;22/5/2026;22/5/2026;1001;4;B010;1;2605220173;S;COP;0
1083091;12002546;5001992628;CAJA DE POLLO;-137,800;-1.200.376;101;22/5/2026;22/5/2026;1001;4;B010;1;2605220173;S;COP;0
1083091;12002546;5001992633;CAJA DE POLLO;-140,700;-1.225.638;101;22/5/2026;22/5/2026;1001;4;B010;1;2605220173;S;COP;0
1083091;12002546;5001992762;CAJA DE POLLO;-128,800;-1.121.977;101;22/5/2026;22/5/2026;1001;4;B010;1;2605220173;S;COP;0
1083091;12002546;5001992765;CAJA DE POLLO;-141,400;-1.231.735;101;22/5/2026;22/5/2026;1001;4;B010;1;2605220173;S;COP;0
1083091;12002546;5001992769;CAJA DE POLLO;-140,800;-1.226.509;101;22/5/2026;22/5/2026;1001;4;B010;1;2605220173;S;COP;0
1083091;12002546;5001992772;CAJA DE POLLO;-119,200;-1.038.351;101;22/5/2026;22/5/2026;1001;4;B010;1;2605220173;S;COP;0
1083091;12002546;5001992779;CAJA DE POLLO;-119,100;-1.037.480;101;22/5/2026;22/5/2026;1001;4;B010;1;2605220173;S;COP;0
1083091;12002546;5001992780;CAJA DE POLLO;-125;-1.088.875;101;22/5/2026;22/5/2026;1001;4;B010;1;2605220173;S;COP;0
1083091;12002546;5001992799;CAJA DE POLLO;-144,300;-1.256.997;101;22/5/2026;22/5/2026;1001;4;B010;1;2605220173;S;COP;0
1083091;12002546;5001992807;CAJA DE POLLO;-125,100;-1.089.746;101;22/5/2026;22/5/2026;1001;4;B010;1;2605220173;S;COP;0
1083091;12002546;5001992812;CAJA DE POLLO;-137,500;-1.197.763;101;22/5/2026;22/5/2026;1001;4;B010;1;2605220173;S;COP;0
1083091;12002546;5001992816;CAJA DE POLLO;-127,400;-1.109.781;101;22/5/2026;22/5/2026;1001;4;B010;1;2605220173;S;COP;0
1083091;12002546;5001992818;CAJA DE POLLO;-135;-1.175.985;101;22/5/2026;22/5/2026;1001;4;B010;1;2605220173;S;COP;0
1083091;12002546;5001992821;CAJA DE POLLO;-131,900;-1.148.981;101;22/5/2026;22/5/2026;1001;4;B010;1;2605220173;S;COP;0
1083091;12002546;5001992822;CAJA DE POLLO;-136,900;-1.192.536;101;22/5/2026;22/5/2026;1001;4;B010;1;2605220173;S;COP;0
1083091;12002546;5001992825;CAJA DE POLLO;-147,800;-1.287.486;101;22/5/2026;22/5/2026;1001;4;B010;1;2605220173;S;COP;0
1083091;12002546;5001992830;CAJA DE POLLO;-145,800;-1.270.064;101;22/5/2026;22/5/2026;1001;4;B010;1;2605220173;S;COP;0
1083091;12002546;5001992871;CAJA DE POLLO;-133,800;-1.165.532;101;22/5/2026;22/5/2026;1001;4;B010;1;2605220173;S;COP;0
1083091;12002546;5001992872;CAJA DE POLLO;-135,200;-1.177.727;101;22/5/2026;22/5/2026;1001;4;B010;1;2605220173;S;COP;0
1083091;12002546;5001992873;CAJA DE POLLO;-121,500;-1.058.387;101;22/5/2026;22/5/2026;1001;4;B010;1;2605220173;S;COP;0
1083091;12002546;5001992882;CAJA DE POLLO;-136,700;-1.190.794;101;22/5/2026;22/5/2026;1001;4;B010;1;2605220173;S;COP;0
1083091;12002546;5001992883;CAJA DE POLLO;-141,500;-1.232.607;101;22/5/2026;22/5/2026;1001;4;B010;1;2605220173;S;COP;0
1083091;12002546;5001992884;CAJA DE POLLO;-145,800;-1.270.064;101;22/5/2026;22/5/2026;1001;4;B010;1;2605220173;S;COP;0
1083091;12002546;5001992885;CAJA DE POLLO;-172,500;-1.502.648;101;22/5/2026;22/5/2026;1001;4;B010;1;2605220173;S;COP;0
1083091;12002546;5001992887;CAJA DE POLLO;-143,400;-1.249.157;101;22/5/2026;22/5/2026;1001;4;B010;1;2605220173;S;COP;0
1083091;12002546;5001992888;CAJA DE POLLO;-148,900;-1.297.068;101;22/5/2026;22/5/2026;1001;4;B010;1;2605220173;S;COP;0
1083091;12002546;5001992891;CAJA DE POLLO;-144,900;-1.262.224;101;22/5/2026;22/5/2026;1001;4;B010;1;2605220173;S;COP;0
1083091;14002445;5001993069;PRESAS ORIGINAL CJX10BOL(18UN;-2.410;-72.321.690;101;22/5/2026;22/5/2026;1001;4;B010;1;2605220174;S;COP;0
1083091;14002447;5001993172;PRESAS CORTADAS CJ(180UN);-167;-50.003.474;101;23/5/2026;23/5/2026;1001;4;B010;1;2605220176;S;COP;0
1083092;11001117;4916498675;POLLO FRESCO CJX20UN;3.980;49.950.772;261;22/5/2026;22/5/2026;1001;1;B010;1;2605180808;H;COP;1951670
1083092;11001117;4916498694;POLLO FRESCO CJX20UN;-3.980;-49.950.772;262;22/5/2026;22/5/2026;1001;1;B010;1;2605180808;S;COP;1951670
1083092;11001689;4916498620;PRESAS CORTADAS DE POLLO MP;2.132,600;17.970.070;261;22/5/2026;22/5/2026;1001;1;B010;1;2605211366;H;COP;1951670
1083092;11001689;4916498704;PRESAS CORTADAS DE POLLO MP;555,200;4.678.319;261;22/5/2026;22/5/2026;1001;1;B010;1;2605210984;H;COP;1951670
1083092;11001689;4916498704;PRESAS CORTADAS DE POLLO MP;564,200;4.754.156;261;22/5/2026;22/5/2026;1001;1;B010;2;2605211366;H;COP;1951670
1083092;11001689;4916503156;PRESAS CORTADAS DE POLLO MP;911,800;7.375.086;261;22/5/2026;22/5/2026;1001;1;B010;1;2605220584;H;COP;1951670
1083092;11001689;4916503743;PRESAS CORTADAS DE POLLO MP;478,400;3.869.534;261;22/5/2026;22/5/2026;1001;1;B010;1;2605220584;H;COP;1951670
1083092;11001689;4916504016;PRESAS CORTADAS DE POLLO MP;440,400;3.562.171;261;22/5/2026;22/5/2026;1001;1;B010;1;2605220584;H;COP;1951670
1083092;11001689;4916505703;PRESAS CORTADAS DE POLLO MP;144,800;1.207.517;261;22/5/2026;22/5/2026;1001;1;B010;1;2605220584;H;COP;1951670
1083092;11001689;4916506691;PRESAS CORTADAS DE POLLO MP;445,400;3.710.810;261;22/5/2026;22/5/2026;1001;1;B010;1;2605220584;H;COP;1951670
1083092;11001689;4916506962;PRESAS CORTADAS DE POLLO MP;446,800;3.722.474;261;22/5/2026;22/5/2026;1001;1;B010;1;2605220584;H;COP;1951670
1083092;11001689;4916508492;PRESAS CORTADAS DE POLLO MP;-200;-1.666.282;262;22/5/2026;22/5/2026;1001;1;B010;1;2605220584;S;COP;1951670
1083092;12001209;4916507503;SALMUERA CRISPY;1.148,800;2.081.625;261;22/5/2026;22/5/2026;1001;1;B010;1;2605220195;H;COP;1951670
1083092;18001588;4916507503;BOLSA POLLO CRISPY  BTOX2500UN;2.500;264.411;261;22/5/2026;22/5/2026;1001;1;B010;2;2605061117;H;COP;1951670
1083092;18001602;4916495939;ETIQUETA TERMICA CJX4ROLX2605UN;200;9.600;261;22/5/2026;22/5/2026;1001;1;B010;1;2604290726;H;COP;1951670
1083092;18001602;4916495963;ETIQUETA TERMICA CJX4ROLX2605UN;200;9.600;261;22/5/2026;22/5/2026;1001;1;B010;1;2604290726;H;COP;1951670
1083092;18001602;4916495968;ETIQUETA TERMICA CJX4ROLX2605UN;200;9.600;261;22/5/2026;22/5/2026;1001;1;B010;1;2604290726;H;COP;1951670
1083092;18001602;4916495970;ETIQUETA TERMICA CJX4ROLX2605UN;200;9.600;261;22/5/2026;22/5/2026;1001;1;B010;1;2604290726;H;COP;1951670
1083092;18001602;4916497296;ETIQUETA TERMICA CJX4ROLX2605UN;200;9.600;261;22/5/2026;22/5/2026;1001;1;B010;1;2604290726;H;COP;1951670
1083092;18001602;4916497297;ETIQUETA TERMICA CJX4ROLX2605UN;200;9.600;261;22/5/2026;22/5/2026;1001;1;B010;1;2604290726;H;COP;1951670
1083092;18001602;4916497324;ETIQUETA TERMICA CJX4ROLX2605UN;200;9.600;261;22/5/2026;22/5/2026;1001;1;B010;1;2604290726;H;COP;1951670
1083092;18001602;4916499123;ETIQUETA TERMICA CJX4ROLX2605UN;200;9.600;261;22/5/2026;22/5/2026;1001;1;B010;1;2604290726;H;COP;1951670
1083092;18001602;4916499144;ETIQUETA TERMICA CJX4ROLX2605UN;200;9.600;261;22/5/2026;22/5/2026;1001;1;B010;1;2604290726;H;COP;1951670
1083092;18001602;4916500491;ETIQUETA TERMICA CJX4ROLX2605UN;200;9.600;261;22/5/2026;22/5/2026;1001;1;B010;1;2604290726;H;COP;1951670
1083092;18001602;4916500495;ETIQUETA TERMICA CJX4ROLX2605UN;200;9.600;261;22/5/2026;22/5/2026;1001;1;B010;1;2604290726;H;COP;1951670
1083092;18001602;4916500497;ETIQUETA TERMICA CJX4ROLX2605UN;200;9.600;261;22/5/2026;22/5/2026;1001;1;B010;1;2604290726;H;COP;1951670
1083092;18001602;4916501053;ETIQUETA TERMICA CJX4ROLX2605UN;100;4.800;261;22/5/2026;22/5/2026;1001;1;B010;1;2604290726;H;COP;1951670
1083092;18001602;4916502798;ETIQUETA TERMICA CJX4ROLX2605UN;200;9.600;261;22/5/2026;22/5/2026;1001;1;B010;1;2605081380;H;COP;1951670
1083092;18001602;4916502799;ETIQUETA TERMICA CJX4ROLX2605UN;200;9.600;261;22/5/2026;22/5/2026;1001;1;B010;1;2605081380;H;COP;1951670
1083092;18001602;4916502801;ETIQUETA TERMICA CJX4ROLX2605UN;200;9.600;261;22/5/2026;22/5/2026;1001;1;B010;1;2605081380;H;COP;1951670
1083092;18001602;4916509557;ETIQUETA TERMICA CJX4ROLX2605UN;-1.500;-71.998;262;23/5/2026;23/5/2026;1001;1;B010;1;2604290726;S;COP;1951670
1083092;18001612;4916507503;CINTA DE RESINA 110*450M ROLX45000CM;17.500;0;261;22/5/2026;22/5/2026;1001;1;B010;3;2603311297;H;COP;1951670
1083092;18001590;4916507503;BOLSA FUNDA PERFORADA BTOX10BOLX100UN;500;114.927;261;22/5/2026;22/5/2026;1001;2;B010;4;2604291332;H;COP;0
1083092;14002444;5001992894;PRESAS CRISPY CJX10BOL(18UN);-234;-6.316.362;101;22/5/2026;22/5/2026;1001;4;B010;1;2605220182;S;COP;0
1083092;14002444;5001992896;PRESAS CRISPY CJX10BOL(18UN);-2.106;-56.847.258;101;22/5/2026;22/5/2026;1001;4;B010;1;2605220182;S;COP;0
1083093;11001117;4916499285;POLLO FRESCO CJX20UN;3.980;49.950.772;261;22/5/2026;22/5/2026;1001;1;B010;1;2605180808;H;COP;1951671
1083093;12001209;4916501900;SALMUERA CRISPY;344,640;624.488;261;22/5/2026;22/5/2026;1001;1;B010;1;2605210147;H;COP;1951671
1083093;13000368;4916499820;GRASA DE POLLO;-18,900;-5.670;531;22/5/2026;22/5/2026;1001;1;B010;1;2605220187;S;COP;1951671
1083093;13000371;4916499806;PUNTILLAS;-20;-4.000;531;22/5/2026;22/5/2026;1001;1;B010;1;2605220187;S;COP;1951671
1083093;13000371;4916499807;PUNTILLAS;-20;-4.000;531;22/5/2026;22/5/2026;1001;1;B010;1;2605220187;S;COP;1951671
1083093;18001585;4916509556;BOLSA FUNDA BTOX10BOLX100UN;15;3.234;261;23/5/2026;23/5/2026;1001;1;B010;1;2604151095;H;COP;1951671
1083093;18001588;4916501900;BOLSA POLLO CRISPY  BTOX2500UN;1.000;105.765;261;22/5/2026;22/5/2026;1001;1;B010;2;2604291273;H;COP;1951671
1083093;18001596;4916496255;ETIQUETA COLORES CJX6ROLX3800UN;1;100;261;22/5/2026;22/5/2026;1001;1;B010;1;2404011303;H;COP;1951671
1083093;18001596;4916496260;ETIQUETA COLORES CJX6ROLX3800UN;1;100;261;22/5/2026;22/5/2026;1001;1;B010;1;2404011303;H;COP;1951671
1083093;18001596;4916496262;ETIQUETA COLORES CJX6ROLX3800UN;1;100;261;22/5/2026;22/5/2026;1001;1;B010;1;2404011303;H;COP;1951671
1083093;18001596;4916497273;ETIQUETA COLORES CJX6ROLX3800UN;1;100;261;22/5/2026;22/5/2026;1001;1;B010;1;2404011303;H;COP;1951671
1083093;18001596;4916497306;ETIQUETA COLORES CJX6ROLX3800UN;1;100;261;22/5/2026;22/5/2026;1001;1;B010;1;2404011303;H;COP;1951671
1083093;18001596;4916497341;ETIQUETA COLORES CJX6ROLX3800UN;1;100;261;22/5/2026;22/5/2026;1001;1;B010;1;2404011303;H;COP;1951671
1083093;18001596;4916497376;ETIQUETA COLORES CJX6ROLX3800UN;1;100;261;22/5/2026;22/5/2026;1001;1;B010;1;2404011303;H;COP;1951671
1083093;18001596;4916497401;ETIQUETA COLORES CJX6ROLX3800UN;1;100;261;22/5/2026;22/5/2026;1001;1;B010;1;2404011303;H;COP;1951671
1083093;18001596;4916497412;ETIQUETA COLORES CJX6ROLX3800UN;1;100;261;22/5/2026;22/5/2026;1001;1;B010;1;2404011303;H;COP;1951671
1083093;18001596;4916497432;ETIQUETA COLORES CJX6ROLX3800UN;1;100;261;22/5/2026;22/5/2026;1001;1;B010;1;2404011303;H;COP;1951671
1083093;18001596;4916497447;ETIQUETA COLORES CJX6ROLX3800UN;1;100;261;22/5/2026;22/5/2026;1001;1;B010;1;2404011303;H;COP;1951671
1083093;18001596;4916497597;ETIQUETA COLORES CJX6ROLX3800UN;1;100;261;22/5/2026;22/5/2026;1001;1;B010;1;2404011303;H;COP;1951671
1083093;18001596;4916497605;ETIQUETA COLORES CJX6ROLX3800UN;1;100;261;22/5/2026;22/5/2026;1001;1;B010;1;2404011303;H;COP;1951671
1083093;18001596;4916498540;ETIQUETA COLORES CJX6ROLX3800UN;1;100;261;22/5/2026;22/5/2026;1001;1;B010;1;2404011303;H;COP;1951671
1083093;18001596;4916498559;ETIQUETA COLORES CJX6ROLX3800UN;1;100;261;22/5/2026;22/5/2026;1001;1;B010;1;2404011303;H;COP;1951671
1083093;18001596;4916498591;ETIQUETA COLORES CJX6ROLX3800UN;1;100;261;22/5/2026;22/5/2026;1001;1;B010;1;2404011303;H;COP;1951671
1083093;18001596;4916498624;ETIQUETA COLORES CJX6ROLX3800UN;1;100;261;22/5/2026;22/5/2026;1001;1;B010;1;2404011303;H;COP;1951671
1083093;18001596;4916498648;ETIQUETA COLORES CJX6ROLX3800UN;1;100;261;22/5/2026;22/5/2026;1001;1;B010;1;2404011303;H;COP;1951671
1083093;18001596;4916499240;ETIQUETA COLORES CJX6ROLX3800UN;1;100;261;22/5/2026;22/5/2026;1001;1;B010;1;2404011303;H;COP;1951671
1083093;18001596;4916499260;ETIQUETA COLORES CJX6ROLX3800UN;1;100;261;22/5/2026;22/5/2026;1001;1;B010;1;2404011303;H;COP;1951671
1083093;18001596;4916499291;ETIQUETA COLORES CJX6ROLX3800UN;1;100;261;22/5/2026;22/5/2026;1001;1;B010;1;2404011303;H;COP;1951671
1083093;18001596;4916499412;ETIQUETA COLORES CJX6ROLX3800UN;1;100;261;22/5/2026;22/5/2026;1001;1;B010;1;2404011303;H;COP;1951671
1083093;18001596;4916499440;ETIQUETA COLORES CJX6ROLX3800UN;1;100;261;22/5/2026;22/5/2026;1001;1;B010;1;2404011303;H;COP;1951671
1083093;18001596;4916499520;ETIQUETA COLORES CJX6ROLX3800UN;1;100;261;22/5/2026;22/5/2026;1001;1;B010;1;2404011303;H;COP;1951671
1083093;18001596;4916499800;ETIQUETA COLORES CJX6ROLX3800UN;2;200;261;22/5/2026;22/5/2026;1001;1;B010;1;2404011303;H;COP;1951671
1083093;18001596;4916499819;ETIQUETA COLORES CJX6ROLX3800UN;1;100;261;22/5/2026;22/5/2026;1001;1;B010;1;2404011303;H;COP;1951671
1083093;18001602;4916498217;ETIQUETA TERMICA CJX4ROLX2605UN;200;9.600;261;22/5/2026;22/5/2026;1001;1;B010;1;2604290726;H;COP;1951671
1083093;18001602;4916498224;ETIQUETA TERMICA CJX4ROLX2605UN;200;9.600;261;22/5/2026;22/5/2026;1001;1;B010;1;2604290726;H;COP;1951671
1083093;18001602;4916498229;ETIQUETA TERMICA CJX4ROLX2605UN;200;9.600;261;22/5/2026;22/5/2026;1001;1;B010;1;2604290726;H;COP;1951671
1083093;18001602;4916498663;ETIQUETA TERMICA CJX4ROLX2605UN;200;9.600;261;22/5/2026;22/5/2026;1001;1;B010;1;2604290726;H;COP;1951671
1083093;18001602;4916500443;ETIQUETA TERMICA CJX4ROLX2605UN;200;9.600;261;22/5/2026;22/5/2026;1001;1;B010;1;2604290726;H;COP;1951671
1083093;18001602;4916501094;ETIQUETA TERMICA CJX4ROLX2605UN;100;4.800;261;22/5/2026;22/5/2026;1001;1;B010;1;2604290726;H;COP;1951671
1083093;18001612;4916501900;CINTA DE RESINA 110*450M ROLX45000CM;7.000;0;261;22/5/2026;22/5/2026;1001;1;B010;3;2603311297;H;COP;1951671
1083093;18001612;4916509556;CINTA DE RESINA 110*450M ROLX45000CM;3.245,800;0;261;23/5/2026;23/5/2026;1001;1;B010;2;2603311297;H;COP;1951671
1083093;18001590;4916501900;BOLSA FUNDA PERFORADA BTOX10BOLX100UN;300;68.956;261;22/5/2026;22/5/2026;1001;2;B010;4;2604291332;H;COP;0
1083093;12002532;5001991786;ALAS CORTADAS POLLO;-98,900;-1.050.714;101;22/5/2026;22/5/2026;1001;4;B010;1;2605220192;S;COP;0
1083093;12002532;5001991788;ALAS CORTADAS POLLO;-89,700;-952.973;101;22/5/2026;22/5/2026;1001;4;B010;1;2605220192;S;COP;0
1083093;12002532;5001992077;ALAS CORTADAS POLLO;-135,400;-1.438.490;101;22/5/2026;22/5/2026;1001;4;B010;1;2605220192;S;COP;0
1083093;12002532;5001992087;ALAS CORTADAS POLLO;-129,700;-1.377.933;101;22/5/2026;22/5/2026;1001;4;B010;1;2605220192;S;COP;0
1083093;12002546;5001991735;CAJA DE POLLO;-151,400;-1.318.845;101;22/5/2026;22/5/2026;1001;4;B010;1;2605220187;S;COP;0
1083093;12002546;5001991739;CAJA DE POLLO;-173;-1.507.003;101;22/5/2026;22/5/2026;1001;4;B010;1;2605220187;S;COP;0
1083093;12002546;5001991742;CAJA DE POLLO;-161,200;-1.404.213;101;22/5/2026;22/5/2026;1001;4;B010;1;2605220187;S;COP;0
1083093;12002546;5001991745;CAJA DE POLLO;-150,100;-1.307.521;101;22/5/2026;22/5/2026;1001;4;B010;1;2605220187;S;COP;0
1083093;12002546;5001991761;CAJA DE POLLO;-148;-1.289.228;101;22/5/2026;22/5/2026;1001;4;B010;1;2605220187;S;COP;0
1083093;12002546;5001991765;CAJA DE POLLO;-150,900;-1.314.490;101;22/5/2026;22/5/2026;1001;4;B010;1;2605220187;S;COP;0
1083093;12002546;5001991944;CAJA DE POLLO;-154,900;-1.349.334;101;22/5/2026;22/5/2026;1001;4;B010;1;2605220187;S;COP;0
1083093;12002546;5001991949;CAJA DE POLLO;-156,500;-1.363.272;101;22/5/2026;22/5/2026;1001;4;B010;1;2605220187;S;COP;0
1083093;12002546;5001991955;CAJA DE POLLO;-160,600;-1.398.987;101;22/5/2026;22/5/2026;1001;4;B010;1;2605220187;S;COP;0
1083093;12002546;5001991958;CAJA DE POLLO;-159,400;-1.388.533;101;22/5/2026;22/5/2026;1001;4;B010;1;2605220187;S;COP;0
1083093;12002546;5001991962;CAJA DE POLLO;-145,900;-1.270.935;101;22/5/2026;22/5/2026;1001;4;B010;1;2605220187;S;COP;0
1083093;12002546;5001992045;CAJA DE POLLO;-141,400;-1.231.735;101;22/5/2026;22/5/2026;1001;4;B010;1;2605220187;S;COP;0
1083093;12002546;5001992050;CAJA DE POLLO;-138;-1.202.118;101;22/5/2026;22/5/2026;1001;4;B010;1;2605220187;S;COP;0
1083093;12002546;5001992055;CAJA DE POLLO;-154,200;-1.343.236;101;22/5/2026;22/5/2026;1001;4;B010;1;2605220187;S;COP;0
1083093;12002546;5001992067;CAJA DE POLLO;-153,200;-1.334.525;101;22/5/2026;22/5/2026;1001;4;B010;1;2605220187;S;COP;0
1083093;14002439;5001991767;ALAS ENTERAS POLLO;-89,700;-808.735;101;22/5/2026;22/5/2026;1001;4;B010;1;2605220191;S;COP;0
1083093;14002439;5001991770;ALAS ENTERAS POLLO;-98,900;-891.682;101;22/5/2026;22/5/2026;1001;4;B010;1;2605220191;S;COP;0
1083093;14002439;5001991797;ALAS ENTERAS POLLO;89,700;808.735;102;22/5/2026;22/5/2026;1001;4;B010;1;2605220191;H;COP;0
1083093;14002439;5001991799;ALAS ENTERAS POLLO;98,900;891.682;102;22/5/2026;22/5/2026;1001;4;B010;1;2605220191;H;COP;0
1083093;14002444;5001992377;PRESAS CRISPY CJX10BOL(18UN);-870;-23.483.910;101;22/5/2026;22/5/2026;1001;4;B010;1;2605220189;S;COP;0
1083094;12002517;4916500795;MIX DE SALMUERA CRISPY;148,800;1.933.954;261;22/5/2026;22/5/2026;1001;1;B010;1;2605220377;H;COP;1951672
1083094;18001596;4916500804;ETIQUETA COLORES CJX6ROLX3800UN;1;100;261;22/5/2026;22/5/2026;1001;1;B010;1;2404011303;H;COP;1951672
1083094;11001377;4916509519;HIELO BOL(12KG);50;350.000;261;23/5/2026;23/5/2026;1001;2;B010;1;2605201228;H;COP;0
1083094;12001209;4916500815;SALMUERA CRISPY;-1.148,800;-2.081.626;101;22/5/2026;22/5/2026;1001;4;B010;1;2605220195;S;COP;0
1083095;12002516;4916500800;MIX DE SALMUERA ORIGINAL;80,160;963.363;261;22/5/2026;22/5/2026;1001;1;B010;1;2605180806;H;COP;1951673
1083095;18001596;4916500808;ETIQUETA COLORES CJX6ROLX3800UN;1;100;261;22/5/2026;22/5/2026;1001;1;B010;1;2404011303;H;COP;1951673
1083095;11001377;4916509530;HIELO BOL(12KG);45;315.000;261;23/5/2026;23/5/2026;1001;2;B010;1;2605201228;H;COP;0
1083095;12001211;4916500846;SALMUERA IMOR;-1.280,160;-1.127.821;101;22/5/2026;22/5/2026;1001;4;B010;1;2605220199;S;COP;0
1083096;12002546;4916496053;CAJA DE POLLO;171,300;1.492.194;261;22/5/2026;22/5/2026;1001;1;B010;1;2605160078;H;COP;1951683
1083096;12002546;4916496055;CAJA DE POLLO;179,700;1.565.367;261;22/5/2026;22/5/2026;1001;1;B010;1;2605160078;H;COP;1951683
1083096;12002546;4916496056;CAJA DE POLLO;179,500;1.563.625;261;22/5/2026;22/5/2026;1001;1;B010;1;2605160078;H;COP;1951683
1083096;12002546;4916496057;CAJA DE POLLO;175,200;1.526.167;261;22/5/2026;22/5/2026;1001;1;B010;1;2605160078;H;COP;1951683
1083096;12002546;4916496059;CAJA DE POLLO;184;1.602.824;261;22/5/2026;22/5/2026;1001;1;B010;1;2605160078;H;COP;1951683
1083096;12002546;4916496061;CAJA DE POLLO;158,300;1.378.951;261;22/5/2026;22/5/2026;1001;1;B010;1;2605160078;H;COP;1951683
1083096;12002546;4916496063;CAJA DE POLLO;180,700;1.574.078;261;22/5/2026;22/5/2026;1001;1;B010;1;2605160078;H;COP;1951683
1083096;12002546;4916496064;CAJA DE POLLO;171,900;1.497.421;261;22/5/2026;22/5/2026;1001;1;B010;1;2605160078;H;COP;1951683
1083096;12002546;4916496065;CAJA DE POLLO;164,400;1.432.088;261;22/5/2026;22/5/2026;1001;1;B010;1;2605160078;H;COP;1951683
1083096;12002546;4916496067;CAJA DE POLLO;178,600;1.555.785;261;22/5/2026;22/5/2026;1001;1;B010;1;2605160078;H;COP;1951683
1083096;12002546;4916496073;CAJA DE POLLO;173,300;1.509.616;261;22/5/2026;22/5/2026;1001;1;B010;1;2605160078;H;COP;1951683
1083096;12002546;4916496074;CAJA DE POLLO;163,500;1.424.249;261;22/5/2026;22/5/2026;1001;1;B010;1;2605160078;H;COP;1951683
1083096;12002546;4916496696;CAJA DE POLLO;666;5.801.526;261;22/5/2026;22/5/2026;1001;1;B010;1;2605180195;H;COP;1951683
1083096;12002546;4916497952;CAJA DE POLLO;167,700;1.460.835;261;22/5/2026;22/5/2026;1001;1;B010;1;2605180195;H;COP;1951683
1083096;12002546;4916498146;CAJA DE POLLO;166,500;1.450.382;261;22/5/2026;22/5/2026;1001;1;B010;1;2605180195;H;COP;1951683
1083096;12002546;4916498149;CAJA DE POLLO;171,400;1.493.065;261;22/5/2026;22/5/2026;1001;1;B010;1;2605180195;H;COP;1951683
1083096;12002546;4916499672;CAJA DE POLLO;178,100;1.551.429;261;22/5/2026;22/5/2026;1001;1;B010;1;2605200252;H;COP;1951683
1083096;12002546;4916500799;CAJA DE POLLO;517,200;4.505.329;261;22/5/2026;22/5/2026;1001;1;B010;1;2605190155;H;COP;1951683
1083096;12002546;4916501257;CAJA DE POLLO;132,300;1.152.465;261;22/5/2026;22/5/2026;1001;1;B010;1;2605210132;H;COP;1951683
1083096;12002546;4916501258;CAJA DE POLLO;127,800;1.113.266;261;22/5/2026;22/5/2026;1001;1;B010;1;2605210132;H;COP;1951683
1083096;12002546;4916501261;CAJA DE POLLO;141,600;1.233.478;261;22/5/2026;22/5/2026;1001;1;B010;1;2605210132;H;COP;1951683
1083096;12002546;4916501533;CAJA DE POLLO;162,600;1.416.409;261;22/5/2026;22/5/2026;1001;1;B010;1;2605210132;H;COP;1951683
1083096;12002546;4916501538;CAJA DE POLLO;159,600;1.390.276;261;22/5/2026;22/5/2026;1001;1;B010;1;2605210132;H;COP;1951683
1083096;12002546;4916502443;CAJA DE POLLO;144,800;1.261.353;261;22/5/2026;22/5/2026;1001;1;B010;1;2605210132;H;COP;1951683
1083096;12002546;4916502446;CAJA DE POLLO;146,600;1.277.033;261;22/5/2026;22/5/2026;1001;1;B010;1;2605210132;H;COP;1951683
1083096;12002546;4916502525;CAJA DE POLLO;143,400;1.249.157;261;22/5/2026;22/5/2026;1001;1;B010;1;2605210132;H;COP;1951683
1083096;12002546;4916502973;CAJA DE POLLO;169,400;1.475.643;261;22/5/2026;22/5/2026;1001;1;B010;1;2605190155;H;COP;1951683
1083096;12002546;4916503264;CAJA DE POLLO;169,400;1.475.643;261;22/5/2026;22/5/2026;1001;1;B010;1;2605190155;H;COP;1951683
1083096;12002546;4916503268;CAJA DE POLLO;138,600;1.207.345;261;22/5/2026;22/5/2026;1001;1;B010;1;2605210132;H;COP;1951683
1083096;12002546;4916503699;CAJA DE POLLO;135;1.175.985;261;22/5/2026;22/5/2026;1001;1;B010;1;2605210132;H;COP;1951683
1083096;12002546;4916503707;CAJA DE POLLO;148,600;1.294.455;261;22/5/2026;22/5/2026;1001;1;B010;1;2605210132;H;COP;1951683
1083096;12002546;4916503801;CAJA DE POLLO;175,600;1.529.652;261;22/5/2026;22/5/2026;1001;1;B010;1;2605210132;H;COP;1951683
1083096;12002546;4916503806;CAJA DE POLLO;151,500;1.319.717;261;22/5/2026;22/5/2026;1001;1;B010;1;2605210132;H;COP;1951683
1083096;12002546;4916504959;CAJA DE POLLO;142,500;1.241.318;261;22/5/2026;22/5/2026;1001;1;B010;1;2605210132;H;COP;1951683
1083096;12002546;4916504964;CAJA DE POLLO;139,900;1.218.669;261;22/5/2026;22/5/2026;1001;1;B010;1;2605210132;H;COP;1951683
1083096;12002546;4916504971;CAJA DE POLLO;141,800;1.235.220;261;22/5/2026;22/5/2026;1001;1;B010;1;2605210132;H;COP;1951683
1083096;12002546;4916505975;CAJA DE POLLO;149,700;1.304.037;261;22/5/2026;22/5/2026;1001;1;B010;1;2605210132;H;COP;1951683
1083096;12002546;4916505983;CAJA DE POLLO;143,600;1.250.900;261;22/5/2026;22/5/2026;1001;1;B010;1;2605210132;H;COP;1951683
1083096;12002546;4916505996;CAJA DE POLLO;123,800;1.078.422;261;22/5/2026;22/5/2026;1001;1;B010;1;2605210132;H;COP;1951683
1083096;12002546;4916506533;CAJA DE POLLO;113,900;992.183;261;22/5/2026;22/5/2026;1001;1;B010;1;2605210132;H;COP;1951683
1083096;12002546;4916506539;CAJA DE POLLO;141,500;1.232.607;261;22/5/2026;22/5/2026;1001;1;B010;1;2605210132;H;COP;1951683
1083096;12002546;4916507032;CAJA DE POLLO;157,900;1.375.467;261;22/5/2026;22/5/2026;1001;1;B010;1;2605210132;H;COP;1951683
1083096;12002546;4916507072;CAJA DE POLLO;164,200;1.430.346;261;22/5/2026;22/5/2026;1001;1;B010;1;2605210132;H;COP;1951683
1083096;12002546;4916507182;CAJA DE POLLO;147,800;1.287.486;261;22/5/2026;22/5/2026;1001;1;B010;1;2605210140;H;COP;1951683
1083096;12002546;4916507214;CAJA DE POLLO;172,500;1.502.648;261;22/5/2026;22/5/2026;1001;1;B010;1;2605210132;H;COP;1951683
1083096;12002546;4916507729;CAJA DE POLLO;158,100;1.377.209;261;22/5/2026;22/5/2026;1001;1;B010;1;2605210132;H;COP;1951683
1083096;12002546;4916507889;CAJA DE POLLO;135,400;1.179.469;261;22/5/2026;22/5/2026;1001;1;B010;1;2605210132;H;COP;1951683
1083096;12002546;4916508072;CAJA DE POLLO;157,900;1.375.467;261;22/5/2026;22/5/2026;1001;1;B010;1;2605210132;H;COP;1951683
1083096;12002546;4916514846;CAJA DE POLLO;3,100;27.004;261;23/5/2026;23/5/2026;1001;1;B010;1;2605090166;H;COP;1951683
1083096;12002546;4916514846;CAJA DE POLLO;75,700;659.423;261;23/5/2026;23/5/2026;1001;1;B010;2;2605110121;H;COP;1951683
1083096;12002546;4916514846;CAJA DE POLLO;154;1.341.494;261;23/5/2026;23/5/2026;1001;1;B010;5;2605150116;H;COP;1951683
1083096;12002546;4916514846;CAJA DE POLLO;91,900;800.541;261;23/5/2026;23/5/2026;1001;1;B010;6;2605160078;H;COP;1951683
1083096;12002546;4916514846;CAJA DE POLLO;72,100;628.063;261;23/5/2026;23/5/2026;1001;1;B010;7;2605180195;H;COP;1951683
1083096;12002546;4916514846;CAJA DE POLLO;347,100;3.023.588;261;23/5/2026;23/5/2026;1001;1;B010;8;2605190155;H;COP;1951683
1083096;13000367;4916497501;COSTILLA DE POLLO;-140;-182.000;531;22/5/2026;22/5/2026;1001;1;B010;1;2605220225;S;COP;1951683
1083096;13000367;4916497503;COSTILLA DE POLLO;-140;-182.000;531;22/5/2026;22/5/2026;1001;1;B010;1;2605220225;S;COP;1951683
1083096;13000367;4916497504;COSTILLA DE POLLO;-140;-182.000;531;22/5/2026;22/5/2026;1001;1;B010;1;2605220225;S;COP;1951683
1083096;13000367;4916497756;COSTILLA DE POLLO;-140;-182.000;531;22/5/2026;22/5/2026;1001;1;B010;1;2605220225;S;COP;1951683
1083096;13000367;4916497757;COSTILLA DE POLLO;-140;-182.000;531;22/5/2026;22/5/2026;1001;1;B010;1;2605220225;S;COP;1951683
1083096;13000367;4916497758;COSTILLA DE POLLO;-140;-182.000;531;22/5/2026;22/5/2026;1001;1;B010;1;2605220225;S;COP;1951683
1083096;13000367;4916500557;COSTILLA DE POLLO;-140;-182.000;531;22/5/2026;22/5/2026;1001;1;B010;1;2605220225;S;COP;1951683
1083096;13000367;4916500558;COSTILLA DE POLLO;-140;-182.000;531;22/5/2026;22/5/2026;1001;1;B010;1;2605220225;S;COP;1951683
1083096;13000367;4916500559;COSTILLA DE POLLO;-140;-182.000;531;22/5/2026;22/5/2026;1001;1;B010;1;2605220225;S;COP;1951683
1083096;13000367;4916501096;COSTILLA DE POLLO;-140;-182.000;531;22/5/2026;22/5/2026;1001;1;B010;1;2605220225;S;COP;1951683
1083096;13000367;4916502387;COSTILLA DE POLLO;-140;-182.000;531;22/5/2026;22/5/2026;1001;1;B010;1;2605220225;S;COP;1951683
1083096;13000367;4916503908;COSTILLA DE POLLO;-140;-182.000;531;22/5/2026;22/5/2026;1001;1;B010;1;2605220225;S;COP;1951683
1083096;13000367;4916503937;COSTILLA DE POLLO;-140;-182.000;531;22/5/2026;22/5/2026;1001;1;B010;1;2605220225;S;COP;1951683
1083096;13000367;4916505288;COSTILLA DE POLLO;-140;-182.000;531;22/5/2026;22/5/2026;1001;1;B010;1;2605220225;S;COP;1951683
1083096;13000367;4916505804;COSTILLA DE POLLO;-140;-182.000;531;22/5/2026;22/5/2026;1001;1;B010;1;2605220225;S;COP;1951683
1083096;13000367;4916507219;COSTILLA DE POLLO;-140;-182.000;531;22/5/2026;22/5/2026;1001;1;B010;1;2605220225;S;COP;1951683
1083096;13000367;4916507265;COSTILLA DE POLLO;-140;-182.000;531;22/5/2026;22/5/2026;1001;1;B010;1;2605220225;S;COP;1951683
1083096;13000367;4916508046;COSTILLA DE POLLO;-140;-182.000;531;22/5/2026;22/5/2026;1001;1;B010;1;2605220225;S;COP;1951683
1083096;13000367;4916508222;COSTILLA DE POLLO;-100;-130.000;531;22/5/2026;22/5/2026;1001;1;B010;1;2605220225;S;COP;1951683
1083096;13000369;4916500227;PIEL DE POLLO;-140;-98.000;531;22/5/2026;22/5/2026;1001;1;B010;1;2605220225;S;COP;1951683
1083096;13000369;4916500228;PIEL DE POLLO;-140;-98.000;531;22/5/2026;22/5/2026;1001;1;B010;1;2605220225;S;COP;1951683
1083096;13000369;4916503901;PIEL DE POLLO;-140;-98.000;531;22/5/2026;22/5/2026;1001;1;B010;1;2605220225;S;COP;1951683
1083096;13000369;4916505771;PIEL DE POLLO;-140;-98.000;531;22/5/2026;22/5/2026;1001;1;B010;1;2605220225;S;COP;1951683
1083096;13000369;4916508062;PIEL DE POLLO;-140;-98.000;531;22/5/2026;22/5/2026;1001;1;B010;1;2605220225;S;COP;1951683
1083096;13000369;4916508258;PIEL DE POLLO;-133,400;-93.380;531;22/5/2026;22/5/2026;1001;1;B010;1;2605220225;S;COP;1951683
1083096;18001585;4916514846;BOLSA FUNDA BTOX10BOLX100UN;210;45.276;261;23/5/2026;23/5/2026;1001;1;B010;3;2604151095;H;COP;1951683
1083096;18001596;4916497500;ETIQUETA COLORES CJX6ROLX3800UN;3;300;261;22/5/2026;22/5/2026;1001;1;B010;1;2404011303;H;COP;1951683
1083096;18001596;4916497509;ETIQUETA COLORES CJX6ROLX3800UN;21;2.100;261;22/5/2026;22/5/2026;1001;1;B010;1;2404011303;H;COP;1951683
1083096;18001596;4916497559;ETIQUETA COLORES CJX6ROLX3800UN;21;2.100;261;22/5/2026;22/5/2026;1001;1;B010;1;2404011303;H;COP;1951683
1083096;18001596;4916497723;ETIQUETA COLORES CJX6ROLX3800UN;1;100;261;22/5/2026;22/5/2026;1001;1;B010;1;2404011303;H;COP;1951683
1083096;18001596;4916497728;ETIQUETA COLORES CJX6ROLX3800UN;1;100;261;22/5/2026;22/5/2026;1001;1;B010;1;2404011303;H;COP;1951683
1083096;18001596;4916497749;ETIQUETA COLORES CJX6ROLX3800UN;1;100;261;22/5/2026;22/5/2026;1001;1;B010;1;2404011303;H;COP;1951683
1083096;18001596;4916497753;ETIQUETA COLORES CJX6ROLX3800UN;1;100;261;22/5/2026;22/5/2026;1001;1;B010;1;2404011303;H;COP;1951683
1083096;18001596;4916497755;ETIQUETA COLORES CJX6ROLX3800UN;3;300;261;22/5/2026;22/5/2026;1001;1;B010;1;2404011303;H;COP;1951683
1083096;18001596;4916497770;ETIQUETA COLORES CJX6ROLX3800UN;21;2.100;261;22/5/2026;22/5/2026;1001;1;B010;1;2404011303;H;COP;1951683
1083096;18001596;4916497812;ETIQUETA COLORES CJX6ROLX3800UN;1;100;261;22/5/2026;22/5/2026;1001;1;B010;1;2404011303;H;COP;1951683
1083096;18001596;4916497815;ETIQUETA COLORES CJX6ROLX3800UN;1;100;261;22/5/2026;22/5/2026;1001;1;B010;1;2404011303;H;COP;1951683
1083096;18001596;4916497832;ETIQUETA COLORES CJX6ROLX3800UN;1;100;261;22/5/2026;22/5/2026;1001;1;B010;1;2404011303;H;COP;1951683
1083096;18001596;4916497839;ETIQUETA COLORES CJX6ROLX3800UN;1;100;261;22/5/2026;22/5/2026;1001;1;B010;1;2404011303;H;COP;1951683
1083096;18001596;4916499277;ETIQUETA COLORES CJX6ROLX3800UN;1;100;261;22/5/2026;22/5/2026;1001;1;B010;1;2404011303;H;COP;1951683
1083096;18001596;4916499389;ETIQUETA COLORES CJX6ROLX3800UN;1;100;261;22/5/2026;22/5/2026;1001;1;B010;1;2404011303;H;COP;1951683
1083096;18001596;4916499428;ETIQUETA COLORES CJX6ROLX3800UN;1;100;261;22/5/2026;22/5/2026;1001;1;B010;1;2404011303;H;COP;1951683
1083096;18001596;4916499434;ETIQUETA COLORES CJX6ROLX3800UN;1;100;261;22/5/2026;22/5/2026;1001;1;B010;1;2404011303;H;COP;1951683
1083096;18001596;4916499746;ETIQUETA COLORES CJX6ROLX3800UN;1;100;261;22/5/2026;22/5/2026;1001;1;B010;1;2404011303;H;COP;1951683
1083096;18001596;4916499783;ETIQUETA COLORES CJX6ROLX3800UN;1;100;261;22/5/2026;22/5/2026;1001;1;B010;1;2404011303;H;COP;1951683
1083096;18001596;4916500226;ETIQUETA COLORES CJX6ROLX3800UN;2;200;261;22/5/2026;22/5/2026;1001;1;B010;1;2404011303;H;COP;1951683
1083096;18001596;4916500229;ETIQUETA COLORES CJX6ROLX3800UN;14;1.400;261;22/5/2026;22/5/2026;1001;1;B010;1;2404011303;H;COP;1951683
1083096;18001596;4916500531;ETIQUETA COLORES CJX6ROLX3800UN;1;100;261;22/5/2026;22/5/2026;1001;1;B010;1;2404011303;H;COP;1951683
1083096;18001596;4916500556;ETIQUETA COLORES CJX6ROLX3800UN;3;300;261;22/5/2026;22/5/2026;1001;1;B010;1;2404011303;H;COP;1951683
1083096;18001596;4916500570;ETIQUETA COLORES CJX6ROLX3800UN;21;2.100;261;22/5/2026;22/5/2026;1001;1;B010;1;2404011303;H;COP;1951683
1083096;18001596;4916500572;ETIQUETA COLORES CJX6ROLX3800UN;21;2.100;261;22/5/2026;22/5/2026;1001;1;B010;1;2404011303;H;COP;1951683
1083096;18001596;4916501095;ETIQUETA COLORES CJX6ROLX3800UN;1;100;261;22/5/2026;22/5/2026;1001;1;B010;1;2404011303;H;COP;1951683
1083096;18001596;4916501207;ETIQUETA COLORES CJX6ROLX3800UN;1;100;261;22/5/2026;22/5/2026;1001;1;B010;1;2404011303;H;COP;1951683
1083096;18001596;4916502382;ETIQUETA COLORES CJX6ROLX3800UN;1;100;261;22/5/2026;22/5/2026;1001;1;B010;1;2404011303;H;COP;1951683
1083096;18001596;4916502401;ETIQUETA COLORES CJX6ROLX3800UN;1;100;261;22/5/2026;22/5/2026;1001;1;B010;1;2404011303;H;COP;1951683
1083096;18001596;4916502415;ETIQUETA COLORES CJX6ROLX3800UN;1;100;261;22/5/2026;22/5/2026;1001;1;B010;1;2404011303;H;COP;1951683
1083096;18001596;4916502489;ETIQUETA COLORES CJX6ROLX3800UN;84;8.399;261;22/5/2026;22/5/2026;1001;1;B010;1;2404011303;H;COP;1951683
1083096;18001596;4916502507;ETIQUETA COLORES CJX6ROLX3800UN;70;6.999;261;22/5/2026;22/5/2026;1001;1;B010;1;2404011303;H;COP;1951683
1083096;18001596;4916502893;ETIQUETA COLORES CJX6ROLX3800UN;1;100;261;22/5/2026;22/5/2026;1001;1;B010;1;2404011303;H;COP;1951683
1083096;18001596;4916503299;ETIQUETA COLORES CJX6ROLX3800UN;1;100;261;22/5/2026;22/5/2026;1001;1;B010;1;2404011303;H;COP;1951683
1083096;18001596;4916503897;ETIQUETA COLORES CJX6ROLX3800UN;1;100;261;22/5/2026;22/5/2026;1001;1;B010;1;2404011303;H;COP;1951683
1083096;18001596;4916503906;ETIQUETA COLORES CJX6ROLX3800UN;1;100;261;22/5/2026;22/5/2026;1001;1;B010;1;2404011303;H;COP;1951683
1083096;18001596;4916503921;ETIQUETA COLORES CJX6ROLX3800UN;1;100;261;22/5/2026;22/5/2026;1001;1;B010;1;2404011303;H;COP;1951683
1083096;18001596;4916503934;ETIQUETA COLORES CJX6ROLX3800UN;1;100;261;22/5/2026;22/5/2026;1001;1;B010;1;2404011303;H;COP;1951683
1083096;18001596;4916504398;ETIQUETA COLORES CJX6ROLX3800UN;1;100;261;22/5/2026;22/5/2026;1001;1;B010;1;2404011303;H;COP;1951683
1083096;18001596;4916504450;ETIQUETA COLORES CJX6ROLX3800UN;1;100;261;22/5/2026;22/5/2026;1001;1;B010;1;2404011303;H;COP;1951683
1083096;18001596;4916504998;ETIQUETA COLORES CJX6ROLX3800UN;1;100;261;22/5/2026;22/5/2026;1001;1;B010;1;2404011303;H;COP;1951683
1083096;18001596;4916505285;ETIQUETA COLORES CJX6ROLX3800UN;1;100;261;22/5/2026;22/5/2026;1001;1;B010;1;2404011303;H;COP;1951683
1083096;18001596;4916505766;ETIQUETA COLORES CJX6ROLX3800UN;1;100;261;22/5/2026;22/5/2026;1001;1;B010;1;2404011303;H;COP;1951683
1083096;18001596;4916505802;ETIQUETA COLORES CJX6ROLX3800UN;1;100;261;22/5/2026;22/5/2026;1001;1;B010;1;2404011303;H;COP;1951683
1083096;18001596;4916505867;ETIQUETA COLORES CJX6ROLX3800UN;1;100;261;22/5/2026;22/5/2026;1001;1;B010;1;2404011303;H;COP;1951683
1083096;18001596;4916506761;ETIQUETA COLORES CJX6ROLX3800UN;1;100;261;22/5/2026;22/5/2026;1001;1;B010;1;2404011303;H;COP;1951683
1083096;18001596;4916507171;ETIQUETA COLORES CJX6ROLX3800UN;1;100;261;22/5/2026;22/5/2026;1001;1;B010;1;2404011303;H;COP;1951683
1083096;18001596;4916507192;ETIQUETA COLORES CJX6ROLX3800UN;1;100;261;22/5/2026;22/5/2026;1001;1;B010;1;2404011303;H;COP;1951683
1083096;18001596;4916507216;ETIQUETA COLORES CJX6ROLX3800UN;1;100;261;22/5/2026;22/5/2026;1001;1;B010;1;2404011303;H;COP;1951683
1083096;18001596;4916507264;ETIQUETA COLORES CJX6ROLX3800UN;1;100;261;22/5/2026;22/5/2026;1001;1;B010;1;2404011303;H;COP;1951683
1083096;18001596;4916507371;ETIQUETA COLORES CJX6ROLX3800UN;1;100;261;22/5/2026;22/5/2026;1001;1;B010;1;2404011303;H;COP;1951683
1083096;18001596;4916507656;ETIQUETA COLORES CJX6ROLX3800UN;1;100;261;22/5/2026;22/5/2026;1001;1;B010;1;2404011303;H;COP;1951683
1083096;18001596;4916507661;ETIQUETA COLORES CJX6ROLX3800UN;2;200;261;22/5/2026;22/5/2026;1001;1;B010;1;2404011303;H;COP;1951683
1083096;18001596;4916507906;ETIQUETA COLORES CJX6ROLX3800UN;1;100;261;22/5/2026;22/5/2026;1001;1;B010;1;2404011303;H;COP;1951683
1083096;18001596;4916508044;ETIQUETA COLORES CJX6ROLX3800UN;1;100;261;22/5/2026;22/5/2026;1001;1;B010;1;2404011303;H;COP;1951683
1083096;18001596;4916508049;ETIQUETA COLORES CJX6ROLX3800UN;1;100;261;22/5/2026;22/5/2026;1001;1;B010;1;2404011303;H;COP;1951683
1083096;18001596;4916508220;ETIQUETA COLORES CJX6ROLX3800UN;1;100;261;22/5/2026;22/5/2026;1001;1;B010;1;2404011303;H;COP;1951683
1083096;18001596;4916508257;ETIQUETA COLORES CJX6ROLX3800UN;1;100;261;22/5/2026;22/5/2026;1001;1;B010;1;2404011303;H;COP;1951683
1083096;18001596;4916508259;ETIQUETA COLORES CJX6ROLX3800UN;1;100;261;22/5/2026;22/5/2026;1001;1;B010;1;2404011303;H;COP;1951683
1083096;18001596;4916508269;ETIQUETA COLORES CJX6ROLX3800UN;1;100;261;22/5/2026;22/5/2026;1001;1;B010;1;2404011303;H;COP;1951683
1083096;18001612;4916514846;CINTA DE RESINA 110*450M ROLX45000CM;2.145,800;0;261;23/5/2026;23/5/2026;1001;1;B010;4;2603311297;H;COP;1951683
1083096;12002547;5001991820;CARNE FILETE DE POLLO;-197,200;-2.904.362;101;22/5/2026;22/5/2026;1001;4;B010;1;2605220225;S;COP;0
1083096;12002547;5001991822;CARNE FILETE DE POLLO;-194,900;-2.870.487;101;22/5/2026;22/5/2026;1001;4;B010;1;2605220225;S;COP;0
1083096;12002547;5001991826;CARNE FILETE DE POLLO;-135,900;-2.001.535;101;22/5/2026;22/5/2026;1001;4;B010;1;2605220225;S;COP;0
1083096;12002547;5001991829;CARNE FILETE DE POLLO;-188;-2.768.864;101;22/5/2026;22/5/2026;1001;4;B010;1;2605220225;S;COP;0
1083096;12002547;5001991842;CARNE FILETE DE POLLO;-193,400;-2.848.395;101;22/5/2026;22/5/2026;1001;4;B010;1;2605220225;S;COP;0
1083096;12002547;5001991844;CARNE FILETE DE POLLO;-199,300;-2.935.290;101;22/5/2026;22/5/2026;1001;4;B010;1;2605220225;S;COP;0
1083096;12002547;5001991847;CARNE FILETE DE POLLO;-194,700;-2.867.542;101;22/5/2026;22/5/2026;1001;4;B010;1;2605220225;S;COP;0
1083096;12002547;5001991855;CARNE FILETE DE POLLO;-169,800;-2.500.814;101;22/5/2026;22/5/2026;1001;4;B010;1;2605220225;S;COP;0
1083096;12002547;5001992052;CARNE FILETE DE POLLO;-188,400;-2.774.755;101;22/5/2026;22/5/2026;1001;4;B010;1;2605220225;S;COP;0
1083096;12002547;5001992064;CARNE FILETE DE POLLO;-214,600;-3.160.629;101;22/5/2026;22/5/2026;1001;4;B010;1;2605220225;S;COP;0
1083096;12002547;5001992076;CARNE FILETE DE POLLO;-184,100;-2.711.425;101;22/5/2026;22/5/2026;1001;4;B010;1;2605220225;S;COP;0
1083096;12002547;5001992110;CARNE FILETE DE POLLO;-179,200;-2.639.258;101;22/5/2026;22/5/2026;1001;4;B010;1;2605220225;S;COP;0
1083096;12002547;5001992112;CARNE FILETE DE POLLO;-199,100;-2.932.345;101;22/5/2026;22/5/2026;1001;4;B010;1;2605220225;S;COP;0
1083096;12002547;5001992204;CARNE FILETE DE POLLO;-192,100;-2.829.249;101;22/5/2026;22/5/2026;1001;4;B010;1;2605220225;S;COP;0
1083096;12002547;5001992300;CARNE FILETE DE POLLO;-200,200;-2.948.546;101;22/5/2026;22/5/2026;1001;4;B010;1;2605220225;S;COP;0
1083096;12002547;5001992441;CARNE FILETE DE POLLO;-217,500;-3.203.340;101;22/5/2026;22/5/2026;1001;4;B010;1;2605220225;S;COP;0
1083096;12002547;5001992444;CARNE FILETE DE POLLO;-121,100;-1.783.561;101;22/5/2026;22/5/2026;1001;4;B010;1;2605220225;S;COP;0
1083096;12002547;5001992494;CARNE FILETE DE POLLO;-192,300;-2.832.194;101;22/5/2026;22/5/2026;1001;4;B010;1;2605220225;S;COP;0
1083096;12002547;5001992537;CARNE FILETE DE POLLO;-142,300;-2.095.794;101;22/5/2026;22/5/2026;1001;4;B010;1;2605220225;S;COP;0
1083096;12002547;5001992665;CARNE FILETE DE POLLO;-191,900;-2.826.303;101;22/5/2026;22/5/2026;1001;4;B010;1;2605220225;S;COP;0
1083096;12002547;5001992671;CARNE FILETE DE POLLO;-143,600;-2.114.941;101;22/5/2026;22/5/2026;1001;4;B010;1;2605220225;S;COP;0
1083096;12002547;5001992698;CARNE FILETE DE POLLO;-188,400;-2.774.755;101;22/5/2026;22/5/2026;1001;4;B010;1;2605220225;S;COP;0
1083096;12002547;5001992775;CARNE FILETE DE POLLO;-189,400;-2.789.483;101;22/5/2026;22/5/2026;1001;4;B010;1;2605220225;S;COP;0
1083096;12002547;5001992817;CARNE FILETE DE POLLO;-150,900;-2.222.455;101;22/5/2026;22/5/2026;1001;4;B010;1;2605220225;S;COP;0
1083096;12002547;5001992867;CARNE FILETE DE POLLO;-181,800;-2.677.550;101;22/5/2026;22/5/2026;1001;4;B010;1;2605220225;S;COP;0
1083096;12002547;5001992869;CARNE FILETE DE POLLO;-186,800;-2.751.190;101;22/5/2026;22/5/2026;1001;4;B010;1;2605220225;S;COP;0
1083096;12002547;5001992901;CARNE FILETE DE POLLO;-190,200;-2.801.266;101;22/5/2026;22/5/2026;1001;4;B010;1;2605220225;S;COP;0
1083096;12002547;5001992938;CARNE FILETE DE POLLO;-205,800;-3.031.022;101;22/5/2026;22/5/2026;1001;4;B010;1;2605220225;S;COP;0
1083096;12002547;5001993003;CARNE FILETE DE POLLO;-190,200;-2.801.266;101;22/5/2026;22/5/2026;1001;4;B010;1;2605220225;S;COP;0
1083096;12002547;5001993058;CARNE FILETE DE POLLO;-198,100;-2.917.617;101;22/5/2026;22/5/2026;1001;4;B010;1;2605220225;S;COP;0
1083096;12002547;5001993060;CARNE FILETE DE POLLO;-43,700;-643.614;101;22/5/2026;22/5/2026;1001;4;B010;1;2605220225;S;COP;0
1083097;12002547;4916496743;CARNE FILETE DE POLLO;200,400;2.951.491;261;22/5/2026;22/5/2026;1001;1;B010;1;2605210122;H;COP;1951687
1083097;12002547;4916496745;CARNE FILETE DE POLLO;170,400;2.509.651;261;22/5/2026;22/5/2026;1001;1;B010;1;2605210122;H;COP;1951687
1083097;12002547;4916496747;CARNE FILETE DE POLLO;195,100;2.873.433;261;22/5/2026;22/5/2026;1001;1;B010;1;2605210122;H;COP;1951687
1083097;12002547;4916496748;CARNE FILETE DE POLLO;201;2.960.328;261;22/5/2026;22/5/2026;1001;1;B010;1;2605210122;H;COP;1951687
1083097;12002547;4916497923;CARNE FILETE DE POLLO;168,800;2.486.086;261;22/5/2026;22/5/2026;1001;1;B010;1;2605210122;H;COP;1951687
1083097;12002547;4916497926;CARNE FILETE DE POLLO;188,100;2.770.337;261;22/5/2026;22/5/2026;1001;1;B010;1;2605210122;H;COP;1951687
1083097;12002547;4916497927;CARNE FILETE DE POLLO;185;2.724.680;261;22/5/2026;22/5/2026;1001;1;B010;1;2605210122;H;COP;1951687
1083097;12002547;4916499867;CARNE FILETE DE POLLO;199,100;2.932.345;261;22/5/2026;22/5/2026;1001;1;B010;1;2605220225;H;COP;1951687
1083097;12002547;4916499868;CARNE FILETE DE POLLO;193,400;2.848.395;261;22/5/2026;22/5/2026;1001;1;B010;1;2605220225;H;COP;1951687
1083097;12002547;4916499869;CARNE FILETE DE POLLO;188,400;2.774.755;261;22/5/2026;22/5/2026;1001;1;B010;1;2605220225;H;COP;1951687
1083097;12002547;4916499873;CARNE FILETE DE POLLO;135,900;2.001.535;261;22/5/2026;22/5/2026;1001;1;B010;1;2605220225;H;COP;1951687
1083097;12002547;4916500545;CARNE FILETE DE POLLO;192,100;2.829.249;261;22/5/2026;22/5/2026;1001;1;B010;1;2605220225;H;COP;1951687
1083097;12002547;4916501549;CARNE FILETE DE POLLO;179,200;2.639.258;261;22/5/2026;22/5/2026;1001;1;B010;1;2605220225;H;COP;1951687
1083097;12002547;4916501551;CARNE FILETE DE POLLO;184,100;2.711.425;261;22/5/2026;22/5/2026;1001;1;B010;1;2605220225;H;COP;1951687
1083097;12002547;4916501552;CARNE FILETE DE POLLO;200,200;2.948.546;261;22/5/2026;22/5/2026;1001;1;B010;1;2605220225;H;COP;1951687
1083097;12002547;4916502295;CARNE FILETE DE POLLO;194,700;2.867.542;261;22/5/2026;22/5/2026;1001;1;B010;1;2605220225;H;COP;1951687
1083097;12002547;4916502297;CARNE FILETE DE POLLO;169,800;2.500.814;261;22/5/2026;22/5/2026;1001;1;B010;1;2605220225;H;COP;1951687
1083097;12002547;4916502298;CARNE FILETE DE POLLO;214,600;3.160.629;261;22/5/2026;22/5/2026;1001;1;B010;1;2605220225;H;COP;1951687
1083097;12002547;4916502430;CARNE FILETE DE POLLO;217,500;3.203.340;261;22/5/2026;22/5/2026;1001;1;B010;1;2605220225;H;COP;1951687
1083097;12002547;4916502433;CARNE FILETE DE POLLO;121,100;1.783.561;261;22/5/2026;22/5/2026;1001;1;B010;1;2605220225;H;COP;1951687
1083097;12002547;4916503229;CARNE FILETE DE POLLO;199,300;2.935.290;261;22/5/2026;22/5/2026;1001;1;B010;1;2605220225;H;COP;1951687
1083097;12002547;4916503236;CARNE FILETE DE POLLO;192,300;2.832.194;261;22/5/2026;22/5/2026;1001;1;B010;1;2605220225;H;COP;1951687
1083097;12002547;4916503307;CARNE FILETE DE POLLO;142,300;2.095.794;261;22/5/2026;22/5/2026;1001;1;B010;1;2605220225;H;COP;1951687
1083097;12002547;4916503983;CARNE FILETE DE POLLO;197,200;2.904.362;261;22/5/2026;22/5/2026;1001;1;B010;1;2605220225;H;COP;1951687
1083097;12002547;4916503987;CARNE FILETE DE POLLO;188;2.768.864;261;22/5/2026;22/5/2026;1001;1;B010;1;2605220225;H;COP;1951687
1083097;12002547;4916504980;CARNE FILETE DE POLLO;191,900;2.826.303;261;22/5/2026;22/5/2026;1001;1;B010;1;2605220225;H;COP;1951687
1083097;12002547;4916505549;CARNE FILETE DE POLLO;188,400;2.774.755;261;22/5/2026;22/5/2026;1001;1;B010;1;2605220225;H;COP;1951687
1083097;12002547;4916505963;CARNE FILETE DE POLLO;143,600;2.114.941;261;22/5/2026;22/5/2026;1001;1;B010;1;2605220225;H;COP;1951687
1083097;12002547;4916505968;CARNE FILETE DE POLLO;189,400;2.789.483;261;22/5/2026;22/5/2026;1001;1;B010;1;2605220225;H;COP;1951687
1083097;12002547;4916506847;CARNE FILETE DE POLLO;150,900;2.222.455;261;22/5/2026;22/5/2026;1001;1;B010;1;2605220225;H;COP;1951687
1083097;12002547;4916507186;CARNE FILETE DE POLLO;181,800;2.677.550;261;22/5/2026;22/5/2026;1001;1;B010;1;2605220225;H;COP;1951687
1083097;12002547;4916507194;CARNE FILETE DE POLLO;186,800;2.751.190;261;22/5/2026;22/5/2026;1001;1;B010;1;2605220225;H;COP;1951687
1083097;12002547;4916507611;CARNE FILETE DE POLLO;190,200;2.801.266;261;22/5/2026;22/5/2026;1001;1;B010;1;2605220225;H;COP;1951687
1083097;12002547;4916507909;CARNE FILETE DE POLLO;190,200;2.801.266;261;22/5/2026;22/5/2026;1001;1;B010;1;2605220225;H;COP;1951687
1083097;12002547;4916515055;CARNE FILETE DE POLLO;125,500;1.848.364;261;23/5/2026;23/5/2026;1001;1;B010;1;2605170014;H;COP;1951687
1083097;13000366;4916502317;CARNE INDUSTRIAL DE POLLO;-140;-140.000;531;22/5/2026;22/5/2026;1001;1;B010;1;2605220230;S;COP;1951687
1083097;13000366;4916507309;CARNE INDUSTRIAL DE POLLO;-140;-140.000;531;22/5/2026;22/5/2026;1001;1;B010;1;2605220231;S;COP;1951687
1083097;13000366;4916507643;CARNE INDUSTRIAL DE POLLO;-140;-140.000;531;22/5/2026;22/5/2026;1001;1;B010;1;2605220231;S;COP;1951687
1083097;13000366;4916508228;CARNE INDUSTRIAL DE POLLO;-11;-11.000;531;22/5/2026;22/5/2026;1001;1;B010;1;2605220231;S;COP;1951687
1083097;13000366;4916508231;CARNE INDUSTRIAL DE POLLO;-140;-140.000;531;22/5/2026;22/5/2026;1001;1;B010;1;2605220231;S;COP;1951687
1083097;13000366;4916508249;CARNE INDUSTRIAL DE POLLO;-13,700;-13.700;531;22/5/2026;22/5/2026;1001;1;B010;1;2605220231;S;COP;1951687
1083097;13000366;4916508252;CARNE INDUSTRIAL DE POLLO;-120;-120.000;531;22/5/2026;22/5/2026;1001;1;B010;1;2605220231;S;COP;1951687
1083097;13000366;4916509386;CARNE INDUSTRIAL DE POLLO;13,700;13.700;532;22/5/2026;22/5/2026;1001;1;B010;1;2605220231;H;COP;1951687
1083097;13000366;4916509388;CARNE INDUSTRIAL DE POLLO;120;120.000;532;22/5/2026;22/5/2026;1001;1;B010;1;2605220231;H;COP;1951687
1083097;18001585;4916515055;BOLSA FUNDA BTOX10BOLX100UN;150;32.340;261;23/5/2026;23/5/2026;1001;1;B010;2;2604151095;H;COP;1951687
1083097;18001596;4916496452;ETIQUETA COLORES CJX6ROLX3800UN;1;100;261;22/5/2026;22/5/2026;1001;1;B010;1;2404011303;H;COP;1951687
1083097;18001596;4916497057;ETIQUETA COLORES CJX6ROLX3800UN;1;100;261;22/5/2026;22/5/2026;1001;1;B010;1;2404011303;H;COP;1951687
1083097;18001596;4916497678;ETIQUETA COLORES CJX6ROLX3800UN;1;100;261;22/5/2026;22/5/2026;1001;1;B010;1;2404011303;H;COP;1951687
1083097;18001596;4916497694;ETIQUETA COLORES CJX6ROLX3800UN;1;100;261;22/5/2026;22/5/2026;1001;1;B010;1;2404011303;H;COP;1951687
1083097;18001596;4916498530;ETIQUETA COLORES CJX6ROLX3800UN;1;100;261;22/5/2026;22/5/2026;1001;1;B010;1;2404011303;H;COP;1951687
1083097;18001596;4916499218;ETIQUETA COLORES CJX6ROLX3800UN;1;100;261;22/5/2026;22/5/2026;1001;1;B010;1;2404011303;H;COP;1951687
1083097;18001596;4916499843;ETIQUETA COLORES CJX6ROLX3800UN;1;100;261;22/5/2026;22/5/2026;1001;1;B010;1;2404011303;H;COP;1951687
1083097;18001596;4916500336;ETIQUETA COLORES CJX6ROLX3800UN;1;100;261;22/5/2026;22/5/2026;1001;1;B010;1;2404011303;H;COP;1951687
1083097;18001596;4916500824;ETIQUETA COLORES CJX6ROLX3800UN;1;100;261;22/5/2026;22/5/2026;1001;1;B010;1;2404011303;H;COP;1951687
1083097;18001596;4916500852;ETIQUETA COLORES CJX6ROLX3800UN;1;100;261;22/5/2026;22/5/2026;1001;1;B010;1;2404011303;H;COP;1951687
1083097;18001596;4916500984;ETIQUETA COLORES CJX6ROLX3800UN;1;100;261;22/5/2026;22/5/2026;1001;1;B010;1;2404011303;H;COP;1951687
1083097;18001596;4916501348;ETIQUETA COLORES CJX6ROLX3800UN;1;100;261;22/5/2026;22/5/2026;1001;1;B010;1;2404011303;H;COP;1951687
1083097;18001596;4916501620;ETIQUETA COLORES CJX6ROLX3800UN;1;100;261;22/5/2026;22/5/2026;1001;1;B010;1;2404011303;H;COP;1951687
1083097;18001596;4916501629;ETIQUETA COLORES CJX6ROLX3800UN;1;100;261;22/5/2026;22/5/2026;1001;1;B010;1;2404011303;H;COP;1951687
1083097;18001596;4916501633;ETIQUETA COLORES CJX6ROLX3800UN;1;100;261;22/5/2026;22/5/2026;1001;1;B010;1;2404011303;H;COP;1951687
1083097;18001596;4916501638;ETIQUETA COLORES CJX6ROLX3800UN;1;100;261;22/5/2026;22/5/2026;1001;1;B010;1;2404011303;H;COP;1951687
1083097;18001596;4916501647;ETIQUETA COLORES CJX6ROLX3800UN;1;100;261;22/5/2026;22/5/2026;1001;1;B010;1;2404011303;H;COP;1951687
1083097;18001596;4916502314;ETIQUETA COLORES CJX6ROLX3800UN;1;100;261;22/5/2026;22/5/2026;1001;1;B010;1;2404011303;H;COP;1951687
1083097;18001596;4916502320;ETIQUETA COLORES CJX6ROLX3800UN;7;700;261;22/5/2026;22/5/2026;1001;1;B010;1;2404011303;H;COP;1951687
1083097;18001596;4916502324;ETIQUETA COLORES CJX6ROLX3800UN;1;100;261;22/5/2026;22/5/2026;1001;1;B010;1;2404011303;H;COP;1951687
1083097;18001596;4916502351;ETIQUETA COLORES CJX6ROLX3800UN;1;100;261;22/5/2026;22/5/2026;1001;1;B010;1;2404011303;H;COP;1951687
1083097;18001596;4916502441;ETIQUETA COLORES CJX6ROLX3800UN;1;100;261;22/5/2026;22/5/2026;1001;1;B010;1;2404011303;H;COP;1951687
1083097;18001596;4916502701;ETIQUETA COLORES CJX6ROLX3800UN;1;100;261;22/5/2026;22/5/2026;1001;1;B010;1;2404011303;H;COP;1951687
1083097;18001596;4916502790;ETIQUETA COLORES CJX6ROLX3800UN;1;100;261;22/5/2026;22/5/2026;1001;1;B010;1;2404011303;H;COP;1951687
1083097;18001596;4916502959;ETIQUETA COLORES CJX6ROLX3800UN;1;100;261;22/5/2026;22/5/2026;1001;1;B010;1;2404011303;H;COP;1951687
1083097;18001596;4916503215;ETIQUETA COLORES CJX6ROLX3800UN;1;100;261;22/5/2026;22/5/2026;1001;1;B010;1;2404011303;H;COP;1951687
1083097;18001596;4916503631;ETIQUETA COLORES CJX6ROLX3800UN;1;100;261;22/5/2026;22/5/2026;1001;1;B010;1;2404011303;H;COP;1951687
1083097;18001596;4916503678;ETIQUETA COLORES CJX6ROLX3800UN;1;100;261;22/5/2026;22/5/2026;1001;1;B010;1;2404011303;H;COP;1951687
1083097;18001596;4916503770;ETIQUETA COLORES CJX6ROLX3800UN;1;100;261;22/5/2026;22/5/2026;1001;1;B010;1;2404011303;H;COP;1951687
1083097;18001596;4916503838;ETIQUETA COLORES CJX6ROLX3800UN;1;100;261;22/5/2026;22/5/2026;1001;1;B010;1;2404011303;H;COP;1951687
1083097;18001596;4916504934;ETIQUETA COLORES CJX6ROLX3800UN;1;100;261;22/5/2026;22/5/2026;1001;1;B010;1;2404011303;H;COP;1951687
1083097;18001596;4916505428;ETIQUETA COLORES CJX6ROLX3800UN;1;100;261;22/5/2026;22/5/2026;1001;1;B010;1;2404011303;H;COP;1951687
1083097;18001596;4916505561;ETIQUETA COLORES CJX6ROLX3800UN;1;100;261;22/5/2026;22/5/2026;1001;1;B010;1;2404011303;H;COP;1951687
1083097;18001596;4916505687;ETIQUETA COLORES CJX6ROLX3800UN;1;100;261;22/5/2026;22/5/2026;1001;1;B010;1;2404011303;H;COP;1951687
1083097;18001596;4916506448;ETIQUETA COLORES CJX6ROLX3800UN;1;100;261;22/5/2026;22/5/2026;1001;1;B010;1;2404011303;H;COP;1951687
1083097;18001596;4916506995;ETIQUETA COLORES CJX6ROLX3800UN;1;100;261;22/5/2026;22/5/2026;1001;1;B010;1;2404011303;H;COP;1951687
1083097;18001596;4916507064;ETIQUETA COLORES CJX6ROLX3800UN;1;100;261;22/5/2026;22/5/2026;1001;1;B010;1;2404011303;H;COP;1951687
1083097;18001596;4916507114;ETIQUETA COLORES CJX6ROLX3800UN;1;100;261;22/5/2026;22/5/2026;1001;1;B010;1;2404011303;H;COP;1951687
1083097;18001596;4916507307;ETIQUETA COLORES CJX6ROLX3800UN;1;100;261;22/5/2026;22/5/2026;1001;1;B010;1;2404011303;H;COP;1951687
1083097;18001596;4916507323;ETIQUETA COLORES CJX6ROLX3800UN;7;700;261;22/5/2026;22/5/2026;1001;1;B010;1;2404011303;H;COP;1951687
1083097;18001596;4916507433;ETIQUETA COLORES CJX6ROLX3800UN;1;100;261;22/5/2026;22/5/2026;1001;1;B010;1;2404011303;H;COP;1951687
1083097;18001596;4916507471;ETIQUETA COLORES CJX6ROLX3800UN;1;100;261;22/5/2026;22/5/2026;1001;1;B010;1;2404011303;H;COP;1951687
1083097;18001596;4916507514;ETIQUETA COLORES CJX6ROLX3800UN;1;100;261;22/5/2026;22/5/2026;1001;1;B010;1;2404011303;H;COP;1951687
1083097;18001596;4916507538;ETIQUETA COLORES CJX6ROLX3800UN;1;100;261;22/5/2026;22/5/2026;1001;1;B010;1;2404011303;H;COP;1951687
1083097;18001596;4916507541;ETIQUETA COLORES CJX6ROLX3800UN;1;100;261;22/5/2026;22/5/2026;1001;1;B010;1;2404011303;H;COP;1951687
1083097;18001596;4916507584;ETIQUETA COLORES CJX6ROLX3800UN;1;100;261;22/5/2026;22/5/2026;1001;1;B010;1;2404011303;H;COP;1951687
1083097;18001596;4916507642;ETIQUETA COLORES CJX6ROLX3800UN;1;100;261;22/5/2026;22/5/2026;1001;1;B010;1;2404011303;H;COP;1951687
1083097;18001596;4916507646;ETIQUETA COLORES CJX6ROLX3800UN;14;1.400;261;22/5/2026;22/5/2026;1001;1;B010;1;2404011303;H;COP;1951687
1083097;18001596;4916507700;ETIQUETA COLORES CJX6ROLX3800UN;1;100;261;22/5/2026;22/5/2026;1001;1;B010;1;2404011303;H;COP;1951687
1083097;18001596;4916507710;ETIQUETA COLORES CJX6ROLX3800UN;1;100;261;22/5/2026;22/5/2026;1001;1;B010;1;2404011303;H;COP;1951687
1083097;18001596;4916507952;ETIQUETA COLORES CJX6ROLX3800UN;1;100;261;22/5/2026;22/5/2026;1001;1;B010;1;2404011303;H;COP;1951687
1083097;18001596;4916508069;ETIQUETA COLORES CJX6ROLX3800UN;1;100;261;22/5/2026;22/5/2026;1001;1;B010;1;2404011303;H;COP;1951687
1083097;18001596;4916508094;ETIQUETA COLORES CJX6ROLX3800UN;1;100;261;22/5/2026;22/5/2026;1001;1;B010;1;2404011303;H;COP;1951687
1083097;18001596;4916508175;ETIQUETA COLORES CJX6ROLX3800UN;1;100;261;22/5/2026;22/5/2026;1001;1;B010;1;2404011303;H;COP;1951687
1083097;18001596;4916508186;ETIQUETA COLORES CJX6ROLX3800UN;1;100;261;22/5/2026;22/5/2026;1001;1;B010;1;2404011303;H;COP;1951687
1083097;18001596;4916508200;ETIQUETA COLORES CJX6ROLX3800UN;1;100;261;22/5/2026;22/5/2026;1001;1;B010;1;2404011303;H;COP;1951687
1083097;18001596;4916508227;ETIQUETA COLORES CJX6ROLX3800UN;1;100;261;22/5/2026;22/5/2026;1001;1;B010;1;2404011303;H;COP;1951687
1083097;18001596;4916508229;ETIQUETA COLORES CJX6ROLX3800UN;1;100;261;22/5/2026;22/5/2026;1001;1;B010;1;2404011303;H;COP;1951687
1083097;18001596;4916508247;ETIQUETA COLORES CJX6ROLX3800UN;1;100;261;22/5/2026;22/5/2026;1001;1;B010;1;2404011303;H;COP;1951687
1083097;18001596;4916508250;ETIQUETA COLORES CJX6ROLX3800UN;1;100;261;22/5/2026;22/5/2026;1001;1;B010;1;2404011303;H;COP;1951687
1083097;18001596;4916515055;ETIQUETA COLORES CJX6ROLX3800UN;452;45.195;261;23/5/2026;23/5/2026;1001;1;B010;4;2404011303;H;COP;1951687
1083097;18001612;4916515055;CINTA DE RESINA 110*450M ROLX45000CM;2.145,800;0;261;23/5/2026;23/5/2026;1001;1;B010;3;2603311297;H;COP;1951687
1083097;13000370;4916515090;PRESAS POLLO DE SEGUNDA;80,900;537.985;261;23/5/2026;23/5/2026;1001;2;B010;1;2605130114;H;COP;0
1083097;12002548;5001992114;CARNE POLLO CORTADA PARA POP CORN;-175;-2.697.625;101;22/5/2026;22/5/2026;1001;4;B010;1;2605220229;S;COP;0
1083097;12002548;5001992182;CARNE POLLO CORTADA PARA POP CORN;-174,200;-2.685.293;101;22/5/2026;22/5/2026;1001;4;B010;1;2605220229;S;COP;0
1083097;12002548;5001992262;CARNE POLLO CORTADA PARA POP CORN;-169,100;-2.606.677;101;22/5/2026;22/5/2026;1001;4;B010;1;2605220229;S;COP;0
1083097;12002548;5001992355;CARNE POLLO CORTADA PARA POP CORN;-157,400;-2.426.321;101;22/5/2026;22/5/2026;1001;4;B010;1;2605220229;S;COP;0
1083097;12002548;5001992445;CARNE POLLO CORTADA PARA POP CORN;-88,800;-1.368.852;101;22/5/2026;22/5/2026;1001;4;B010;1;2605220229;S;COP;0
1083097;12002548;5001992499;CARNE POLLO CORTADA PARA POP CORN;-69,900;-1.077.509;101;22/5/2026;22/5/2026;1001;4;B010;1;2605220229;S;COP;0
1083097;12002548;5001992748;CARNE POLLO CORTADA PARA POP CORN;-160,300;-2.471.025;101;22/5/2026;22/5/2026;1001;4;B010;1;2605220229;S;COP;0
1083097;12002548;5001992757;CARNE POLLO CORTADA PARA POP CORN;-167,700;-2.585.096;101;22/5/2026;22/5/2026;1001;4;B010;1;2605220229;S;COP;0
1083097;12002548;5001992849;CARNE POLLO CORTADA PARA POP CORN;-144,600;-2.229.009;101;22/5/2026;22/5/2026;1001;4;B010;1;2605220229;S;COP;0
1083097;12002548;5001992922;CARNE POLLO CORTADA PARA POP CORN;-170,300;-2.625.175;101;22/5/2026;22/5/2026;1001;4;B010;1;2605220229;S;COP;0
1083097;12002548;5001992932;CARNE POLLO CORTADA PARA POP CORN;-94,700;-1.459.801;101;22/5/2026;22/5/2026;1001;4;B010;1;2605220229;S;COP;0
1083097;12002548;5001993006;CARNE POLLO CORTADA PARA POP CORN;-117,600;-1.812.804;101;22/5/2026;22/5/2026;1001;4;B010;1;2605220229;S;COP;0
1083097;12002548;5001993023;CARNE POLLO CORTADA PARA POP CORN;-108,600;-1.674.069;101;22/5/2026;22/5/2026;1001;4;B010;1;2605220229;S;COP;0
1083097;12002548;5001993040;CARNE POLLO CORTADA PARA POP CORN;-52,400;-807.746;101;22/5/2026;22/5/2026;1001;4;B010;1;2605220229;S;COP;0
1083097;12002548;5001993969;CARNE POLLO CORTADA PARA POP CORN;-376,900;-5.809.914;101;23/5/2026;23/5/2026;1001;4;B010;1;2605220229;S;COP;0
1083097;14002437;5001991816;CARNE PARA KENTUCKY SANDWNCH;-133;-2.252.355;101;22/5/2026;22/5/2026;1001;4;B010;1;2605220232;S;COP;0
1083097;14002437;5001991941;CARNE PARA KENTUCKY SANDWNCH;-133;-2.252.355;101;22/5/2026;22/5/2026;1001;4;B010;1;2605220232;S;COP;0
1083097;14002437;5001992044;CARNE PARA KENTUCKY SANDWNCH;-133;-2.252.355;101;22/5/2026;22/5/2026;1001;4;B010;1;2605220232;S;COP;0
1083097;14002437;5001992238;CARNE PARA KENTUCKY SANDWNCH;-133;-2.252.355;101;22/5/2026;22/5/2026;1001;4;B010;1;2605220232;S;COP;0
1083097;14002437;5001992242;CARNE PARA KENTUCKY SANDWNCH;-133;-2.252.355;101;22/5/2026;22/5/2026;1001;4;B010;1;2605220232;S;COP;0
1083097;14002437;5001992314;CARNE PARA KENTUCKY SANDWNCH;-133;-2.252.355;101;22/5/2026;22/5/2026;1001;4;B010;1;2605220232;S;COP;0
1083097;14002437;5001992429;CARNE PARA KENTUCKY SANDWNCH;-119,200;-2.018.652;101;22/5/2026;22/5/2026;1001;4;B010;1;2605220232;S;COP;0
1083097;14002437;5001993020;CARNE PARA KENTUCKY SANDWNCH;-133;-2.252.355;101;22/5/2026;22/5/2026;1001;4;B010;1;2605220232;S;COP;0
1083097;14002437;5001993034;CARNE PARA KENTUCKY SANDWNCH;-134,900;-2.284.532;101;22/5/2026;22/5/2026;1001;4;B010;1;2605220232;S;COP;0
1083097;14002437;5001993165;CARNE PARA KENTUCKY SANDWNCH;69,200;1.171.902;102;23/5/2026;23/5/2026;1001;4;B010;1;2605220232;H;COP;0
1083097;14002440;5001992468;CARNE DE STRIPS;-133;-2.182.663;101;22/5/2026;22/5/2026;1001;4;B010;1;2605220230;S;COP;0
1083097;14002440;5001992481;CARNE DE STRIPS;-133;-2.182.663;101;22/5/2026;22/5/2026;1001;4;B010;1;2605220230;S;COP;0
1083097;14002440;5001992530;CARNE DE STRIPS;-133;-2.182.663;101;22/5/2026;22/5/2026;1001;4;B010;1;2605220230;S;COP;0
1083097;14002440;5001992574;CARNE DE STRIPS;-133;-2.182.663;101;22/5/2026;22/5/2026;1001;4;B010;1;2605220230;S;COP;0
1083097;14002440;5001992577;CARNE DE STRIPS;-133;-2.182.663;101;22/5/2026;22/5/2026;1001;4;B010;1;2605220230;S;COP;0
1083097;14002440;5001992587;CARNE DE STRIPS;-133;-2.182.663;101;22/5/2026;22/5/2026;1001;4;B010;1;2605220230;S;COP;0
1083097;14002440;5001992594;CARNE DE STRIPS;-66,100;-1.084.767;101;22/5/2026;22/5/2026;1001;4;B010;1;2605220230;S;COP;0
1083097;14002446;5001991654;CARNE BIG CRUNCH;-133;-2.131.724;101;22/5/2026;22/5/2026;1001;4;B010;1;2605220233;S;COP;0
1083097;14002446;5001991798;CARNE BIG CRUNCH;-133;-2.131.724;101;22/5/2026;22/5/2026;1001;4;B010;1;2605220233;S;COP;0
1083097;14002446;5001992431;CARNE BIG CRUNCH;-33,400;-535.335;101;22/5/2026;22/5/2026;1001;4;B010;1;2605220233;S;COP;0
1083097;14002446;5001992694;CARNE BIG CRUNCH;-133;-2.131.724;101;22/5/2026;22/5/2026;1001;4;B010;1;2605220233;S;COP;0
1083097;14002446;5001992764;CARNE BIG CRUNCH;-133;-2.131.724;101;22/5/2026;22/5/2026;1001;4;B010;1;2605220233;S;COP;0
1083097;14002446;5001992806;CARNE BIG CRUNCH;-133;-2.131.724;101;22/5/2026;22/5/2026;1001;4;B010;1;2605220233;S;COP;0
1083097;14002446;5001992834;CARNE BIG CRUNCH;-133;-2.131.724;101;22/5/2026;22/5/2026;1001;4;B010;1;2605220233;S;COP;0
1083097;14002446;5001992857;CARNE BIG CRUNCH;-133;-2.131.724;101;22/5/2026;22/5/2026;1001;4;B010;1;2605220233;S;COP;0
1083097;14002446;5001992909;CARNE BIG CRUNCH;-133;-2.131.724;101;22/5/2026;22/5/2026;1001;4;B010;1;2605220233;S;COP;0
1083097;14002446;5001992912;CARNE BIG CRUNCH;-133;-2.131.724;101;22/5/2026;22/5/2026;1001;4;B010;1;2605220233;S;COP;0
1083097;14002446;5001992925;CARNE BIG CRUNCH;-133;-2.131.724;101;22/5/2026;22/5/2026;1001;4;B010;1;2605220233;S;COP;0
1083097;14002446;5001992949;CARNE BIG CRUNCH;-133;-2.131.724;101;22/5/2026;22/5/2026;1001;4;B010;1;2605220233;S;COP;0
1083097;14002446;5001992956;CARNE BIG CRUNCH;-60,500;-969.694;101;22/5/2026;22/5/2026;1001;4;B010;1;2605220233;S;COP;0
1083098;13000365;4916508446;ASERRIN HUESO DE POLLO;-1.000;-1.000;531;22/5/2026;22/5/2026;1001;1;B010;1;2605220238;S;COP;1951693
1083098;13000365;4916514390;ASERRIN HUESO DE POLLO;340;340;532;23/5/2026;23/5/2026;1001;1;B010;1;2605220238;H;COP;1951693
1083098;13000367;4916498480;COSTILLA DE POLLO;140;182.000;261;22/5/2026;22/5/2026;1001;1;B010;1;2605210122;H;COP;1951693
1083098;13000367;4916498485;COSTILLA DE POLLO;140;182.000;261;22/5/2026;22/5/2026;1001;1;B010;1;2605210122;H;COP;1951693
1083098;13000367;4916498486;COSTILLA DE POLLO;140;182.000;261;22/5/2026;22/5/2026;1001;1;B010;1;2605210122;H;COP;1951693
1083098;13000367;4916498487;COSTILLA DE POLLO;140;182.000;261;22/5/2026;22/5/2026;1001;1;B010;1;2605210122;H;COP;1951693
1083098;13000367;4916498489;COSTILLA DE POLLO;140;182.000;261;22/5/2026;22/5/2026;1001;1;B010;1;2605210122;H;COP;1951693
1083098;13000367;4916498492;COSTILLA DE POLLO;96,500;125.450;261;22/5/2026;22/5/2026;1001;1;B010;1;2605210122;H;COP;1951693
1083098;13000367;4916498494;COSTILLA DE POLLO;140;182.000;261;22/5/2026;22/5/2026;1001;1;B010;1;2605210122;H;COP;1951693
1083098;13000367;4916503025;COSTILLA DE POLLO;140;182.000;261;22/5/2026;22/5/2026;1001;1;B010;1;2605210122;H;COP;1951693
1083098;13000367;4916503029;COSTILLA DE POLLO;140;182.000;261;22/5/2026;22/5/2026;1001;1;B010;1;2605210122;H;COP;1951693
1083098;13000367;4916503032;COSTILLA DE POLLO;140;182.000;261;22/5/2026;22/5/2026;1001;1;B010;1;2605210122;H;COP;1951693
1083098;13000367;4916503037;COSTILLA DE POLLO;140;182.000;261;22/5/2026;22/5/2026;1001;1;B010;1;2605210122;H;COP;1951693
1083098;13000367;4916503161;COSTILLA DE POLLO;140;182.000;261;22/5/2026;22/5/2026;1001;1;B010;1;2605220225;H;COP;1951693
1083098;13000367;4916503163;COSTILLA DE POLLO;140;182.000;261;22/5/2026;22/5/2026;1001;1;B010;1;2605220225;H;COP;1951693
1083098;13000367;4916503167;COSTILLA DE POLLO;140;182.000;261;22/5/2026;22/5/2026;1001;1;B010;1;2605220225;H;COP;1951693
1083098;13000367;4916503173;COSTILLA DE POLLO;280;364.000;261;22/5/2026;22/5/2026;1001;1;B010;1;2605220225;H;COP;1951693
1083098;13000367;4916506587;COSTILLA DE POLLO;140;182.000;261;22/5/2026;22/5/2026;1001;1;B010;1;2605220225;H;COP;1951693
1083098;13000367;4916506595;COSTILLA DE POLLO;140;182.000;261;22/5/2026;22/5/2026;1001;1;B010;1;2605220225;H;COP;1951693
1083098;13000367;4916506600;COSTILLA DE POLLO;140;182.000;261;22/5/2026;22/5/2026;1001;1;B010;1;2605220225;H;COP;1951693
1083098;13000367;4916506608;COSTILLA DE POLLO;140;182.000;261;22/5/2026;22/5/2026;1001;1;B010;1;2605220225;H;COP;1951693
1083098;13000367;4916506615;COSTILLA DE POLLO;140;182.000;261;22/5/2026;22/5/2026;1001;1;B010;1;2605220225;H;COP;1951693
1083098;13000367;4916514420;COSTILLA DE POLLO;49,800;64.740;261;23/5/2026;23/5/2026;1001;1;B010;2;2605180252;H;COP;1951693
1083098;13000367;4916514420;COSTILLA DE POLLO;55,200;71.760;261;23/5/2026;23/5/2026;1001;1;B010;3;2605210122;H;COP;1951693
1083098;13000368;4916498511;GRASA DE POLLO;20;6.000;261;22/5/2026;22/5/2026;1001;1;B010;1;2605210132;H;COP;1951693
1083098;13000368;4916503098;GRASA DE POLLO;20;6.000;261;22/5/2026;22/5/2026;1001;1;B010;1;2605210132;H;COP;1951693
1083098;13000368;4916503182;GRASA DE POLLO;33,800;10.140;261;22/5/2026;22/5/2026;1001;1;B010;1;2605220173;H;COP;1951693
1083098;13000368;4916503189;GRASA DE POLLO;18,900;5.670;261;22/5/2026;22/5/2026;1001;1;B010;1;2605220187;H;COP;1951693
1083098;13000368;4916506624;GRASA DE POLLO;55,100;16.530;261;22/5/2026;22/5/2026;1001;1;B010;1;2605220173;H;COP;1951693
1083098;13000371;4916498496;PUNTILLAS;60;12.000;261;22/5/2026;22/5/2026;1001;1;B010;1;2605210132;H;COP;1951693
1083098;13000371;4916503082;PUNTILLAS;72;14.400;261;22/5/2026;22/5/2026;1001;1;B010;1;2605210132;H;COP;1951693
1083098;13000371;4916503196;PUNTILLAS;20;4.000;261;22/5/2026;22/5/2026;1001;1;B010;1;2605220187;H;COP;1951693
1083098;13000371;4916503203;PUNTILLAS;54;10.800;261;22/5/2026;22/5/2026;1001;1;B010;1;2605210140;H;COP;1951693
1083098;13000371;4916506647;PUNTILLAS;20;4.000;261;22/5/2026;22/5/2026;1001;1;B010;1;2605220187;H;COP;1951693
1083098;13000371;4916506740;PUNTILLAS;45,500;9.100;261;22/5/2026;22/5/2026;1001;1;B010;1;2605220173;H;COP;1951693
1083098;18001593;4916514451;BOLSA PASTA DE POLLO BTOX9BOLX50UN;180;138.810;261;23/5/2026;23/5/2026;1001;1;B010;1;2604291279;H;COP;1951693
1083098;18001602;4916507898;ETIQUETA TERMICA CJX4ROLX2605UN;25;1.200;261;22/5/2026;22/5/2026;1001;1;B010;1;2605081380;H;COP;1951693
1083098;18001602;4916508436;ETIQUETA TERMICA CJX4ROLX2605UN;1;48;261;22/5/2026;22/5/2026;1001;1;B010;1;2605081380;H;COP;1951693
1083098;18001602;4916508443;ETIQUETA TERMICA CJX4ROLX2605UN;1;48;261;22/5/2026;22/5/2026;1001;1;B010;1;2605081380;H;COP;1951693
1083098;18001612;4916514420;CINTA DE RESINA 110*450M ROLX45000CM;2.145,800;0;261;23/5/2026;23/5/2026;1001;1;B010;1;2603311297;H;COP;1951693
1083098;18001612;4916514451;CINTA DE RESINA 110*450M ROLX45000CM;2.145,800;0;261;23/5/2026;23/5/2026;1001;1;B010;2;2603311297;H;COP;1951693
1083098;14002442;5001993073;PASTA DE POLLO;-2.690;-6.582.430;101;22/5/2026;22/5/2026;1001;4;B010;1;2605220238;S;COP;0
1083098;14002442;5001993850;PASTA DE POLLO;-55;-134.585;101;23/5/2026;23/5/2026;1001;4;B010;1;2605220238;S;COP;0
1083099;11001135;4916507488;MARINADO PICANTE CJX25UN;29;827.886;261;22/5/2026;22/5/2026;1001;1;B010;1;2605070456;H;COP;1951696
1083099;11001135;4916514685;MARINADO PICANTE CJX25UN;35;999.172;261;23/5/2026;23/5/2026;1001;1;B010;2;2605070456;H;COP;1951696
1083099;11001377;4916507488;HIELO BOL(12KG);26;182.000;261;22/5/2026;22/5/2026;1001;1;B010;3;2605201228;H;COP;1951696
1083099;11001377;4916514685;HIELO BOL(12KG);4;28.000;261;23/5/2026;23/5/2026;1001;1;B010;3;2605201228;H;COP;1951696
1083099;12002532;4916514685;ALAS CORTADAS POLLO;528,900;5.619.034;261;23/5/2026;23/5/2026;1001;1;B010;1;2605210137;H;COP;1951696
1083099;18001585;4916507488;BOLSA FUNDA BTOX10BOLX100UN;16;3.450;261;22/5/2026;22/5/2026;1001;1;B010;4;2604151095;H;COP;1951696
1083099;18001586;4916507488;BOLSA FUELLE  BTOX50BOLX100UN;400;22.594;261;22/5/2026;22/5/2026;1001;1;B010;2;2604291357;H;COP;1951696
1083099;18001586;4916508423;BOLSA FUELLE  BTOX50BOLX100UN;400;22.594;261;22/5/2026;22/5/2026;1001;1;B010;2;2604291357;H;COP;1951696
1083099;18001602;4916496193;ETIQUETA TERMICA CJX4ROLX2605UN;200;9.600;261;22/5/2026;22/5/2026;1001;1;B010;1;2604290726;H;COP;1951696
1083099;18001602;4916496195;ETIQUETA TERMICA CJX4ROLX2605UN;200;9.600;261;22/5/2026;22/5/2026;1001;1;B010;1;2604290726;H;COP;1951696
1083099;18001602;4916496211;ETIQUETA TERMICA CJX4ROLX2605UN;200;9.600;261;22/5/2026;22/5/2026;1001;1;B010;1;2604290726;H;COP;1951696
1083099;18001602;4916496744;ETIQUETA TERMICA CJX4ROLX2605UN;300;14.400;261;22/5/2026;22/5/2026;1001;1;B010;1;2604290726;H;COP;1951696
1083099;18001602;4916501574;ETIQUETA TERMICA CJX4ROLX2605UN;300;14.400;261;22/5/2026;22/5/2026;1001;1;B010;1;2605081380;H;COP;1951696
1083099;18001602;4916501580;ETIQUETA TERMICA CJX4ROLX2605UN;300;14.400;261;22/5/2026;22/5/2026;1001;1;B010;1;2605081380;H;COP;1951696
1083099;18001612;4916507488;CINTA DE RESINA 110*450M ROLX45000CM;2.800;0;261;22/5/2026;22/5/2026;1001;1;B010;5;2603311297;H;COP;1951696
1083099;18001602;4916514712;ETIQUETA TERMICA CJX4ROLX2605UN;-1.000;-47.999;262;23/5/2026;23/5/2026;1001;2;B010;1;2604290726;S;COP;0
1083099;14002429;4916508423;ALAS HOT WINGS BOL(40UN);-400;-6.297.200;101;22/5/2026;22/5/2026;1001;4;B010;1;2605220241;S;COP;0
1083100;11000341;4916514619;MARINADOR CRISPY 15.66KG CJX60UN;48;171.674;261;23/5/2026;23/5/2026;1001;1;B010;1;2603050867;H;COP;1951699
1083100;11000341;4916514619;MARINADOR CRISPY 15.66KG CJX60UN;80;286.124;261;23/5/2026;23/5/2026;1001;1;B010;2;2604291170;H;COP;1951699
1083100;11001377;4916514619;HIELO BOL(12KG);10;70.000;261;23/5/2026;23/5/2026;1001;1;B010;4;2605201228;H;COP;1951699
1083100;12002548;4916505262;CARNE POLLO CORTADA PARA POP CORN;502;7.738.330;261;22/5/2026;22/5/2026;1001;1;B010;1;2605220229;H;COP;1951699
1083100;12002548;4916505409;CARNE POLLO CORTADA PARA POP CORN;332,400;5.123.946;261;22/5/2026;22/5/2026;1001;1;B010;1;2605220229;H;COP;1951699
1083100;12002548;4916507073;CARNE POLLO CORTADA PARA POP CORN;328;5.056.121;261;22/5/2026;22/5/2026;1001;1;B010;1;2605220229;H;COP;1951699
1083100;12002548;4916507633;CARNE POLLO CORTADA PARA POP CORN;314,900;4.854.185;261;22/5/2026;22/5/2026;1001;1;B010;1;2605220229;H;COP;1951699
1083100;12002548;4916507927;CARNE POLLO CORTADA PARA POP CORN;94,700;1.459.801;261;22/5/2026;22/5/2026;1001;1;B010;1;2605220229;H;COP;1951699
1083100;12002548;4916509550;CARNE POLLO CORTADA PARA POP CORN;51,100;787.706;261;23/5/2026;23/5/2026;1001;1;B010;1;2605210113;H;COP;1951699
1083100;12002548;4916509550;CARNE POLLO CORTADA PARA POP CORN;270;4.162.050;261;23/5/2026;23/5/2026;1001;1;B010;2;2605220229;H;COP;1951699
1083100;12002548;4916514572;CARNE POLLO CORTADA PARA POP CORN;385,500;5.942.483;261;23/5/2026;23/5/2026;1001;1;B010;1;2605220229;H;COP;1951699
1083100;18001585;4916508422;BOLSA FUNDA BTOX10BOLX100UN;145;31.262;261;22/5/2026;22/5/2026;1001;1;B010;3;2604151095;H;COP;1951699
1083100;18001585;4916514619;BOLSA FUNDA BTOX10BOLX100UN;210;45.276;261;23/5/2026;23/5/2026;1001;1;B010;5;2604151095;H;COP;1951699
1083100;18001586;4916508422;BOLSA FUELLE  BTOX50BOLX100UN;2.815;159.008;261;22/5/2026;22/5/2026;1001;1;B010;2;2604291357;H;COP;1951699
1083100;18001586;4916514619;BOLSA FUELLE  BTOX50BOLX100UN;1.210;68.348;261;23/5/2026;23/5/2026;1001;1;B010;3;2604291357;H;COP;1951699
1083100;18001602;4916499475;ETIQUETA TERMICA CJX4ROLX2605UN;500;24.000;261;22/5/2026;22/5/2026;1001;1;B010;1;2604290726;H;COP;1951699
1083100;18001602;4916500573;ETIQUETA TERMICA CJX4ROLX2605UN;300;14.400;261;22/5/2026;22/5/2026;1001;1;B010;1;2604290726;H;COP;1951699
1083100;18001602;4916500767;ETIQUETA TERMICA CJX4ROLX2605UN;300;14.400;261;22/5/2026;22/5/2026;1001;1;B010;1;2604290726;H;COP;1951699
1083100;18001602;4916500793;ETIQUETA TERMICA CJX4ROLX2605UN;300;14.400;261;22/5/2026;22/5/2026;1001;1;B010;1;2604290726;H;COP;1951699
1083100;18001602;4916501625;ETIQUETA TERMICA CJX4ROLX2605UN;300;14.400;261;22/5/2026;22/5/2026;1001;1;B010;1;2605081380;H;COP;1951699
1083100;18001602;4916502926;ETIQUETA TERMICA CJX4ROLX2605UN;300;14.400;261;22/5/2026;22/5/2026;1001;1;B010;1;2605081380;H;COP;1951699
1083100;18001602;4916502955;ETIQUETA TERMICA CJX4ROLX2605UN;300;14.400;261;22/5/2026;22/5/2026;1001;1;B010;1;2605081380;H;COP;1951699
1083100;18001602;4916502997;ETIQUETA TERMICA CJX4ROLX2605UN;300;14.400;261;22/5/2026;22/5/2026;1001;1;B010;1;2605081380;H;COP;1951699
1083100;18001602;4916503024;ETIQUETA TERMICA CJX4ROLX2605UN;300;14.400;261;22/5/2026;22/5/2026;1001;1;B010;1;2605081380;H;COP;1951699
1083100;18001602;4916503031;ETIQUETA TERMICA CJX4ROLX2605UN;300;14.400;261;22/5/2026;22/5/2026;1001;1;B010;1;2605081380;H;COP;1951699
1083100;18001602;4916507267;ETIQUETA TERMICA CJX4ROLX2605UN;300;14.400;261;22/5/2026;22/5/2026;1001;1;B010;1;2605081380;H;COP;1951699
1083100;18001602;4916507670;ETIQUETA TERMICA CJX4ROLX2605UN;200;9.600;261;22/5/2026;22/5/2026;1001;1;B010;1;2605081380;H;COP;1951699
1083100;18001602;4916507737;ETIQUETA TERMICA CJX4ROLX2605UN;200;9.600;261;22/5/2026;22/5/2026;1001;1;B010;1;2605081380;H;COP;1951699
1083100;18001602;4916507987;ETIQUETA TERMICA CJX4ROLX2605UN;200;9.600;261;22/5/2026;22/5/2026;1001;1;B010;1;2605081380;H;COP;1951699
1083100;18001612;4916508422;CINTA DE RESINA 110*450M ROLX45000CM;3.245,800;0;261;22/5/2026;22/5/2026;1001;1;B010;4;2603311297;H;COP;1951699
1083100;18001612;4916514619;CINTA DE RESINA 110*450M ROLX45000CM;2.145,800;0;261;23/5/2026;23/5/2026;1001;1;B010;6;2603311297;H;COP;1951699
1083100;14002613;4916507557;POP CORN BOL(0,88KG);-30;-365.580;101;22/5/2026;22/5/2026;1001;4;B010;1;2605220244;S;COP;0
1083100;14002613;4916507610;POP CORN BOL(0,88KG);-69;-840.834;101;22/5/2026;22/5/2026;1001;4;B010;1;2605220244;S;COP;0
1083100;14002613;4916508422;POP CORN BOL(0,88KG);-2.815;-34.303.590;101;22/5/2026;22/5/2026;1001;4;B010;1;2605220244;S;COP;0
1083101;14002446;4916506471;CARNE BIG CRUNCH;565,400;9.062.231;261;22/5/2026;22/5/2026;1001;1;B010;1;2605220233;H;COP;1951700
1083101;14002446;4916507147;CARNE BIG CRUNCH;28;448.784;261;22/5/2026;22/5/2026;1001;1;B010;1;2605210117;H;COP;1951700
1083101;18001585;4916509532;BOLSA FUNDA BTOX10BOLX100UN;55;11.858;261;23/5/2026;23/5/2026;1001;1;B010;1;2604151095;H;COP;1951700
1083101;18001586;4916508521;BOLSA FUELLE  BTOX50BOLX100UN;114;6.439;261;22/5/2026;22/5/2026;1001;1;B010;2;2604291357;H;COP;1951700
1083101;18001602;4916496215;ETIQUETA TERMICA CJX4ROLX2605UN;200;9.600;261;22/5/2026;22/5/2026;1001;1;B010;1;2604290726;H;COP;1951700
1083101;18001602;4916496235;ETIQUETA TERMICA CJX4ROLX2605UN;200;9.600;261;22/5/2026;22/5/2026;1001;1;B010;1;2604290726;H;COP;1951700
1083101;18001602;4916496678;ETIQUETA TERMICA CJX4ROLX2605UN;300;14.400;261;22/5/2026;22/5/2026;1001;1;B010;1;2604290726;H;COP;1951700
1083101;18001602;4916496735;ETIQUETA TERMICA CJX4ROLX2605UN;300;14.400;261;22/5/2026;22/5/2026;1001;1;B010;1;2604290726;H;COP;1951700
1083101;18001602;4916497118;ETIQUETA TERMICA CJX4ROLX2605UN;300;14.400;261;22/5/2026;22/5/2026;1001;1;B010;1;2604290726;H;COP;1951700
1083101;18001602;4916509532;ETIQUETA TERMICA CJX4ROLX2605UN;-1.000;-47.999;262;23/5/2026;23/5/2026;1001;1;B010;2;2604290726;S;COP;1951700
1083101;14002427;4916500127;BIG CRUNCH MARINADO BOL(10UN);-300;-2.829.000;101;22/5/2026;22/5/2026;1001;4;B010;1;2605220245;S;COP;0
1083101;14002427;4916501693;BIG CRUNCH MARINADO BOL(10UN);-40;-377.200;101;22/5/2026;22/5/2026;1001;4;B010;1;2605220245;S;COP;0
1083101;14002427;4916508521;BIG CRUNCH MARINADO BOL(10UN);-114;-1.075.020;101;22/5/2026;22/5/2026;1001;4;B010;1;2605220245;S;COP;0
1083102;11000341;4916499495;MARINADOR CRISPY 15.66KG CJX60UN;45;160.945;261;22/5/2026;22/5/2026;1001;1;B010;3;2603050867;H;COP;1951701
1083102;11000341;4916509537;MARINADOR CRISPY 15.66KG CJX60UN;17;60.801;261;23/5/2026;23/5/2026;1001;1;B010;2;2603050867;H;COP;1951701
1083102;11001377;4916509537;HIELO BOL(12KG);10;70.000;261;23/5/2026;23/5/2026;1001;1;B010;1;2605201228;H;COP;1951701
1083102;14002437;4916499495;CARNE PARA KENTUCKY SANDWNCH;298,909;5.062.024;261;22/5/2026;22/5/2026;1001;1;B010;2;2605210116;H;COP;1951701
1083102;14002437;4916504304;CARNE PARA KENTUCKY SANDWNCH;917,200;15.532.782;261;22/5/2026;22/5/2026;1001;1;B010;1;2605220232;H;COP;1951701
1083102;14002437;4916509536;CARNE PARA KENTUCKY SANDWNCH;-69,200;-1.171.902;262;23/5/2026;23/5/2026;1001;1;B010;1;2605220232;S;COP;1951701
1083102;18001585;4916499495;BOLSA FUNDA BTOX10BOLX100UN;31;6.684;261;22/5/2026;22/5/2026;1001;1;B010;5;2604151095;H;COP;1951701
1083102;18001586;4916499495;BOLSA FUELLE  BTOX50BOLX100UN;600;33.891;261;22/5/2026;22/5/2026;1001;1;B010;4;2604291357;H;COP;1951701
1083102;18001602;4916497104;ETIQUETA TERMICA CJX4ROLX2605UN;300;14.400;261;22/5/2026;22/5/2026;1001;1;B010;1;2604290726;H;COP;1951701
1083102;18001602;4916497109;ETIQUETA TERMICA CJX4ROLX2605UN;300;14.400;261;22/5/2026;22/5/2026;1001;1;B010;1;2604290726;H;COP;1951701
1083102;18001602;4916498539;ETIQUETA TERMICA CJX4ROLX2605UN;300;14.400;261;22/5/2026;22/5/2026;1001;1;B010;1;2604290726;H;COP;1951701
1083102;18001602;4916498551;ETIQUETA TERMICA CJX4ROLX2605UN;200;9.600;261;22/5/2026;22/5/2026;1001;1;B010;1;2604290726;H;COP;1951701
1083102;18001602;4916498556;ETIQUETA TERMICA CJX4ROLX2605UN;300;14.400;261;22/5/2026;22/5/2026;1001;1;B010;1;2604290726;H;COP;1951701
1083102;18001602;4916499235;ETIQUETA TERMICA CJX4ROLX2605UN;300;14.400;261;22/5/2026;22/5/2026;1001;1;B010;1;2604290726;H;COP;1951701
1083102;18001602;4916499495;ETIQUETA TERMICA CJX4ROLX2605UN;0,635;30;261;22/5/2026;22/5/2026;1001;1;B010;7;2604241568;H;COP;1951701
1083102;18001602;4916499495;ETIQUETA TERMICA CJX4ROLX2605UN;599,365;28.769;261;22/5/2026;22/5/2026;1001;1;B010;8;2604290726;H;COP;1951701
1083102;18001602;4916507999;ETIQUETA TERMICA CJX4ROLX2605UN;200;9.600;261;22/5/2026;22/5/2026;1001;1;B010;1;2605081380;H;COP;1951701
1083102;18001602;4916508010;ETIQUETA TERMICA CJX4ROLX2605UN;200;9.600;261;22/5/2026;22/5/2026;1001;1;B010;1;2605081380;H;COP;1951701
1083102;18001602;4916508012;ETIQUETA TERMICA CJX4ROLX2605UN;200;9.600;261;22/5/2026;22/5/2026;1001;1;B010;1;2605081380;H;COP;1951701
1083102;18001602;4916508017;ETIQUETA TERMICA CJX4ROLX2605UN;200;9.600;261;22/5/2026;22/5/2026;1001;1;B010;1;2605081380;H;COP;1951701
1083102;18001602;4916508019;ETIQUETA TERMICA CJX4ROLX2605UN;150;7.200;261;22/5/2026;22/5/2026;1001;1;B010;1;2605081380;H;COP;1951701
1083102;18001612;4916499495;CINTA DE RESINA 110*450M ROLX45000CM;3.000;0;261;22/5/2026;22/5/2026;1001;1;B010;6;2603311297;H;COP;1951701
1083102;11000092;4916509537;CARRAGENINA BTOX25KG;0,537;18.490;261;23/5/2026;23/5/2026;1001;2;B010;3;2603091072;H;COP;0
1083102;11001130;4916509537;SAL YODADA  BTOX25UNX0.5KG;9,339;21.314;261;23/5/2026;23/5/2026;1001;2;B010;4;2604220955;H;COP;0
1083102;18001602;4916509539;ETIQUETA TERMICA CJX4ROLX2605UN;-3.000;-143.997;262;23/5/2026;23/5/2026;1001;2;B010;1;2604290726;S;COP;0
1083102;14002433;4916499495;KENTUCKY SANDWNCH BOL(5UN);-600;-5.156.400;101;22/5/2026;22/5/2026;1001;4;B010;1;2605220246;S;COP;0
1083102;14002433;4916508427;KENTUCKY SANDWNCH BOL(5UN);-690;-5.929.860;101;22/5/2026;22/5/2026;1001;4;B010;1;2605220246;S;COP;0
1083102;14002433;5001993072;KENTUCKY SANDWNCH BOL(5UN);600;5.156.400;102;22/5/2026;22/5/2026;1001;4;B010;1;2605220246;H;COP;0
1083103;11000341;4916509552;MARINADOR CRISPY 15.66KG CJX60UN;11;39.342;261;23/5/2026;23/5/2026;1001;1;B010;1;2603050867;H;COP;1951702
1083103;14002440;4916505989;CARNE DE STRIPS;465,100;7.632.756;261;22/5/2026;22/5/2026;1001;1;B010;1;2605220230;H;COP;1951702
1083103;14002440;4916507053;CARNE DE STRIPS;399;6.547.989;261;22/5/2026;22/5/2026;1001;1;B010;1;2605220230;H;COP;1951702
1083103;18001585;4916509552;BOLSA FUNDA BTOX10BOLX100UN;210;45.276;261;23/5/2026;23/5/2026;1001;1;B010;3;2604151095;H;COP;1951702
1083103;18001586;4916509552;BOLSA FUELLE  BTOX50BOLX100UN;1.300;73.432;261;23/5/2026;23/5/2026;1001;1;B010;2;2604291357;H;COP;1951702
1083103;18001602;4916501425;ETIQUETA TERMICA CJX4ROLX2605UN;300;14.400;261;22/5/2026;22/5/2026;1001;1;B010;1;2605081380;H;COP;1951702
1083103;18001602;4916503162;ETIQUETA TERMICA CJX4ROLX2605UN;300;14.400;261;22/5/2026;22/5/2026;1001;1;B010;1;2605081380;H;COP;1951702
1083103;18001602;4916503186;ETIQUETA TERMICA CJX4ROLX2605UN;200;9.600;261;22/5/2026;22/5/2026;1001;1;B010;1;2605081380;H;COP;1951702
1083103;18001602;4916507288;ETIQUETA TERMICA CJX4ROLX2605UN;300;14.400;261;22/5/2026;22/5/2026;1001;1;B010;1;2605081380;H;COP;1951702
1083103;18001602;4916508025;ETIQUETA TERMICA CJX4ROLX2605UN;200;9.600;261;22/5/2026;22/5/2026;1001;1;B010;1;2605081380;H;COP;1951702
1083103;18001602;4916508028;ETIQUETA TERMICA CJX4ROLX2605UN;200;9.600;261;22/5/2026;22/5/2026;1001;1;B010;1;2605081380;H;COP;1951702
1083103;18001612;4916509552;CINTA DE RESINA 110*450M ROLX45000CM;4.522,200;0;261;23/5/2026;23/5/2026;1001;1;B010;4;2603311297;H;COP;1951702
1083103;11000092;4916509552;CARRAGENINA BTOX25KG;0,405;13.945;261;23/5/2026;23/5/2026;1001;2;B010;5;2603091072;H;COP;0
1083103;11001130;4916509552;SAL YODADA  BTOX25UNX0.5KG;7,426;16.948;261;23/5/2026;23/5/2026;1001;2;B010;6;2604220958;H;COP;0
1083103;14002441;4916500538;STRIPS MARINADO BOL(20UN);-3.000;-50.571.000;101;22/5/2026;22/5/2026;1001;4;B010;1;2605220247;S;COP;0
1083103;14002441;5001993081;STRIPS MARINADO BOL(20UN);2.094;35.298.558;102;22/5/2026;22/5/2026;1001;4;B010;1;2605220247;H;COP;0
1083118;11001134;4916510947;MARINADOR CRISPY INYECCION BTOX20KG;148,800;1.695.872;261;23/5/2026;23/5/2026;1003;1;B010;1;2605201265;H;COP;1951795
1083118;18001591;4916510953;BOLSA ENSALADA IMPRESA BTOX10BOLX100UN;8;2.502;261;23/5/2026;23/5/2026;1003;1;B010;1;2604221468;H;COP;1951795
1083118;18001602;4916496675;ETIQUETA TERMICA CJX4ROLX2605UN;2;96;261;22/5/2026;22/5/2026;1001;1;B010;1;2604290726;H;COP;1951795
1083118;18001612;4916510947;CINTA DE RESINA 110*450M ROLX45000CM;300;0;261;23/5/2026;23/5/2026;1001;1;B010;2;2603311297;H;COP;1951795
1083118;12002517;4916496673;MIX DE SALMUERA CRISPY;-148,800;-1.933.954;101;22/5/2026;22/5/2026;1003;4;B010;1;2605220377;S;COP;0
1083125;18001586;4916508438;BOLSA FUELLE  BTOX50BOLX100UN;1.651;93.258;261;22/5/2026;22/5/2026;1001;1;B010;2;2604291357;H;COP;1952099
1083125;18001602;4916499259;ETIQUETA TERMICA CJX4ROLX2605UN;300;14.400;261;22/5/2026;22/5/2026;1001;1;B010;1;2604290726;H;COP;1952099
1083125;18001602;4916501547;ETIQUETA TERMICA CJX4ROLX2605UN;300;14.400;261;22/5/2026;22/5/2026;1001;1;B010;1;2605081380;H;COP;1952099
1083125;18001602;4916501550;ETIQUETA TERMICA CJX4ROLX2605UN;300;14.400;261;22/5/2026;22/5/2026;1001;1;B010;1;2605081380;H;COP;1952099
1083125;18001602;4916502071;ETIQUETA TERMICA CJX4ROLX2605UN;300;14.400;261;22/5/2026;22/5/2026;1001;1;B010;1;2605081380;H;COP;1952099
1083125;18001602;4916507279;ETIQUETA TERMICA CJX4ROLX2605UN;300;14.400;261;22/5/2026;22/5/2026;1001;1;B010;1;2605081380;H;COP;1952099
1083125;18001602;4916507674;ETIQUETA TERMICA CJX4ROLX2605UN;200;9.600;261;22/5/2026;22/5/2026;1001;1;B010;1;2605081380;H;COP;1952099
1083125;18001602;4916508255;ETIQUETA TERMICA CJX4ROLX2605UN;150;7.200;261;22/5/2026;22/5/2026;1001;1;B010;1;2605081380;H;COP;1952099
1083125;18001602;4916508306;ETIQUETA TERMICA CJX4ROLX2605UN;100;4.800;261;22/5/2026;22/5/2026;1001;1;B010;1;2605081380;H;COP;1952099
1083125;14002433;4916508438;KENTUCKY SANDWNCH BOL(5UN);-1.651;-14.188.694;101;22/5/2026;22/5/2026;1001;4;B010;1;2605220843;S;COP;0
1083127;11001135;4916516229;MARINADO PICANTE CJX25UN;40;1.141.911;261;23/5/2026;23/5/2026;1001;1;B010;1;2604291026;H;COP;1952285
1083127;12002532;4916504644;ALAS CORTADAS POLLO;265,100;2.816.423;261;22/5/2026;22/5/2026;1001;1;B010;1;2605220192;H;COP;1952285
1083127;12002532;4916504774;ALAS CORTADAS POLLO;464;4.929.536;261;22/5/2026;22/5/2026;1001;1;B010;1;2605220178;H;COP;1952285
1083127;12002532;4916507101;ALAS CORTADAS POLLO;164,300;1.745.523;261;22/5/2026;22/5/2026;1001;1;B010;1;2605220178;H;COP;1952285
1083127;12002532;4916507131;ALAS CORTADAS POLLO;54,400;577.946;261;22/5/2026;22/5/2026;1001;1;B010;1;2605210145;H;COP;1952285
1083127;12002532;4916514749;ALAS CORTADAS POLLO;548,500;5.827.264;261;23/5/2026;23/5/2026;1001;1;B010;1;2605210137;H;COP;1952285
1083127;12002532;4916514749;ALAS CORTADAS POLLO;691,300;7.344.371;261;23/5/2026;23/5/2026;1001;1;B010;2;2605220178;H;COP;1952285
1083127;12002532;4916514749;ALAS CORTADAS POLLO;188,600;2.003.686;261;23/5/2026;23/5/2026;1001;1;B010;3;2605220192;H;COP;1952285
1083127;18001585;4916514749;BOLSA FUNDA BTOX10BOLX100UN;110;23.716;261;23/5/2026;23/5/2026;1001;1;B010;5;2604151095;H;COP;1952285
1083127;18001586;4916508426;BOLSA FUELLE  BTOX50BOLX100UN;1.797;101.505;261;22/5/2026;22/5/2026;1001;1;B010;2;2604291357;H;COP;1952285
1083127;18001586;4916514749;BOLSA FUELLE  BTOX50BOLX100UN;210;11.862;261;23/5/2026;23/5/2026;1001;1;B010;4;2604291357;H;COP;1952285
1083127;18001602;4916502413;ETIQUETA TERMICA CJX4ROLX2605UN;300;14.400;261;22/5/2026;22/5/2026;1001;1;B010;1;2605081380;H;COP;1952285
1083127;18001602;4916502418;ETIQUETA TERMICA CJX4ROLX2605UN;300;14.400;261;22/5/2026;22/5/2026;1001;1;B010;1;2605081380;H;COP;1952285
1083127;18001602;4916502914;ETIQUETA TERMICA CJX4ROLX2605UN;300;14.400;261;22/5/2026;22/5/2026;1001;1;B010;1;2605081380;H;COP;1952285
1083127;18001602;4916502982;ETIQUETA TERMICA CJX4ROLX2605UN;300;14.400;261;22/5/2026;22/5/2026;1001;1;B010;1;2605081380;H;COP;1952285
1083127;18001602;4916506582;ETIQUETA TERMICA CJX4ROLX2605UN;300;14.400;261;22/5/2026;22/5/2026;1001;1;B010;1;2605081380;H;COP;1952285
1083127;18001602;4916506611;ETIQUETA TERMICA CJX4ROLX2605UN;300;14.400;261;22/5/2026;22/5/2026;1001;1;B010;1;2605081380;H;COP;1952285
1083127;18001602;4916507709;ETIQUETA TERMICA CJX4ROLX2605UN;200;9.600;261;22/5/2026;22/5/2026;1001;1;B010;1;2605081380;H;COP;1952285
1083127;14002429;4916508426;ALAS HOT WINGS BOL(40UN);-1.797;-28.290.171;101;22/5/2026;22/5/2026;1001;4;B010;1;2605221200;S;COP;0
1083128;11000341;4916509531;MARINADOR CRISPY 15.66KG CJX60UN;21;75.108;261;23/5/2026;23/5/2026;1001;1;B010;1;2603050867;H;COP;1952291
1083128;11001377;4916509531;HIELO BOL(12KG);10;70.000;261;23/5/2026;23/5/2026;1001;1;B010;3;2605201228;H;COP;1952291
1083128;14002446;4916507625;CARNE BIG CRUNCH;665;10.658.620;261;22/5/2026;22/5/2026;1001;1;B010;1;2605220233;H;COP;1952291
1083128;14002446;4916507919;CARNE BIG CRUNCH;326,500;5.233.142;261;22/5/2026;22/5/2026;1001;1;B010;1;2605220233;H;COP;1952291
1083128;18001585;4916509531;BOLSA FUNDA BTOX10BOLX100UN;110;23.716;261;23/5/2026;23/5/2026;1001;1;B010;4;2604151095;H;COP;1952291
1083128;18001586;4916508526;BOLSA FUELLE  BTOX50BOLX100UN;1.855;104.781;261;22/5/2026;22/5/2026;1001;1;B010;2;2604291357;H;COP;1952291
1083128;18001586;4916509531;BOLSA FUELLE  BTOX50BOLX100UN;1.580;89.248;261;23/5/2026;23/5/2026;1001;1;B010;2;2604291357;H;COP;1952291
1083128;18001602;4916503311;ETIQUETA TERMICA CJX4ROLX2605UN;300;14.400;261;22/5/2026;22/5/2026;1001;1;B010;1;2605081380;H;COP;1952291
1083128;18001602;4916505646;ETIQUETA TERMICA CJX4ROLX2605UN;200;9.600;261;22/5/2026;22/5/2026;1001;1;B010;1;2605081380;H;COP;1952291
1083128;18001602;4916505702;ETIQUETA TERMICA CJX4ROLX2605UN;200;9.600;261;22/5/2026;22/5/2026;1001;1;B010;1;2605081380;H;COP;1952291
1083128;18001602;4916505719;ETIQUETA TERMICA CJX4ROLX2605UN;200;9.600;261;22/5/2026;22/5/2026;1001;1;B010;1;2605081380;H;COP;1952291
1083128;18001602;4916507251;ETIQUETA TERMICA CJX4ROLX2605UN;200;9.600;261;22/5/2026;22/5/2026;1001;1;B010;1;2605081380;H;COP;1952291
1083128;18001602;4916507501;ETIQUETA TERMICA CJX4ROLX2605UN;200;9.600;261;22/5/2026;22/5/2026;1001;1;B010;1;2605081380;H;COP;1952291
1083128;18001602;4916507505;ETIQUETA TERMICA CJX4ROLX2605UN;200;9.600;261;22/5/2026;22/5/2026;1001;1;B010;1;2605081380;H;COP;1952291
1083128;18001602;4916507516;ETIQUETA TERMICA CJX4ROLX2605UN;100;4.800;261;22/5/2026;22/5/2026;1001;1;B010;1;2605081380;H;COP;1952291
1083128;18001602;4916507654;ETIQUETA TERMICA CJX4ROLX2605UN;200;9.600;261;22/5/2026;22/5/2026;1001;1;B010;1;2605081380;H;COP;1952291
1083128;18001602;4916507660;ETIQUETA TERMICA CJX4ROLX2605UN;200;9.600;261;22/5/2026;22/5/2026;1001;1;B010;1;2605081380;H;COP;1952291
1083128;18001602;4916507892;ETIQUETA TERMICA CJX4ROLX2605UN;200;9.600;261;22/5/2026;22/5/2026;1001;1;B010;1;2605081380;H;COP;1952291
1083128;18001602;4916507981;ETIQUETA TERMICA CJX4ROLX2605UN;200;9.600;261;22/5/2026;22/5/2026;1001;1;B010;1;2605081380;H;COP;1952291
1083128;18001602;4916507984;ETIQUETA TERMICA CJX4ROLX2605UN;200;9.600;261;22/5/2026;22/5/2026;1001;1;B010;1;2605081380;H;COP;1952291
1083128;18001602;4916508065;ETIQUETA TERMICA CJX4ROLX2605UN;150;7.200;261;22/5/2026;22/5/2026;1001;1;B010;1;2605081380;H;COP;1952291
1083128;18001612;4916509531;CINTA DE RESINA 110*450M ROLX45000CM;3.234,800;0;261;23/5/2026;23/5/2026;1001;1;B010;5;2603311297;H;COP;1952291
1083128;11000092;4916509531;CARRAGENINA BTOX25KG;0,743;25.583;261;23/5/2026;23/5/2026;1001;2;B010;6;2603091072;H;COP;0
1083128;11001130;4916509531;SAL YODADA  BTOX25UNX0.5KG;13,620;31.084;261;23/5/2026;23/5/2026;1001;2;B010;7;2604220958;H;COP;0
1083128;14002427;4916505680;BIG CRUNCH MARINADO BOL(10UN);-390;-3.677.700;101;22/5/2026;22/5/2026;1001;4;B010;1;2605221210;S;COP;0
1083128;14002427;4916508526;BIG CRUNCH MARINADO BOL(10UN);-1.855;-17.492.650;101;22/5/2026;22/5/2026;1001;4;B010;1;2605221210;S;COP;0
1083130;11000456;4916511005;POLVO IMOR BTOX20KG;320,640;3.292.713;261;23/5/2026;23/5/2026;1003;1;B010;1;2604291065;H;COP;1952475
1083130;18001591;4916511005;BOLSA ENSALADA IMPRESA BTOX10BOLX100UN;50;15.637;261;23/5/2026;23/5/2026;1003;1;B010;2;2604221468;H;COP;1952475
1083130;18001602;4916504297;ETIQUETA TERMICA CJX4ROLX2605UN;49;2.352;261;22/5/2026;22/5/2026;1001;1;B010;1;2604290726;H;COP;1952475
1083130;18001612;4916511005;CINTA DE RESINA 110*450M ROLX45000CM;500;0;261;23/5/2026;23/5/2026;1001;1;B010;3;2603311297;H;COP;1952475
1083130;12002516;4916504347;MIX DE SALMUERA ORIGINAL;-320,640;-3.853.452;101;22/5/2026;22/5/2026;1003;4;B010;1;2605221371;S;COP;0
1083130;12002516;4916510987;MIX DE SALMUERA ORIGINAL;6,680;80.280;102;23/5/2026;23/5/2026;1003;4;B010;1;2605221371;H;COP;0
1083130;12002516;5001992645;MIX DE SALMUERA ORIGINAL;-6,680;-80.280;101;22/5/2026;22/5/2026;1003;4;B010;1;2605221371;S;COP;0
1083132;11001132;4916518597;SALSA DE AREQUIPE BOLX5KG;86,080;919.732;261;24/5/2026;24/5/2026;1008;1;B010;3;2605141157;H;COP;1952537
1083132;18001597;4916518597;ETIQUETA POSTRES CJX6ROLX10786UN;10.500;851.914;261;24/5/2026;24/5/2026;1008;1;B010;4;2401300920;H;COP;1952537
1083132;18001602;4916505563;ETIQUETA TERMICA CJX4ROLX2605UN;103;4.944;261;22/5/2026;22/5/2026;1008;1;B010;1;2604290726;H;COP;1952537
1083132;18001602;4916518597;ETIQUETA TERMICA CJX4ROLX2605UN;103;4.944;261;24/5/2026;24/5/2026;1008;1;B010;6;2604290726;H;COP;1952537
1083132;18001612;4916518597;CINTA DE RESINA 110*450M ROLX45000CM;8.000;0;261;24/5/2026;24/5/2026;1008;1;B010;5;2604170949;H;COP;1952537
1083132;18001664;4916518597;CAJA HELADOS C790 50X34 BTOX25UN;100;479.320;261;24/5/2026;24/5/2026;1008;1;B010;7;2605060291;H;COP;1952537
1083132;18001665;4916518597;SEPARADOR HELADO BOLX50UN;300;162.600;261;24/5/2026;24/5/2026;1008;1;B010;8;2604300729;H;COP;1952537
1083132;18001776;4916518597;TAPA PAPEL 7.25OZ CJX35BOLX50UN;1.001;86.563;261;24/5/2026;24/5/2026;1008;1;B010;2;2604201130;H;COP;1952537
1083132;18001776;4916518604;TAPA PAPEL 7.25OZ CJX35BOLX50UN;9.000;778.289;261;24/5/2026;24/5/2026;1008;1;B010;1;2604201130;H;COP;1952537
1083132;18001892;4916518632;VASO SUNDAE AREQUIPE 7.25OZ CJX35BOLX50U;10.500;1.064.281;261;24/5/2026;24/5/2026;1008;1;B010;1;2605190686;H;COP;1952537
1083132;11001128;4916518597;BASE HELADO VAINILLA CJX13.2KG;1.123,500;5.503.025;261;24/5/2026;24/5/2026;1008;2;B010;11;2605080638;H;COP;0
1083132;11001132;4916518597;SALSA DE AREQUIPE BOLX5KG;50;534.231;261;24/5/2026;24/5/2026;1008;2;B010;9;2605160368;H;COP;0
1083132;11001132;4916518597;SALSA DE AREQUIPE BOLX5KG;63,420;677.618;261;24/5/2026;24/5/2026;1008;2;B010;10;2605160367;H;COP;0
1083132;18001776;4916518597;TAPA PAPEL 7.25OZ CJX35BOLX50UN;500;43.238;261;24/5/2026;24/5/2026;1008;2;B010;13;2605190846;H;COP;0
1083132;18001932;4916518597;SEPARADOR HELADO TROQUELADO BOL(50UN);101;80.295;261;24/5/2026;24/5/2026;1008;2;B010;12;2604300309;H;COP;0
1083132;14002995;4916518597;SUNDAE DE AREQUIPE CJ(105UN);-100;-13.964.900;101;24/5/2026;24/5/2026;1008;4;B010;1;2605221433;S;COP;0
1083133;18001602;4916505671;ETIQUETA TERMICA CJX4ROLX2605UN;200;9.600;261;22/5/2026;22/5/2026;1002;1;B010;1;2604290726;H;COP;1952540
1083133;18001602;4916505683;ETIQUETA TERMICA CJX4ROLX2605UN;200;9.600;261;22/5/2026;22/5/2026;1002;1;B010;1;2604290726;H;COP;1952540
1083133;18001602;4916505691;ETIQUETA TERMICA CJX4ROLX2605UN;200;9.600;261;22/5/2026;22/5/2026;1002;1;B010;1;2604290726;H;COP;1952540
1083133;18001602;4916505699;ETIQUETA TERMICA CJX4ROLX2605UN;168;8.064;261;22/5/2026;22/5/2026;1002;1;B010;1;2604290726;H;COP;1952540
1083133;18001602;4916545681;ETIQUETA TERMICA CJX4ROLX2605UN;-768;-36.863;262;26/5/2026;26/5/2026;1002;2;B010;1;2604290726;S;COP;0
1083134;11000784;4916511135;ALAS DE POLLO MP;234;1.958.059;261;23/5/2026;23/5/2026;1001;1;B010;1;2605221456;H;COP;1952839
1083134;11000784;4916511160;ALAS DE POLLO MP;198;1.656.819;261;23/5/2026;23/5/2026;1001;1;B010;1;2605211315;H;COP;1952839
1083134;11000784;4916511165;ALAS DE POLLO MP;134;1.121.281;261;23/5/2026;23/5/2026;1001;1;B010;1;2605221325;H;COP;1952839
1083134;11000784;4916511165;ALAS DE POLLO MP;5;41.839;261;23/5/2026;23/5/2026;1001;1;B010;2;2605211315;H;COP;1952839
1083134;11000784;4916513200;ALAS DE POLLO MP;86;720.283;261;23/5/2026;23/5/2026;1001;1;B010;1;2605221456;H;COP;1952839
1083134;11000784;4916513302;ALAS DE POLLO MP;305,200;2.554.744;261;23/5/2026;23/5/2026;1001;1;B010;1;2605221043;H;COP;1952839
1083134;11000784;4916515452;ALAS DE POLLO MP;283,100;2.371.858;261;23/5/2026;23/5/2026;1001;1;B010;1;2605230649;H;COP;1952839
1083134;11000784;4916515461;ALAS DE POLLO MP;140,200;1.174.619;261;23/5/2026;23/5/2026;1001;1;B010;1;2605230353;H;COP;1952839
1083134;11001117;4916511589;POLLO FRESCO CJX20UN;3.400;42.649.015;261;23/5/2026;23/5/2026;1001;1;B010;1;2605211329;H;COP;1952839
1083134;11001117;4916512338;POLLO FRESCO CJX20UN;2.000;25.087.656;261;23/5/2026;23/5/2026;1001;1;B010;1;2605201017;H;COP;1952839
1083134;11001117;4916512829;POLLO FRESCO CJX20UN;1.000;12.490.745;261;23/5/2026;23/5/2026;1001;1;B010;1;2605221426;H;COP;1952839
1083134;11001117;4916512829;POLLO FRESCO CJX20UN;3.620;45.216.495;261;23/5/2026;23/5/2026;1001;1;B010;2;2605221274;H;COP;1952839
1083134;11001117;4916515189;POLLO FRESCO CJX20UN;3.000;37.572.337;261;23/5/2026;23/5/2026;1001;1;B010;1;2605210551;H;COP;1952839
1083134;11001117;4916515189;POLLO FRESCO CJX20UN;800;10.019.290;261;23/5/2026;23/5/2026;1001;1;B010;2;2605210966;H;COP;1952839
1083134;11001117;4916515550;POLLO FRESCO CJX20UN;1.640;20.539.544;261;23/5/2026;23/5/2026;1001;1;B010;1;2605210966;H;COP;1952839
1083134;11001117;4916516299;POLLO FRESCO CJX20UN;3.400;42.581.982;261;23/5/2026;23/5/2026;1001;1;B010;1;2605220448;H;COP;1952839
1083134;12001209;4916516676;SALMUERA CRISPY;689,280;1.248.976;261;23/5/2026;23/5/2026;1001;1;B010;1;2605230072;H;COP;1952839
1083134;12001211;4916516646;SALMUERA IMOR;320,040;281.955;261;23/5/2026;23/5/2026;1001;1;B010;1;2605220199;H;COP;1952839
1083134;13000368;4916514878;GRASA DE POLLO;-49,100;-14.730;531;23/5/2026;23/5/2026;1001;1;B010;1;2605230060;S;COP;1952839
1083134;13000368;4916516337;GRASA DE POLLO;-100;-30.000;531;23/5/2026;23/5/2026;1001;1;B010;1;2605230060;S;COP;1952839
1083134;13000368;4916516340;GRASA DE POLLO;-10,300;-3.090;531;23/5/2026;23/5/2026;1001;1;B010;1;2605230060;S;COP;1952839
1083134;13000368;4916516343;GRASA DE POLLO;-40;-12.000;531;23/5/2026;23/5/2026;1001;1;B010;1;2605230060;S;COP;1952839
1083134;13000370;4916516375;PRESAS POLLO DE SEGUNDA;-19,900;-132.335;531;23/5/2026;23/5/2026;1001;1;B010;1;2605230060;S;COP;1952839
1083134;13000371;4916514369;PUNTILLAS;-100;-20.000;531;23/5/2026;23/5/2026;1001;1;B010;1;2605230060;S;COP;1952839
1083134;13000371;4916514396;PUNTILLAS;-80;-16.000;531;23/5/2026;23/5/2026;1001;1;B010;1;2605230060;S;COP;1952839
1083134;13000371;4916516322;PUNTILLAS;-120;-24.000;531;23/5/2026;23/5/2026;1001;1;B010;1;2605230060;S;COP;1952839
1083134;13000371;4916516327;PUNTILLAS;-120;-24.000;531;23/5/2026;23/5/2026;1001;1;B010;1;2605230060;S;COP;1952839
1083134;13000371;4916516329;PUNTILLAS;-11;-2.200;531;23/5/2026;23/5/2026;1001;1;B010;1;2605230060;S;COP;1952839
1083134;13000371;4916516459;PUNTILLAS;-23;-4.600;531;23/5/2026;23/5/2026;1001;1;B010;1;2605230060;S;COP;1952839
1083134;18001587;4916516694;BOLSA POLLO ORIGINAL  BTOX2500UN;4.000;419.812;261;23/5/2026;23/5/2026;1001;1;B010;1;2605061129;H;COP;1952839
1083134;18001588;4916516451;BOLSA POLLO CRISPY  BTOX2500UN;1.600;169.223;261;23/5/2026;23/5/2026;1001;1;B010;1;2604291273;H;COP;1952839
1083134;18001596;4916510507;ETIQUETA COLORES CJX6ROLX3800UN;1;100;261;23/5/2026;23/5/2026;1001;1;B010;1;2404011303;H;COP;1952839
1083134;18001596;4916510522;ETIQUETA COLORES CJX6ROLX3800UN;1;100;261;23/5/2026;23/5/2026;1001;1;B010;1;2404011303;H;COP;1952839
1083134;18001596;4916510525;ETIQUETA COLORES CJX6ROLX3800UN;1;100;261;23/5/2026;23/5/2026;1001;1;B010;1;2404011303;H;COP;1952839
1083134;18001596;4916511174;ETIQUETA COLORES CJX6ROLX3800UN;1;100;261;23/5/2026;23/5/2026;1001;1;B010;1;2404011303;H;COP;1952839
1083134;18001596;4916511193;ETIQUETA COLORES CJX6ROLX3800UN;1;100;261;23/5/2026;23/5/2026;1001;1;B010;1;2404011303;H;COP;1952839
1083134;18001596;4916511210;ETIQUETA COLORES CJX6ROLX3800UN;1;100;261;23/5/2026;23/5/2026;1001;1;B010;1;2404011303;H;COP;1952839
1083134;18001596;4916511225;ETIQUETA COLORES CJX6ROLX3800UN;1;100;261;23/5/2026;23/5/2026;1001;1;B010;1;2404011303;H;COP;1952839
1083134;18001596;4916511246;ETIQUETA COLORES CJX6ROLX3800UN;1;100;261;23/5/2026;23/5/2026;1001;1;B010;1;2404011303;H;COP;1952839
1083134;18001596;4916511305;ETIQUETA COLORES CJX6ROLX3800UN;1;100;261;23/5/2026;23/5/2026;1001;1;B010;1;2404011303;H;COP;1952839
1083134;18001596;4916511840;ETIQUETA COLORES CJX6ROLX3800UN;1;100;261;23/5/2026;23/5/2026;1001;1;B010;1;2404011303;H;COP;1952839
1083134;18001596;4916511860;ETIQUETA COLORES CJX6ROLX3800UN;1;100;261;23/5/2026;23/5/2026;1001;1;B010;1;2404011303;H;COP;1952839
1083134;18001596;4916511871;ETIQUETA COLORES CJX6ROLX3800UN;1;100;261;23/5/2026;23/5/2026;1001;1;B010;1;2404011303;H;COP;1952839
1083134;18001596;4916511907;ETIQUETA COLORES CJX6ROLX3800UN;1;100;261;23/5/2026;23/5/2026;1001;1;B010;1;2404011303;H;COP;1952839
1083134;18001596;4916511919;ETIQUETA COLORES CJX6ROLX3800UN;1;100;261;23/5/2026;23/5/2026;1001;1;B010;1;2404011303;H;COP;1952839
1083134;18001596;4916511929;ETIQUETA COLORES CJX6ROLX3800UN;1;100;261;23/5/2026;23/5/2026;1001;1;B010;1;2404011303;H;COP;1952839
1083134;18001596;4916511989;ETIQUETA COLORES CJX6ROLX3800UN;1;100;261;23/5/2026;23/5/2026;1001;1;B010;1;2404011303;H;COP;1952839
1083134;18001596;4916512010;ETIQUETA COLORES CJX6ROLX3800UN;1;100;261;23/5/2026;23/5/2026;1001;1;B010;1;2404011303;H;COP;1952839
1083134;18001596;4916512029;ETIQUETA COLORES CJX6ROLX3800UN;1;100;261;23/5/2026;23/5/2026;1001;1;B010;1;2404011303;H;COP;1952839
1083134;18001596;4916512059;ETIQUETA COLORES CJX6ROLX3800UN;1;100;261;23/5/2026;23/5/2026;1001;1;B010;1;2404011303;H;COP;1952839
1083134;18001596;4916512085;ETIQUETA COLORES CJX6ROLX3800UN;1;100;261;23/5/2026;23/5/2026;1001;1;B010;1;2404011303;H;COP;1952839
1083134;18001596;4916512109;ETIQUETA COLORES CJX6ROLX3800UN;1;100;261;23/5/2026;23/5/2026;1001;1;B010;1;2404011303;H;COP;1952839
1083134;18001596;4916512140;ETIQUETA COLORES CJX6ROLX3800UN;1;100;261;23/5/2026;23/5/2026;1001;1;B010;1;2404011303;H;COP;1952839
1083134;18001596;4916512245;ETIQUETA COLORES CJX6ROLX3800UN;1;100;261;23/5/2026;23/5/2026;1001;1;B010;1;2404011303;H;COP;1952839
1083134;18001596;4916512249;ETIQUETA COLORES CJX6ROLX3800UN;1;100;261;23/5/2026;23/5/2026;1001;1;B010;1;2404011303;H;COP;1952839
1083134;18001596;4916512295;ETIQUETA COLORES CJX6ROLX3800UN;1;100;261;23/5/2026;23/5/2026;1001;1;B010;1;2404011303;H;COP;1952839
1083134;18001596;4916512331;ETIQUETA COLORES CJX6ROLX3800UN;1;100;261;23/5/2026;23/5/2026;1001;1;B010;1;2404011303;H;COP;1952839
1083134;18001596;4916512358;ETIQUETA COLORES CJX6ROLX3800UN;1;100;261;23/5/2026;23/5/2026;1001;1;B010;1;2404011303;H;COP;1952839
1083134;18001596;4916512425;ETIQUETA COLORES CJX6ROLX3800UN;1;100;261;23/5/2026;23/5/2026;1001;1;B010;1;2404011303;H;COP;1952839
1083134;18001596;4916512510;ETIQUETA COLORES CJX6ROLX3800UN;1;100;261;23/5/2026;23/5/2026;1001;1;B010;1;2404011303;H;COP;1952839
1083134;18001596;4916512523;ETIQUETA COLORES CJX6ROLX3800UN;1;100;261;23/5/2026;23/5/2026;1001;1;B010;1;2404011303;H;COP;1952839
1083134;18001596;4916512536;ETIQUETA COLORES CJX6ROLX3800UN;1;100;261;23/5/2026;23/5/2026;1001;1;B010;1;2404011303;H;COP;1952839
1083134;18001596;4916512864;ETIQUETA COLORES CJX6ROLX3800UN;1;100;261;23/5/2026;23/5/2026;1001;1;B010;1;2404011303;H;COP;1952839
1083134;18001596;4916512924;ETIQUETA COLORES CJX6ROLX3800UN;1;100;261;23/5/2026;23/5/2026;1001;1;B010;1;2404011303;H;COP;1952839
1083134;18001596;4916512933;ETIQUETA COLORES CJX6ROLX3800UN;1;100;261;23/5/2026;23/5/2026;1001;1;B010;1;2404011303;H;COP;1952839
1083134;18001596;4916512944;ETIQUETA COLORES CJX6ROLX3800UN;1;100;261;23/5/2026;23/5/2026;1001;1;B010;1;2404011303;H;COP;1952839
1083134;18001596;4916512960;ETIQUETA COLORES CJX6ROLX3800UN;1;100;261;23/5/2026;23/5/2026;1001;1;B010;1;2404011303;H;COP;1952839
1083134;18001596;4916512988;ETIQUETA COLORES CJX6ROLX3800UN;1;100;261;23/5/2026;23/5/2026;1001;1;B010;1;2404011303;H;COP;1952839
1083134;18001596;4916513009;ETIQUETA COLORES CJX6ROLX3800UN;1;100;261;23/5/2026;23/5/2026;1001;1;B010;1;2404011303;H;COP;1952839
1083134;18001596;4916513039;ETIQUETA COLORES CJX6ROLX3800UN;1;100;261;23/5/2026;23/5/2026;1001;1;B010;1;2404011303;H;COP;1952839
1083134;18001596;4916513186;ETIQUETA COLORES CJX6ROLX3800UN;1;100;261;23/5/2026;23/5/2026;1001;1;B010;1;2404011303;H;COP;1952839
1083134;18001596;4916513234;ETIQUETA COLORES CJX6ROLX3800UN;1;100;261;23/5/2026;23/5/2026;1001;1;B010;1;2404011303;H;COP;1952839
1083134;18001596;4916513335;ETIQUETA COLORES CJX6ROLX3800UN;1;100;261;23/5/2026;23/5/2026;1001;1;B010;1;2404011303;H;COP;1952839
1083134;18001596;4916513364;ETIQUETA COLORES CJX6ROLX3800UN;1;100;261;23/5/2026;23/5/2026;1001;1;B010;1;2404011303;H;COP;1952839
1083134;18001596;4916513371;ETIQUETA COLORES CJX6ROLX3800UN;1;100;261;23/5/2026;23/5/2026;1001;1;B010;1;2404011303;H;COP;1952839
1083134;18001596;4916513534;ETIQUETA COLORES CJX6ROLX3800UN;1;100;261;23/5/2026;23/5/2026;1001;1;B010;1;2404011303;H;COP;1952839
1083134;18001596;4916513541;ETIQUETA COLORES CJX6ROLX3800UN;1;100;261;23/5/2026;23/5/2026;1001;1;B010;1;2404011303;H;COP;1952839
1083134;18001596;4916513555;ETIQUETA COLORES CJX6ROLX3800UN;1;100;261;23/5/2026;23/5/2026;1001;1;B010;1;2404011303;H;COP;1952839
1083134;18001596;4916513571;ETIQUETA COLORES CJX6ROLX3800UN;1;100;261;23/5/2026;23/5/2026;1001;1;B010;1;2404011303;H;COP;1952839
1083134;18001596;4916513584;ETIQUETA COLORES CJX6ROLX3800UN;1;100;261;23/5/2026;23/5/2026;1001;1;B010;1;2404011303;H;COP;1952839
1083134;18001596;4916513592;ETIQUETA COLORES CJX6ROLX3800UN;1;100;261;23/5/2026;23/5/2026;1001;1;B010;1;2404011303;H;COP;1952839
1083134;18001596;4916513599;ETIQUETA COLORES CJX6ROLX3800UN;1;100;261;23/5/2026;23/5/2026;1001;1;B010;1;2404011303;H;COP;1952839
1083134;18001596;4916513631;ETIQUETA COLORES CJX6ROLX3800UN;1;100;261;23/5/2026;23/5/2026;1001;1;B010;1;2404011303;H;COP;1952839
1083134;18001596;4916513642;ETIQUETA COLORES CJX6ROLX3800UN;1;100;261;23/5/2026;23/5/2026;1001;1;B010;1;2404011303;H;COP;1952839
1083134;18001596;4916513653;ETIQUETA COLORES CJX6ROLX3800UN;1;100;261;23/5/2026;23/5/2026;1001;1;B010;1;2404011303;H;COP;1952839
1083134;18001596;4916513726;ETIQUETA COLORES CJX6ROLX3800UN;1;100;261;23/5/2026;23/5/2026;1001;1;B010;1;2404011303;H;COP;1952839
1083134;18001596;4916513739;ETIQUETA COLORES CJX6ROLX3800UN;1;100;261;23/5/2026;23/5/2026;1001;1;B010;1;2404011303;H;COP;1952839
1083134;18001596;4916513756;ETIQUETA COLORES CJX6ROLX3800UN;1;100;261;23/5/2026;23/5/2026;1001;1;B010;1;2404011303;H;COP;1952839
1083134;18001596;4916513776;ETIQUETA COLORES CJX6ROLX3800UN;1;100;261;23/5/2026;23/5/2026;1001;1;B010;1;2404011303;H;COP;1952839
1083134;18001596;4916513803;ETIQUETA COLORES CJX6ROLX3800UN;1;100;261;23/5/2026;23/5/2026;1001;1;B010;1;2404011303;H;COP;1952839
1083134;18001596;4916513828;ETIQUETA COLORES CJX6ROLX3800UN;1;100;261;23/5/2026;23/5/2026;1001;1;B010;1;2404011303;H;COP;1952839
1083134;18001596;4916513851;ETIQUETA COLORES CJX6ROLX3800UN;1;100;261;23/5/2026;23/5/2026;1001;1;B010;1;2404011303;H;COP;1952839
1083134;18001596;4916513862;ETIQUETA COLORES CJX6ROLX3800UN;1;100;261;23/5/2026;23/5/2026;1001;1;B010;1;2404011303;H;COP;1952839
1083134;18001596;4916513877;ETIQUETA COLORES CJX6ROLX3800UN;1;100;261;23/5/2026;23/5/2026;1001;1;B010;1;2404011303;H;COP;1952839
1083134;18001596;4916513886;ETIQUETA COLORES CJX6ROLX3800UN;1;100;261;23/5/2026;23/5/2026;1001;1;B010;1;2404011303;H;COP;1952839
1083134;18001596;4916513902;ETIQUETA COLORES CJX6ROLX3800UN;1;100;261;23/5/2026;23/5/2026;1001;1;B010;1;2404011303;H;COP;1952839
1083134;18001596;4916514210;ETIQUETA COLORES CJX6ROLX3800UN;1;100;261;23/5/2026;23/5/2026;1001;1;B010;1;2404011303;H;COP;1952839
1083134;18001596;4916514224;ETIQUETA COLORES CJX6ROLX3800UN;1;100;261;23/5/2026;23/5/2026;1001;1;B010;1;2404011303;H;COP;1952839
1083134;18001596;4916514238;ETIQUETA COLORES CJX6ROLX3800UN;1;100;261;23/5/2026;23/5/2026;1001;1;B010;1;2404011303;H;COP;1952839
1083134;18001596;4916514266;ETIQUETA COLORES CJX6ROLX3800UN;1;100;261;23/5/2026;23/5/2026;1001;1;B010;1;2404011303;H;COP;1952839
1083134;18001596;4916514342;ETIQUETA COLORES CJX6ROLX3800UN;25;2.500;261;23/5/2026;23/5/2026;1001;1;B010;1;2404011303;H;COP;1952839
1083134;18001596;4916514368;ETIQUETA COLORES CJX6ROLX3800UN;1;100;261;23/5/2026;23/5/2026;1001;1;B010;1;2404011303;H;COP;1952839
1083134;18001596;4916514394;ETIQUETA COLORES CJX6ROLX3800UN;1;100;261;23/5/2026;23/5/2026;1001;1;B010;1;2404011303;H;COP;1952839
1083134;18001596;4916514429;ETIQUETA COLORES CJX6ROLX3800UN;1;100;261;23/5/2026;23/5/2026;1001;1;B010;1;2404011303;H;COP;1952839
1083134;18001596;4916514447;ETIQUETA COLORES CJX6ROLX3800UN;1;100;261;23/5/2026;23/5/2026;1001;1;B010;1;2404011303;H;COP;1952839
1083134;18001596;4916514757;ETIQUETA COLORES CJX6ROLX3800UN;1;100;261;23/5/2026;23/5/2026;1001;1;B010;1;2404011303;H;COP;1952839
1083134;18001596;4916514773;ETIQUETA COLORES CJX6ROLX3800UN;1;100;261;23/5/2026;23/5/2026;1001;1;B010;1;2404011303;H;COP;1952839
1083134;18001596;4916514795;ETIQUETA COLORES CJX6ROLX3800UN;1;100;261;23/5/2026;23/5/2026;1001;1;B010;1;2404011303;H;COP;1952839
1083134;18001596;4916514870;ETIQUETA COLORES CJX6ROLX3800UN;1;100;261;23/5/2026;23/5/2026;1001;1;B010;1;2404011303;H;COP;1952839
1083134;18001596;4916514876;ETIQUETA COLORES CJX6ROLX3800UN;1;100;261;23/5/2026;23/5/2026;1001;1;B010;1;2404011303;H;COP;1952839
1083134;18001596;4916514931;ETIQUETA COLORES CJX6ROLX3800UN;1;100;261;23/5/2026;23/5/2026;1001;1;B010;1;2404011303;H;COP;1952839
1083134;18001596;4916515237;ETIQUETA COLORES CJX6ROLX3800UN;1;100;261;23/5/2026;23/5/2026;1001;1;B010;1;2404011303;H;COP;1952839
1083134;18001596;4916515402;ETIQUETA COLORES CJX6ROLX3800UN;1;100;261;23/5/2026;23/5/2026;1001;1;B010;1;2404011303;H;COP;1952839
1083134;18001596;4916515410;ETIQUETA COLORES CJX6ROLX3800UN;1;100;261;23/5/2026;23/5/2026;1001;1;B010;1;2404011303;H;COP;1952839
1083134;18001596;4916515422;ETIQUETA COLORES CJX6ROLX3800UN;1;100;261;23/5/2026;23/5/2026;1001;1;B010;1;2404011303;H;COP;1952839
1083134;18001596;4916515434;ETIQUETA COLORES CJX6ROLX3800UN;1;100;261;23/5/2026;23/5/2026;1001;1;B010;1;2404011303;H;COP;1952839
1083134;18001596;4916515456;ETIQUETA COLORES CJX6ROLX3800UN;1;100;261;23/5/2026;23/5/2026;1001;1;B010;1;2404011303;H;COP;1952839
1083134;18001596;4916515463;ETIQUETA COLORES CJX6ROLX3800UN;1;100;261;23/5/2026;23/5/2026;1001;1;B010;1;2404011303;H;COP;1952839
1083134;18001596;4916515482;ETIQUETA COLORES CJX6ROLX3800UN;1;100;261;23/5/2026;23/5/2026;1001;1;B010;1;2404011303;H;COP;1952839
1083134;18001596;4916515552;ETIQUETA COLORES CJX6ROLX3800UN;1;100;261;23/5/2026;23/5/2026;1001;1;B010;1;2404011303;H;COP;1952839
1083134;18001596;4916515560;ETIQUETA COLORES CJX6ROLX3800UN;1;100;261;23/5/2026;23/5/2026;1001;1;B010;1;2404011303;H;COP;1952839
1083134;18001596;4916515698;ETIQUETA COLORES CJX6ROLX3800UN;1;100;261;23/5/2026;23/5/2026;1001;1;B010;1;2404011303;H;COP;1952839
1083134;18001596;4916515704;ETIQUETA COLORES CJX6ROLX3800UN;1;100;261;23/5/2026;23/5/2026;1001;1;B010;1;2404011303;H;COP;1952839
1083134;18001596;4916515721;ETIQUETA COLORES CJX6ROLX3800UN;1;100;261;23/5/2026;23/5/2026;1001;1;B010;1;2404011303;H;COP;1952839
1083134;18001596;4916515729;ETIQUETA COLORES CJX6ROLX3800UN;1;100;261;23/5/2026;23/5/2026;1001;1;B010;1;2404011303;H;COP;1952839
1083134;18001596;4916515732;ETIQUETA COLORES CJX6ROLX3800UN;1;100;261;23/5/2026;23/5/2026;1001;1;B010;1;2404011303;H;COP;1952839
1083134;18001596;4916515738;ETIQUETA COLORES CJX6ROLX3800UN;1;100;261;23/5/2026;23/5/2026;1001;1;B010;1;2404011303;H;COP;1952839
1083134;18001596;4916515813;ETIQUETA COLORES CJX6ROLX3800UN;1;100;261;23/5/2026;23/5/2026;1001;1;B010;1;2404011303;H;COP;1952839
1083134;18001596;4916515823;ETIQUETA COLORES CJX6ROLX3800UN;1;100;261;23/5/2026;23/5/2026;1001;1;B010;1;2404011303;H;COP;1952839
1083134;18001596;4916515831;ETIQUETA COLORES CJX6ROLX3800UN;1;100;261;23/5/2026;23/5/2026;1001;1;B010;1;2404011303;H;COP;1952839
1083134;18001596;4916515839;ETIQUETA COLORES CJX6ROLX3800UN;1;100;261;23/5/2026;23/5/2026;1001;1;B010;1;2404011303;H;COP;1952839
1083134;18001596;4916515847;ETIQUETA COLORES CJX6ROLX3800UN;1;100;261;23/5/2026;23/5/2026;1001;1;B010;1;2404011303;H;COP;1952839
1083134;18001596;4916515854;ETIQUETA COLORES CJX6ROLX3800UN;1;100;261;23/5/2026;23/5/2026;1001;1;B010;1;2404011303;H;COP;1952839
1083134;18001596;4916515927;ETIQUETA COLORES CJX6ROLX3800UN;1;100;261;23/5/2026;23/5/2026;1001;1;B010;1;2404011303;H;COP;1952839
1083134;18001596;4916515994;ETIQUETA COLORES CJX6ROLX3800UN;1;100;261;23/5/2026;23/5/2026;1001;1;B010;1;2404011303;H;COP;1952839
1083134;18001596;4916516069;ETIQUETA COLORES CJX6ROLX3800UN;1;100;261;23/5/2026;23/5/2026;1001;1;B010;1;2404011303;H;COP;1952839
1083134;18001596;4916516075;ETIQUETA COLORES CJX6ROLX3800UN;1;100;261;23/5/2026;23/5/2026;1001;1;B010;1;2404011303;H;COP;1952839
1083134;18001596;4916516079;ETIQUETA COLORES CJX6ROLX3800UN;1;100;261;23/5/2026;23/5/2026;1001;1;B010;1;2404011303;H;COP;1952839
1083134;18001596;4916516088;ETIQUETA COLORES CJX6ROLX3800UN;1;100;261;23/5/2026;23/5/2026;1001;1;B010;1;2404011303;H;COP;1952839
1083134;18001596;4916516092;ETIQUETA COLORES CJX6ROLX3800UN;1;100;261;23/5/2026;23/5/2026;1001;1;B010;1;2404011303;H;COP;1952839
1083134;18001596;4916516097;ETIQUETA COLORES CJX6ROLX3800UN;1;100;261;23/5/2026;23/5/2026;1001;1;B010;1;2404011303;H;COP;1952839
1083134;18001596;4916516111;ETIQUETA COLORES CJX6ROLX3800UN;1;100;261;23/5/2026;23/5/2026;1001;1;B010;1;2404011303;H;COP;1952839
1083134;18001596;4916516193;ETIQUETA COLORES CJX6ROLX3800UN;1;100;261;23/5/2026;23/5/2026;1001;1;B010;1;2404011303;H;COP;1952839
1083134;18001596;4916516199;ETIQUETA COLORES CJX6ROLX3800UN;1;100;261;23/5/2026;23/5/2026;1001;1;B010;1;2404011303;H;COP;1952839
1083134;18001596;4916516215;ETIQUETA COLORES CJX6ROLX3800UN;1;100;261;23/5/2026;23/5/2026;1001;1;B010;1;2404011303;H;COP;1952839
1083134;18001596;4916516225;ETIQUETA COLORES CJX6ROLX3800UN;1;100;261;23/5/2026;23/5/2026;1001;1;B010;1;2404011303;H;COP;1952839
1083134;18001596;4916516280;ETIQUETA COLORES CJX6ROLX3800UN;1;100;261;23/5/2026;23/5/2026;1001;1;B010;1;2404011303;H;COP;1952839
1083134;18001596;4916516288;ETIQUETA COLORES CJX6ROLX3800UN;1;100;261;23/5/2026;23/5/2026;1001;1;B010;1;2404011303;H;COP;1952839
1083134;18001596;4916516293;ETIQUETA COLORES CJX6ROLX3800UN;1;100;261;23/5/2026;23/5/2026;1001;1;B010;1;2404011303;H;COP;1952839
1083134;18001596;4916516294;ETIQUETA COLORES CJX6ROLX3800UN;1;100;261;23/5/2026;23/5/2026;1001;1;B010;1;2404011303;H;COP;1952839
1083134;18001596;4916516296;ETIQUETA COLORES CJX6ROLX3800UN;1;100;261;23/5/2026;23/5/2026;1001;1;B010;1;2404011303;H;COP;1952839
1083134;18001596;4916516300;ETIQUETA COLORES CJX6ROLX3800UN;1;100;261;23/5/2026;23/5/2026;1001;1;B010;1;2404011303;H;COP;1952839
1083134;18001596;4916516307;ETIQUETA COLORES CJX6ROLX3800UN;1;100;261;23/5/2026;23/5/2026;1001;1;B010;1;2404011303;H;COP;1952839
1083134;18001596;4916516310;ETIQUETA COLORES CJX6ROLX3800UN;1;100;261;23/5/2026;23/5/2026;1001;1;B010;1;2404011303;H;COP;1952839
1083134;18001596;4916516315;ETIQUETA COLORES CJX6ROLX3800UN;1;100;261;23/5/2026;23/5/2026;1001;1;B010;1;2404011303;H;COP;1952839
1083134;18001596;4916516319;ETIQUETA COLORES CJX6ROLX3800UN;20;2.000;261;23/5/2026;23/5/2026;1001;1;B010;1;2404011303;H;COP;1952839
1083134;18001596;4916516321;ETIQUETA COLORES CJX6ROLX3800UN;1;100;261;23/5/2026;23/5/2026;1001;1;B010;1;2404011303;H;COP;1952839
1083134;18001596;4916516326;ETIQUETA COLORES CJX6ROLX3800UN;1;100;261;23/5/2026;23/5/2026;1001;1;B010;1;2404011303;H;COP;1952839
1083134;18001596;4916516328;ETIQUETA COLORES CJX6ROLX3800UN;1;100;261;23/5/2026;23/5/2026;1001;1;B010;1;2404011303;H;COP;1952839
1083134;18001596;4916516333;ETIQUETA COLORES CJX6ROLX3800UN;12;1.200;261;23/5/2026;23/5/2026;1001;1;B010;1;2404011303;H;COP;1952839
1083134;18001596;4916516335;ETIQUETA COLORES CJX6ROLX3800UN;1;100;261;23/5/2026;23/5/2026;1001;1;B010;1;2404011303;H;COP;1952839
1083134;18001596;4916516339;ETIQUETA COLORES CJX6ROLX3800UN;1;100;261;23/5/2026;23/5/2026;1001;1;B010;1;2404011303;H;COP;1952839
1083134;18001596;4916516342;ETIQUETA COLORES CJX6ROLX3800UN;1;100;261;23/5/2026;23/5/2026;1001;1;B010;1;2404011303;H;COP;1952839
1083134;18001596;4916516374;ETIQUETA COLORES CJX6ROLX3800UN;1;100;261;23/5/2026;23/5/2026;1001;1;B010;1;2404011303;H;COP;1952839
1083134;18001596;4916516458;ETIQUETA COLORES CJX6ROLX3800UN;1;100;261;23/5/2026;23/5/2026;1001;1;B010;1;2404011303;H;COP;1952839
1083134;18001596;4916516717;ETIQUETA COLORES CJX6ROLX3800UN;1;100;261;23/5/2026;23/5/2026;1001;1;B010;1;2404011303;H;COP;1952839
1083134;18001602;4916510329;ETIQUETA TERMICA CJX4ROLX2605UN;200;9.600;261;23/5/2026;23/5/2026;1001;1;B010;1;2604290726;H;COP;1952839
1083134;18001602;4916510344;ETIQUETA TERMICA CJX4ROLX2605UN;200;9.600;261;23/5/2026;23/5/2026;1001;1;B010;1;2604290726;H;COP;1952839
1083134;18001602;4916510346;ETIQUETA TERMICA CJX4ROLX2605UN;200;9.600;261;23/5/2026;23/5/2026;1001;1;B010;1;2604290726;H;COP;1952839
1083134;18001602;4916510348;ETIQUETA TERMICA CJX4ROLX2605UN;200;9.600;261;23/5/2026;23/5/2026;1001;1;B010;1;2604290726;H;COP;1952839
1083134;18001602;4916511228;ETIQUETA TERMICA CJX4ROLX2605UN;200;9.600;261;23/5/2026;23/5/2026;1001;1;B010;1;2604290726;H;COP;1952839
1083134;18001602;4916511241;ETIQUETA TERMICA CJX4ROLX2605UN;200;9.600;261;23/5/2026;23/5/2026;1001;1;B010;1;2604290726;H;COP;1952839
1083134;18001602;4916511243;ETIQUETA TERMICA CJX4ROLX2605UN;200;9.600;261;23/5/2026;23/5/2026;1001;1;B010;1;2604290726;H;COP;1952839
1083134;18001602;4916515243;ETIQUETA TERMICA CJX4ROLX2605UN;200;9.600;261;23/5/2026;23/5/2026;1001;1;B010;1;2605081380;H;COP;1952839
1083134;18001602;4916515247;ETIQUETA TERMICA CJX4ROLX2605UN;200;9.600;261;23/5/2026;23/5/2026;1001;1;B010;1;2605081380;H;COP;1952839
1083134;18001602;4916515250;ETIQUETA TERMICA CJX4ROLX2605UN;200;9.600;261;23/5/2026;23/5/2026;1001;1;B010;1;2605081380;H;COP;1952839
1083134;18001602;4916515688;ETIQUETA TERMICA CJX4ROLX2605UN;200;9.600;261;23/5/2026;23/5/2026;1001;1;B010;1;2605081380;H;COP;1952839
1083134;18001602;4916515692;ETIQUETA TERMICA CJX4ROLX2605UN;200;9.600;261;23/5/2026;23/5/2026;1001;1;B010;1;2605081380;H;COP;1952839
1083134;18001602;4916515703;ETIQUETA TERMICA CJX4ROLX2605UN;200;9.600;261;23/5/2026;23/5/2026;1001;1;B010;1;2605081380;H;COP;1952839
1083134;18001602;4916515806;ETIQUETA TERMICA CJX4ROLX2605UN;200;9.600;261;23/5/2026;23/5/2026;1001;1;B010;1;2605081380;H;COP;1952839
1083134;18001602;4916515809;ETIQUETA TERMICA CJX4ROLX2605UN;200;9.600;261;23/5/2026;23/5/2026;1001;1;B010;1;2605081380;H;COP;1952839
1083134;18001602;4916515835;ETIQUETA TERMICA CJX4ROLX2605UN;200;9.600;261;23/5/2026;23/5/2026;1001;1;B010;1;2605081380;H;COP;1952839
1083134;18001602;4916515924;ETIQUETA TERMICA CJX4ROLX2605UN;200;9.600;261;23/5/2026;23/5/2026;1001;1;B010;1;2605081380;H;COP;1952839
1083134;18001602;4916515925;ETIQUETA TERMICA CJX4ROLX2605UN;200;9.600;261;23/5/2026;23/5/2026;1001;1;B010;1;2605081380;H;COP;1952839
1083134;18001602;4916516064;ETIQUETA TERMICA CJX4ROLX2605UN;200;9.600;261;23/5/2026;23/5/2026;1001;1;B010;1;2605081380;H;COP;1952839
1083134;18001602;4916516068;ETIQUETA TERMICA CJX4ROLX2605UN;200;9.600;261;23/5/2026;23/5/2026;1001;1;B010;1;2605081380;H;COP;1952839
1083134;18001602;4916516206;ETIQUETA TERMICA CJX4ROLX2605UN;200;9.600;261;23/5/2026;23/5/2026;1001;1;B010;1;2605081380;H;COP;1952839
1083134;18001602;4916516210;ETIQUETA TERMICA CJX4ROLX2605UN;200;9.600;261;23/5/2026;23/5/2026;1001;1;B010;1;2605081380;H;COP;1952839
1083134;18001602;4916516253;ETIQUETA TERMICA CJX4ROLX2605UN;200;9.600;261;23/5/2026;23/5/2026;1001;1;B010;1;2605081380;H;COP;1952839
1083134;18001602;4916516255;ETIQUETA TERMICA CJX4ROLX2605UN;200;9.600;261;23/5/2026;23/5/2026;1001;1;B010;1;2605081380;H;COP;1952839
1083134;18001602;4916516437;ETIQUETA TERMICA CJX4ROLX2605UN;200;9.600;261;23/5/2026;23/5/2026;1001;1;B010;1;2605081380;H;COP;1952839
1083134;18001602;4916516439;ETIQUETA TERMICA CJX4ROLX2605UN;200;9.600;261;23/5/2026;23/5/2026;1001;1;B010;1;2605081380;H;COP;1952839
1083134;18001602;4916516494;ETIQUETA TERMICA CJX4ROLX2605UN;200;9.600;261;23/5/2026;23/5/2026;1001;1;B010;1;2605081380;H;COP;1952839
1083134;18001602;4916516495;ETIQUETA TERMICA CJX4ROLX2605UN;200;9.600;261;23/5/2026;23/5/2026;1001;1;B010;1;2605081380;H;COP;1952839
1083134;18001612;4916516694;CINTA DE RESINA 110*450M ROLX45000CM;21.000;0;261;23/5/2026;23/5/2026;1001;1;B010;2;2603311297;H;COP;1952839
1083134;12001211;4916516646;SALMUERA IMOR;1.280,160;1.127.821;261;23/5/2026;23/5/2026;1001;2;B010;2;2605230073;H;COP;0
1083134;14002447;4916516694;PRESAS CORTADAS CJ(180UN);167;50.003.474;261;23/5/2026;23/5/2026;1001;2;B010;4;2605220176;H;COP;0
1083134;18001590;4916516694;BOLSA FUNDA PERFORADA BTOX10BOLX100UN;400;91.942;261;23/5/2026;23/5/2026;1001;2;B010;3;2605061127;H;COP;0
1083134;12002532;5001993336;ALAS CORTADAS POLLO;-152,700;-1.622.285;101;23/5/2026;23/5/2026;1001;4;B010;1;2605230065;S;COP;0
1083134;12002532;5001993374;ALAS CORTADAS POLLO;-87,300;-927.475;101;23/5/2026;23/5/2026;1001;4;B010;1;2605230065;S;COP;0
1083134;12002532;5001993377;ALAS CORTADAS POLLO;-122,100;-1.297.190;101;23/5/2026;23/5/2026;1001;4;B010;1;2605230065;S;COP;0
1083134;12002532;5001993392;ALAS CORTADAS POLLO;-133;-1.412.992;101;23/5/2026;23/5/2026;1001;4;B010;1;2605230065;S;COP;0
1083134;12002532;5001993480;ALAS CORTADAS POLLO;-155,800;-1.655.219;101;23/5/2026;23/5/2026;1001;4;B010;1;2605230065;S;COP;0
1083134;12002532;5001993503;ALAS CORTADAS POLLO;-140,400;-1.491.610;101;23/5/2026;23/5/2026;1001;4;B010;1;2605230065;S;COP;0
1083134;12002532;5001993506;ALAS CORTADAS POLLO;-100;-1.062.400;101;23/5/2026;23/5/2026;1001;4;B010;1;2605230065;S;COP;0
1083134;12002532;5001993510;ALAS CORTADAS POLLO;-85,900;-912.602;101;23/5/2026;23/5/2026;1001;4;B010;1;2605230065;S;COP;0
1083134;12002532;5001993758;ALAS CORTADAS POLLO;-109,300;-1.161.203;101;23/5/2026;23/5/2026;1001;4;B010;1;2605230065;S;COP;0
1083134;12002532;5001993764;ALAS CORTADAS POLLO;-181;-1.922.944;101;23/5/2026;23/5/2026;1001;4;B010;1;2605230065;S;COP;0
1083134;12002532;5001993919;ALAS CORTADAS POLLO;-124,800;-1.325.875;101;23/5/2026;23/5/2026;1001;4;B010;1;2605230065;S;COP;0
1083134;12002532;5001993921;ALAS CORTADAS POLLO;-141,900;-1.507.546;101;23/5/2026;23/5/2026;1001;4;B010;1;2605230065;S;COP;0
1083134;12002532;5001993924;ALAS CORTADAS POLLO;-151,600;-1.610.598;101;23/5/2026;23/5/2026;1001;4;B010;1;2605230065;S;COP;0
1083134;12002532;5001993928;ALAS CORTADAS POLLO;-131,200;-1.393.869;101;23/5/2026;23/5/2026;1001;4;B010;1;2605230065;S;COP;0
1083134;12002532;5001994153;ALAS CORTADAS POLLO;-138,700;-1.473.549;101;23/5/2026;23/5/2026;1001;4;B010;1;2605230065;S;COP;0
1083134;12002532;5001994154;ALAS CORTADAS POLLO;-163,400;-1.735.962;101;23/5/2026;23/5/2026;1001;4;B010;1;2605230065;S;COP;0
1083134;12002532;5001994177;ALAS CORTADAS POLLO;-140,600;-1.493.734;101;23/5/2026;23/5/2026;1001;4;B010;1;2605230065;S;COP;0
1083134;12002532;5001994178;ALAS CORTADAS POLLO;-135,700;-1.441.677;101;23/5/2026;23/5/2026;1001;4;B010;1;2605230065;S;COP;0
1083134;12002532;5001994179;ALAS CORTADAS POLLO;-127,400;-1.353.498;101;23/5/2026;23/5/2026;1001;4;B010;1;2605230065;S;COP;0
1083134;12002532;5001994184;ALAS CORTADAS POLLO;-139,900;-1.486.298;101;23/5/2026;23/5/2026;1001;4;B010;1;2605230065;S;COP;0
1083134;12002532;5001994186;ALAS CORTADAS POLLO;-71,900;-763.866;101;23/5/2026;23/5/2026;1001;4;B010;1;2605230065;S;COP;0
1083134;12002532;5001994275;ALAS CORTADAS POLLO;-150,400;-1.597.850;101;23/5/2026;23/5/2026;1001;4;B010;1;2605230065;S;COP;0
1083134;12002532;5001994276;ALAS CORTADAS POLLO;-141,400;-1.502.234;101;23/5/2026;23/5/2026;1001;4;B010;1;2605230065;S;COP;0
1083134;12002532;5001994278;ALAS CORTADAS POLLO;-144,400;-1.534.106;101;23/5/2026;23/5/2026;1001;4;B010;1;2605230065;S;COP;0
1083134;12002532;5001994321;ALAS CORTADAS POLLO;-109,600;-1.164.390;101;23/5/2026;23/5/2026;1001;4;B010;1;2605230065;S;COP;0
1083134;12002532;5001994322;ALAS CORTADAS POLLO;-148,100;-1.573.414;101;23/5/2026;23/5/2026;1001;4;B010;1;2605230065;S;COP;0
1083134;12002532;5001994327;ALAS CORTADAS POLLO;-107,500;-1.142.080;101;23/5/2026;23/5/2026;1001;4;B010;1;2605230065;S;COP;0
1083134;12002532;5001994328;ALAS CORTADAS POLLO;-74;-786.176;101;23/5/2026;23/5/2026;1001;4;B010;1;2605230065;S;COP;0
1083134;12002532;5001994363;ALAS CORTADAS POLLO;-71,900;-763.866;101;23/5/2026;23/5/2026;1001;4;B010;1;2605230065;S;COP;0
1083134;12002546;5001993319;CAJA DE POLLO;-178,100;-1.551.429;101;23/5/2026;23/5/2026;1001;4;B010;1;2605230060;S;COP;0
1083134;12002546;5001993324;CAJA DE POLLO;-160,900;-1.401.600;101;23/5/2026;23/5/2026;1001;4;B010;1;2605230060;S;COP;0
1083134;12002546;5001993330;CAJA DE POLLO;-156,300;-1.361.529;101;23/5/2026;23/5/2026;1001;4;B010;1;2605230060;S;COP;0
1083134;12002546;5001993332;CAJA DE POLLO;-126,500;-1.101.942;101;23/5/2026;23/5/2026;1001;4;B010;1;2605230060;S;COP;0
1083134;12002546;5001993339;CAJA DE POLLO;-130,200;-1.134.172;101;23/5/2026;23/5/2026;1001;4;B010;1;2605230060;S;COP;0
1083134;12002546;5001993397;CAJA DE POLLO;-118,700;-1.033.996;101;23/5/2026;23/5/2026;1001;4;B010;1;2605230060;S;COP;0
1083134;12002546;5001993400;CAJA DE POLLO;-135,300;-1.178.598;101;23/5/2026;23/5/2026;1001;4;B010;1;2605230060;S;COP;0
1083134;12002546;5001993402;CAJA DE POLLO;-124,900;-1.088.004;101;23/5/2026;23/5/2026;1001;4;B010;1;2605230060;S;COP;0
1083134;12002546;5001993410;CAJA DE POLLO;-126,400;-1.101.070;101;23/5/2026;23/5/2026;1001;4;B010;1;2605230060;S;COP;0
1083134;12002546;5001993414;CAJA DE POLLO;-167,100;-1.455.608;101;23/5/2026;23/5/2026;1001;4;B010;1;2605230060;S;COP;0
1083134;12002546;5001993421;CAJA DE POLLO;-129,700;-1.129.817;101;23/5/2026;23/5/2026;1001;4;B010;1;2605230060;S;COP;0
1083134;12002546;5001993431;CAJA DE POLLO;-113,400;-987.827;101;23/5/2026;23/5/2026;1001;4;B010;1;2605230060;S;COP;0
1083134;12002546;5001993437;CAJA DE POLLO;-130,500;-1.136.786;101;23/5/2026;23/5/2026;1001;4;B010;1;2605230060;S;COP;0
1083134;12002546;5001993440;CAJA DE POLLO;-138,600;-1.207.345;101;23/5/2026;23/5/2026;1001;4;B010;1;2605230060;S;COP;0
1083134;12002546;5001993442;CAJA DE POLLO;-122,100;-1.063.613;101;23/5/2026;23/5/2026;1001;4;B010;1;2605230060;S;COP;0
1083134;12002546;5001993454;CAJA DE POLLO;-116,600;-1.015.703;101;23/5/2026;23/5/2026;1001;4;B010;1;2605230060;S;COP;0
1083134;12002546;5001993461;CAJA DE POLLO;-135,100;-1.176.856;101;23/5/2026;23/5/2026;1001;4;B010;1;2605230060;S;COP;0
1083134;12002546;5001993466;CAJA DE POLLO;-144,600;-1.259.611;101;23/5/2026;23/5/2026;1001;4;B010;1;2605230060;S;COP;0
1083134;12002546;5001993468;CAJA DE POLLO;-128,600;-1.120.235;101;23/5/2026;23/5/2026;1001;4;B010;1;2605230060;S;COP;0
1083134;12002546;5001993602;CAJA DE POLLO;-133,500;-1.162.919;101;23/5/2026;23/5/2026;1001;4;B010;1;2605230060;S;COP;0
1083134;12002546;5001993611;CAJA DE POLLO;-135,700;-1.182.083;101;23/5/2026;23/5/2026;1001;4;B010;1;2605230060;S;COP;0
1083134;12002546;5001993613;CAJA DE POLLO;-131,900;-1.148.981;101;23/5/2026;23/5/2026;1001;4;B010;1;2605230060;S;COP;0
1083134;12002546;5001993617;CAJA DE POLLO;-131,900;-1.148.981;101;23/5/2026;23/5/2026;1001;4;B010;1;2605230060;S;COP;0
1083134;12002546;5001993620;CAJA DE POLLO;131,900;1.148.981;102;23/5/2026;23/5/2026;1001;4;B010;1;2605230060;H;COP;0
1083134;12002546;5001993624;CAJA DE POLLO;-134,500;-1.171.630;101;23/5/2026;23/5/2026;1001;4;B010;1;2605230060;S;COP;0
1083134;12002546;5001993629;CAJA DE POLLO;-139,100;-1.211.700;101;23/5/2026;23/5/2026;1001;4;B010;1;2605230060;S;COP;0
1083134;12002546;5001993635;CAJA DE POLLO;-142,700;-1.243.060;101;23/5/2026;23/5/2026;1001;4;B010;1;2605230060;S;COP;0
1083134;12002546;5001993704;CAJA DE POLLO;-136,700;-1.190.794;101;23/5/2026;23/5/2026;1001;4;B010;1;2605230060;S;COP;0
1083134;12002546;5001993722;CAJA DE POLLO;-131,900;-1.148.981;101;23/5/2026;23/5/2026;1001;4;B010;1;2605230060;S;COP;0
1083134;12002546;5001993762;CAJA DE POLLO;-131,200;-1.142.883;101;23/5/2026;23/5/2026;1001;4;B010;1;2605230060;S;COP;0
1083134;12002546;5001993788;CAJA DE POLLO;-145,100;-1.263.966;101;23/5/2026;23/5/2026;1001;4;B010;1;2605230060;S;COP;0
1083134;12002546;5001993791;CAJA DE POLLO;-142,700;-1.243.060;101;23/5/2026;23/5/2026;1001;4;B010;1;2605230060;S;COP;0
1083134;12002546;5001993793;CAJA DE POLLO;-141;-1.228.251;101;23/5/2026;23/5/2026;1001;4;B010;1;2605230060;S;COP;0
1083134;12002546;5001993794;CAJA DE POLLO;-146,400;-1.275.290;101;23/5/2026;23/5/2026;1001;4;B010;1;2605230060;S;COP;0
1083134;12002546;5001993797;CAJA DE POLLO;-142;-1.236.962;101;23/5/2026;23/5/2026;1001;4;B010;1;2605230060;S;COP;0
1083134;12002546;5001993799;CAJA DE POLLO;-145,800;-1.270.064;101;23/5/2026;23/5/2026;1001;4;B010;1;2605230060;S;COP;0
1083134;12002546;5001993814;CAJA DE POLLO;-138,900;-1.209.958;101;23/5/2026;23/5/2026;1001;4;B010;1;2605230060;S;COP;0
1083134;12002546;5001993820;CAJA DE POLLO;-138,400;-1.205.602;101;23/5/2026;23/5/2026;1001;4;B010;1;2605230060;S;COP;0
1083134;12002546;5001993824;CAJA DE POLLO;-130,100;-1.133.301;101;23/5/2026;23/5/2026;1001;4;B010;1;2605230060;S;COP;0
1083134;12002546;5001993827;CAJA DE POLLO;-140,100;-1.220.411;101;23/5/2026;23/5/2026;1001;4;B010;1;2605230060;S;COP;0
1083134;12002546;5001993837;CAJA DE POLLO;-144,200;-1.256.126;101;23/5/2026;23/5/2026;1001;4;B010;1;2605230060;S;COP;0
1083134;12002546;5001993840;CAJA DE POLLO;-137,700;-1.199.505;101;23/5/2026;23/5/2026;1001;4;B010;1;2605230060;S;COP;0
1083134;12002546;5001993844;CAJA DE POLLO;-161,500;-1.406.827;101;23/5/2026;23/5/2026;1001;4;B010;1;2605230060;S;COP;0
1083134;12002546;5001993846;CAJA DE POLLO;-137,800;-1.200.376;101;23/5/2026;23/5/2026;1001;4;B010;1;2605230060;S;COP;0
1083134;12002546;5001993851;CAJA DE POLLO;-121,600;-1.059.258;101;23/5/2026;23/5/2026;1001;4;B010;1;2605230060;S;COP;0
1083134;12002546;5001993854;CAJA DE POLLO;-133,700;-1.164.661;101;23/5/2026;23/5/2026;1001;4;B010;1;2605230060;S;COP;0
1083134;12002546;5001993858;CAJA DE POLLO;-152,500;-1.328.428;101;23/5/2026;23/5/2026;1001;4;B010;1;2605230060;S;COP;0
1083134;12002546;5001993860;CAJA DE POLLO;-138,900;-1.209.958;101;23/5/2026;23/5/2026;1001;4;B010;1;2605230060;S;COP;0
1083134;12002546;5001993861;CAJA DE POLLO;-133,700;-1.164.661;101;23/5/2026;23/5/2026;1001;4;B010;1;2605230060;S;COP;0
1083134;12002546;5001993863;CAJA DE POLLO;-134,200;-1.169.016;101;23/5/2026;23/5/2026;1001;4;B010;1;2605230060;S;COP;0
1083134;12002546;5001993865;CAJA DE POLLO;-139,900;-1.218.669;101;23/5/2026;23/5/2026;1001;4;B010;1;2605230060;S;COP;0
1083134;12002546;5001993948;CAJA DE POLLO;-146,600;-1.277.033;101;23/5/2026;23/5/2026;1001;4;B010;1;2605230060;S;COP;0
1083134;12002546;5001993949;CAJA DE POLLO;-146,600;-1.277.033;101;23/5/2026;23/5/2026;1001;4;B010;1;2605230060;S;COP;0
1083134;12002546;5001993950;CAJA DE POLLO;146,600;1.277.033;102;23/5/2026;23/5/2026;1001;4;B010;1;2605230060;H;COP;0
1083134;12002546;5001993952;CAJA DE POLLO;-144,400;-1.257.868;101;23/5/2026;23/5/2026;1001;4;B010;1;2605230060;S;COP;0
1083134;12002546;5001993997;CAJA DE POLLO;-137,200;-1.195.149;101;23/5/2026;23/5/2026;1001;4;B010;1;2605230060;S;COP;0
1083134;12002546;5001994002;CAJA DE POLLO;-153,400;-1.336.267;101;23/5/2026;23/5/2026;1001;4;B010;1;2605230060;S;COP;0
1083134;12002546;5001994006;CAJA DE POLLO;-139,800;-1.217.798;101;23/5/2026;23/5/2026;1001;4;B010;1;2605230060;S;COP;0
1083134;12002546;5001994017;CAJA DE POLLO;-139,800;-1.217.798;101;23/5/2026;23/5/2026;1001;4;B010;1;2605230060;S;COP;0
1083134;12002546;5001994024;CAJA DE POLLO;-149,400;-1.301.423;101;23/5/2026;23/5/2026;1001;4;B010;1;2605230060;S;COP;0
1083134;12002546;5001994071;CAJA DE POLLO;-153,600;-1.338.010;101;23/5/2026;23/5/2026;1001;4;B010;1;2605230060;S;COP;0
1083134;12002546;5001994102;CAJA DE POLLO;-153,400;-1.336.267;101;23/5/2026;23/5/2026;1001;4;B010;1;2605230060;S;COP;0
1083134;12002546;5001994105;CAJA DE POLLO;-157,100;-1.368.498;101;23/5/2026;23/5/2026;1001;4;B010;1;2605230060;S;COP;0
1083134;12002546;5001994107;CAJA DE POLLO;-148,200;-1.290.970;101;23/5/2026;23/5/2026;1001;4;B010;1;2605230060;S;COP;0
1083134;12002546;5001994109;CAJA DE POLLO;-146,100;-1.272.677;101;23/5/2026;23/5/2026;1001;4;B010;1;2605230060;S;COP;0
1083134;12002546;5001994112;CAJA DE POLLO;-153,800;-1.339.752;101;23/5/2026;23/5/2026;1001;4;B010;1;2605230060;S;COP;0
1083134;12002546;5001994114;CAJA DE POLLO;-153,700;-1.338.881;101;23/5/2026;23/5/2026;1001;4;B010;1;2605230060;S;COP;0
1083134;12002546;5001994125;CAJA DE POLLO;-152,600;-1.329.299;101;23/5/2026;23/5/2026;1001;4;B010;1;2605230060;S;COP;0
1083134;12002546;5001994127;CAJA DE POLLO;-139,700;-1.216.927;101;23/5/2026;23/5/2026;1001;4;B010;1;2605230060;S;COP;0
1083134;12002546;5001994201;CAJA DE POLLO;-153,500;-1.337.139;101;23/5/2026;23/5/2026;1001;4;B010;1;2605230060;S;COP;0
1083134;12002546;5001994203;CAJA DE POLLO;-149,700;-1.304.037;101;23/5/2026;23/5/2026;1001;4;B010;1;2605230060;S;COP;0
1083134;12002546;5001994206;CAJA DE POLLO;-150,400;-1.310.134;101;23/5/2026;23/5/2026;1001;4;B010;1;2605230060;S;COP;0
1083134;12002546;5001994207;CAJA DE POLLO;-152,600;-1.329.299;101;23/5/2026;23/5/2026;1001;4;B010;1;2605230060;S;COP;0
1083134;12002546;5001994208;CAJA DE POLLO;-151,500;-1.319.717;101;23/5/2026;23/5/2026;1001;4;B010;1;2605230060;S;COP;0
1083134;12002546;5001994210;CAJA DE POLLO;-147,100;-1.281.388;101;23/5/2026;23/5/2026;1001;4;B010;1;2605230060;S;COP;0
1083134;12002546;5001994244;CAJA DE POLLO;-156,700;-1.365.014;101;23/5/2026;23/5/2026;1001;4;B010;1;2605230060;S;COP;0
1083134;12002546;5001994265;CAJA DE POLLO;-144,200;-1.256.126;101;23/5/2026;23/5/2026;1001;4;B010;1;2605230060;S;COP;0
1083134;12002546;5001994279;CAJA DE POLLO;-141,100;-1.229.122;101;23/5/2026;23/5/2026;1001;4;B010;1;2605230060;S;COP;0
1083134;12002546;5001994281;CAJA DE POLLO;-158,300;-1.378.951;101;23/5/2026;23/5/2026;1001;4;B010;1;2605230060;S;COP;0
1083134;12002546;5001994282;CAJA DE POLLO;-146,300;-1.274.419;101;23/5/2026;23/5/2026;1001;4;B010;1;2605230060;S;COP;0
1083134;12002546;5001994283;CAJA DE POLLO;-144,400;-1.257.868;101;23/5/2026;23/5/2026;1001;4;B010;1;2605230060;S;COP;0
1083134;12002546;5001994299;CAJA DE POLLO;-155,600;-1.355.432;101;23/5/2026;23/5/2026;1001;4;B010;1;2605230060;S;COP;0
1083134;12002546;5001994301;CAJA DE POLLO;-129,700;-1.129.817;101;23/5/2026;23/5/2026;1001;4;B010;1;2605230060;S;COP;0
1083134;12002546;5001994302;CAJA DE POLLO;-162,400;-1.414.666;101;23/5/2026;23/5/2026;1001;4;B010;1;2605230060;S;COP;0
1083134;12002546;5001994303;CAJA DE POLLO;-157,800;-1.374.596;101;23/5/2026;23/5/2026;1001;4;B010;1;2605230060;S;COP;0
1083134;12002546;5001994317;CAJA DE POLLO;-164,500;-1.432.960;101;23/5/2026;23/5/2026;1001;4;B010;1;2605230060;S;COP;0
1083134;12002546;5001994318;CAJA DE POLLO;-158,100;-1.377.209;101;23/5/2026;23/5/2026;1001;4;B010;1;2605230060;S;COP;0
1083134;12002546;5001994323;CAJA DE POLLO;-167,600;-1.459.964;101;23/5/2026;23/5/2026;1001;4;B010;1;2605230060;S;COP;0
1083134;12002546;5001994324;CAJA DE POLLO;-164;-1.428.604;101;23/5/2026;23/5/2026;1001;4;B010;1;2605230060;S;COP;0
1083134;12002546;5001994325;CAJA DE POLLO;-86,700;-755.244;101;23/5/2026;23/5/2026;1001;4;B010;1;2605230060;S;COP;0
1083134;12002546;5001994359;CAJA DE POLLO;139,800;1.217.798;102;23/5/2026;23/5/2026;1001;4;B010;1;2605230060;H;COP;0
1083134;14002444;5001994334;PRESAS CRISPY CJX10BOL(18UN);-1.440;-38.869.920;101;23/5/2026;23/5/2026;1001;4;B010;1;2605230062;S;COP;0
1083134;14002445;5001994357;PRESAS ORIGINAL CJX10BOL(18UN;-3.798;-113.974.182;101;23/5/2026;23/5/2026;1001;4;B010;1;2605230061;S;COP;0
1083134;14002447;5001994393;PRESAS CORTADAS CJ(180UN);-62;-18.564.164;101;24/5/2026;24/5/2026;1001;4;B010;1;2605230063;S;COP;0
1083135;11001689;4916511191;PRESAS CORTADAS DE POLLO MP;1.914;15.473.005;261;23/5/2026;23/5/2026;1001;1;B010;1;2605220584;H;COP;1952840
1083135;11001689;4916511581;PRESAS CORTADAS DE POLLO MP;3.177,800;25.689.715;261;23/5/2026;23/5/2026;1001;1;B010;1;2605221360;H;COP;1952840
1083135;11001689;4916511586;PRESAS CORTADAS DE POLLO MP;32,200;260.309;261;23/5/2026;23/5/2026;1001;1;B010;1;2605220584;H;COP;1952840
1083135;11001689;4916511586;PRESAS CORTADAS DE POLLO MP;84,600;683.917;261;23/5/2026;23/5/2026;1001;1;B010;2;2605221360;H;COP;1952840
1083135;11001689;4916513290;PRESAS CORTADAS DE POLLO MP;1.894,200;15.312.939;261;23/5/2026;23/5/2026;1001;1;B010;1;2605220999;H;COP;1952840
1083135;11001689;4916515603;PRESAS CORTADAS DE POLLO MP;1.907,400;15.419.649;261;23/5/2026;23/5/2026;1001;1;B010;1;2605230263;H;COP;1952840
1083135;11001689;4916515603;PRESAS CORTADAS DE POLLO MP;17,400;140.664;261;23/5/2026;23/5/2026;1001;1;B010;2;2605220999;H;COP;1952840
1083135;12001209;4916515598;SALMUERA CRISPY;1.493,440;2.706.113;261;23/5/2026;23/5/2026;1001;1;B010;1;2605230072;H;COP;1952840
1083135;18001588;4916515598;BOLSA POLLO CRISPY  BTOX2500UN;3.500;370.176;261;23/5/2026;23/5/2026;1001;1;B010;2;2605061117;H;COP;1952840
1083135;18001602;4916510222;ETIQUETA TERMICA CJX4ROLX2605UN;200;9.600;261;23/5/2026;23/5/2026;1001;1;B010;1;2604290726;H;COP;1952840
1083135;18001602;4916510223;ETIQUETA TERMICA CJX4ROLX2605UN;200;9.600;261;23/5/2026;23/5/2026;1001;1;B010;1;2604290726;H;COP;1952840
1083135;18001602;4916510224;ETIQUETA TERMICA CJX4ROLX2605UN;200;9.600;261;23/5/2026;23/5/2026;1001;1;B010;1;2604290726;H;COP;1952840
1083135;18001602;4916510225;ETIQUETA TERMICA CJX4ROLX2605UN;200;9.600;261;23/5/2026;23/5/2026;1001;1;B010;1;2604290726;H;COP;1952840
1083135;18001602;4916511199;ETIQUETA TERMICA CJX4ROLX2605UN;200;9.600;261;23/5/2026;23/5/2026;1001;1;B010;1;2604290726;H;COP;1952840
1083135;18001602;4916511200;ETIQUETA TERMICA CJX4ROLX2605UN;200;9.600;261;23/5/2026;23/5/2026;1001;1;B010;1;2604290726;H;COP;1952840
1083135;18001602;4916511201;ETIQUETA TERMICA CJX4ROLX2605UN;200;9.600;261;23/5/2026;23/5/2026;1001;1;B010;1;2604290726;H;COP;1952840
1083135;18001602;4916512187;ETIQUETA TERMICA CJX4ROLX2605UN;200;9.600;261;23/5/2026;23/5/2026;1001;1;B010;1;2604290726;H;COP;1952840
1083135;18001602;4916512220;ETIQUETA TERMICA CJX4ROLX2605UN;67;3.216;261;23/5/2026;23/5/2026;1001;1;B010;1;2604290726;H;COP;1952840
1083135;18001602;4916512223;ETIQUETA TERMICA CJX4ROLX2605UN;200;9.600;261;23/5/2026;23/5/2026;1001;1;B010;1;2605081380;H;COP;1952840
1083135;18001602;4916512228;ETIQUETA TERMICA CJX4ROLX2605UN;200;9.600;261;23/5/2026;23/5/2026;1001;1;B010;1;2605081380;H;COP;1952840
1083135;18001602;4916512233;ETIQUETA TERMICA CJX4ROLX2605UN;200;9.600;261;23/5/2026;23/5/2026;1001;1;B010;1;2605081380;H;COP;1952840
1083135;18001602;4916512238;ETIQUETA TERMICA CJX4ROLX2605UN;200;9.600;261;23/5/2026;23/5/2026;1001;1;B010;1;2605081380;H;COP;1952840
1083135;18001602;4916513021;ETIQUETA TERMICA CJX4ROLX2605UN;200;9.600;261;23/5/2026;23/5/2026;1001;1;B010;1;2605081380;H;COP;1952840
1083135;18001602;4916513027;ETIQUETA TERMICA CJX4ROLX2605UN;200;9.600;261;23/5/2026;23/5/2026;1001;1;B010;1;2605081380;H;COP;1952840
1083135;18001602;4916513033;ETIQUETA TERMICA CJX4ROLX2605UN;200;9.600;261;23/5/2026;23/5/2026;1001;1;B010;1;2605081380;H;COP;1952840
1083135;18001602;4916513051;ETIQUETA TERMICA CJX4ROLX2605UN;200;9.600;261;23/5/2026;23/5/2026;1001;1;B010;1;2605081380;H;COP;1952840
1083135;18001602;4916513053;ETIQUETA TERMICA CJX4ROLX2605UN;200;9.600;261;23/5/2026;23/5/2026;1001;1;B010;1;2605081380;H;COP;1952840
1083135;18001602;4916513058;ETIQUETA TERMICA CJX4ROLX2605UN;200;9.600;261;23/5/2026;23/5/2026;1001;1;B010;1;2605081380;H;COP;1952840
1083135;18001602;4916514016;ETIQUETA TERMICA CJX4ROLX2605UN;200;9.600;261;23/5/2026;23/5/2026;1001;1;B010;1;2605081380;H;COP;1952840
1083135;18001602;4916514019;ETIQUETA TERMICA CJX4ROLX2605UN;200;9.600;261;23/5/2026;23/5/2026;1001;1;B010;1;2605081380;H;COP;1952840
1083135;18001602;4916514023;ETIQUETA TERMICA CJX4ROLX2605UN;200;9.600;261;23/5/2026;23/5/2026;1001;1;B010;1;2605081380;H;COP;1952840
1083135;18001602;4916514027;ETIQUETA TERMICA CJX4ROLX2605UN;200;9.600;261;23/5/2026;23/5/2026;1001;1;B010;1;2605081380;H;COP;1952840
1083135;18001590;4916515598;BOLSA FUNDA PERFORADA BTOX10BOLX100UN;580;133.316;261;23/5/2026;23/5/2026;1001;2;B010;3;2604291332;H;COP;0
1083135;18001602;4916517046;ETIQUETA TERMICA CJX4ROLX2605UN;-2.000;-95.998;262;24/5/2026;24/5/2026;1001;2;B010;1;2604290726;S;COP;0
1083135;14002444;5001994156;PRESAS CRISPY CJX10BOL(18UN);-3.450;-93.125.850;101;23/5/2026;23/5/2026;1001;4;B010;1;2605230068;S;COP;0
1083136;12002517;4916513441;MIX DE SALMUERA CRISPY;208,320;2.707.535;261;23/5/2026;23/5/2026;1001;1;B010;1;2605230121;H;COP;1952841
1083136;12002517;4916516661;MIX DE SALMUERA CRISPY;74,400;966.977;261;23/5/2026;23/5/2026;1001;1;B010;1;2605230121;H;COP;1952841
1083136;18001596;4916513452;ETIQUETA COLORES CJX6ROLX3800UN;1;100;261;23/5/2026;23/5/2026;1001;1;B010;1;2404011303;H;COP;1952841
1083136;12001209;4916513463;SALMUERA CRISPY;-1.608,320;-2.914.276;101;23/5/2026;23/5/2026;1001;4;B010;1;2605230072;S;COP;0
1083136;12001209;4916516672;SALMUERA CRISPY;-574,400;-1.040.813;101;23/5/2026;23/5/2026;1001;4;B010;1;2605230072;S;COP;0
1083137;12002516;4916513447;MIX DE SALMUERA ORIGINAL;80,160;963.363;261;23/5/2026;23/5/2026;1001;1;B010;1;2605180806;H;COP;1952842
1083137;18001596;4916513457;ETIQUETA COLORES CJX6ROLX3800UN;1;100;261;23/5/2026;23/5/2026;1001;1;B010;1;2404011303;H;COP;1952842
1083137;12001211;4916513466;SALMUERA IMOR;-1.280,160;-1.127.821;101;23/5/2026;23/5/2026;1001;4;B010;1;2605230073;S;COP;0
1083138;11001135;4916516269;MARINADO PICANTE CJX25UN;140;3.996.689;261;23/5/2026;23/5/2026;1001;1;B010;1;2604291026;H;COP;1952843
1083138;12002532;4916511202;ALAS CORTADAS POLLO;444,600;4.723.431;261;23/5/2026;23/5/2026;1001;1;B010;1;2605220178;H;COP;1952843
1083138;12002532;4916511203;ALAS CORTADAS POLLO;892,600;9.482.983;261;23/5/2026;23/5/2026;1001;1;B010;1;2605220178;H;COP;1952843
1083138;12002532;4916511207;ALAS CORTADAS POLLO;143,500;1.524.544;261;23/5/2026;23/5/2026;1001;1;B010;1;2605220178;H;COP;1952843
1083138;12002532;4916516268;ALAS CORTADAS POLLO;1.330;14.129.922;261;23/5/2026;23/5/2026;1001;1;B010;1;2605230065;H;COP;1952843
1083138;18001585;4916516269;BOLSA FUNDA BTOX10BOLX100UN;150;32.340;261;23/5/2026;23/5/2026;1001;1;B010;2;2604151095;H;COP;1952843
1083138;18001586;4916516268;BOLSA FUELLE  BTOX50BOLX100UN;2.230;125.963;261;23/5/2026;23/5/2026;1001;1;B010;2;2604291357;H;COP;1952843
1083138;18001602;4916510317;ETIQUETA TERMICA CJX4ROLX2605UN;300;14.400;261;23/5/2026;23/5/2026;1001;1;B010;1;2604290726;H;COP;1952843
1083138;18001602;4916510320;ETIQUETA TERMICA CJX4ROLX2605UN;300;14.400;261;23/5/2026;23/5/2026;1001;1;B010;1;2604290726;H;COP;1952843
1083138;18001602;4916510324;ETIQUETA TERMICA CJX4ROLX2605UN;300;14.400;261;23/5/2026;23/5/2026;1001;1;B010;1;2604290726;H;COP;1952843
1083138;18001602;4916513086;ETIQUETA TERMICA CJX4ROLX2605UN;300;14.400;261;23/5/2026;23/5/2026;1001;1;B010;1;2605081380;H;COP;1952843
1083138;18001602;4916513100;ETIQUETA TERMICA CJX4ROLX2605UN;300;14.400;261;23/5/2026;23/5/2026;1001;1;B010;1;2605081380;H;COP;1952843
1083138;18001602;4916513103;ETIQUETA TERMICA CJX4ROLX2605UN;300;14.400;261;23/5/2026;23/5/2026;1001;1;B010;1;2605081380;H;COP;1952843
1083138;18001602;4916513676;ETIQUETA TERMICA CJX4ROLX2605UN;300;14.400;261;23/5/2026;23/5/2026;1001;1;B010;1;2605081380;H;COP;1952843
1083138;18001602;4916514545;ETIQUETA TERMICA CJX4ROLX2605UN;300;14.400;261;23/5/2026;23/5/2026;1001;1;B010;1;2605081380;H;COP;1952843
1083138;18001602;4916514790;ETIQUETA TERMICA CJX4ROLX2605UN;200;9.600;261;23/5/2026;23/5/2026;1001;1;B010;1;2605081380;H;COP;1952843
1083138;18001602;4916514816;ETIQUETA TERMICA CJX4ROLX2605UN;200;9.600;261;23/5/2026;23/5/2026;1001;1;B010;1;2605081380;H;COP;1952843
1083138;18001602;4916515437;ETIQUETA TERMICA CJX4ROLX2605UN;500;23.999;261;23/5/2026;23/5/2026;1001;1;B010;1;2605081380;H;COP;1952843
1083138;18001612;4916516269;CINTA DE RESINA 110*450M ROLX45000CM;2.345,800;0;261;23/5/2026;23/5/2026;1001;1;B010;3;2603311297;H;COP;1952843
1083138;14002429;4916513958;ALAS HOT WINGS BOL(40UN);-450;-7.084.350;101;23/5/2026;23/5/2026;1001;4;B010;1;2605230074;S;COP;0
1083138;14002429;4916516177;ALAS HOT WINGS BOL(40UN);-1.682;-26.479.726;101;23/5/2026;23/5/2026;1001;4;B010;1;2605230074;S;COP;0
1083139;12002548;4916511878;CARNE POLLO CORTADA PARA POP CORN;779;12.008.285;261;23/5/2026;23/5/2026;1001;1;B010;1;2605230081;H;COP;1952844
1083139;12002548;4916512916;CARNE POLLO CORTADA PARA POP CORN;154,200;2.376.993;261;23/5/2026;23/5/2026;1001;1;B010;1;2605230081;H;COP;1952844
1083139;12002548;4916512921;CARNE POLLO CORTADA PARA POP CORN;179,300;2.763.910;261;23/5/2026;23/5/2026;1001;1;B010;1;2605230081;H;COP;1952844
1083139;12002548;4916514466;CARNE POLLO CORTADA PARA POP CORN;526,100;8.109.832;261;23/5/2026;23/5/2026;1001;1;B010;1;2605230081;H;COP;1952844
1083139;12002548;4916514470;CARNE POLLO CORTADA PARA POP CORN;176,700;2.723.831;261;23/5/2026;23/5/2026;1001;1;B010;1;2605230081;H;COP;1952844
1083139;12002548;4916516266;CARNE POLLO CORTADA PARA POP CORN;829,800;12.791.368;261;23/5/2026;23/5/2026;1001;1;B010;1;2605230081;H;COP;1952844
1083139;12002548;4916516301;CARNE POLLO CORTADA PARA POP CORN;118,500;1.826.678;261;23/5/2026;23/5/2026;1001;1;B010;1;2605230081;H;COP;1952844
1083139;12002548;4916516380;CARNE POLLO CORTADA PARA POP CORN;157,600;2.429.404;261;23/5/2026;23/5/2026;1001;1;B010;1;2605230081;H;COP;1952844
1083139;12002548;4916516551;CARNE POLLO CORTADA PARA POP CORN;151,200;2.330.748;261;23/5/2026;23/5/2026;1001;1;B010;1;2605230081;H;COP;1952844
1083139;12002548;4916516815;CARNE POLLO CORTADA PARA POP CORN;78,100;1.203.912;261;23/5/2026;23/5/2026;1001;1;B010;1;2605230081;H;COP;1952844
1083139;18001585;4916516797;BOLSA FUNDA BTOX10BOLX100UN;80;17.248;261;23/5/2026;23/5/2026;1001;1;B010;2;2604151095;H;COP;1952844
1083139;18001585;4916516809;BOLSA FUNDA BTOX10BOLX100UN;5;1.078;261;23/5/2026;23/5/2026;1001;1;B010;3;2604151095;H;COP;1952844
1083139;18001586;4916516797;BOLSA FUELLE  BTOX50BOLX100UN;3.240;183.014;261;23/5/2026;23/5/2026;1001;1;B010;1;2604291357;H;COP;1952844
1083139;18001586;4916516809;BOLSA FUELLE  BTOX50BOLX100UN;93;5.253;261;23/5/2026;23/5/2026;1001;1;B010;2;2604291357;H;COP;1952844
1083139;18001602;4916511269;ETIQUETA TERMICA CJX4ROLX2605UN;300;14.400;261;23/5/2026;23/5/2026;1001;1;B010;1;2604290726;H;COP;1952844
1083139;18001602;4916512053;ETIQUETA TERMICA CJX4ROLX2605UN;300;14.400;261;23/5/2026;23/5/2026;1001;1;B010;1;2605081380;H;COP;1952844
1083139;18001602;4916512062;ETIQUETA TERMICA CJX4ROLX2605UN;300;14.400;261;23/5/2026;23/5/2026;1001;1;B010;1;2605081380;H;COP;1952844
1083139;18001602;4916512067;ETIQUETA TERMICA CJX4ROLX2605UN;300;14.400;261;23/5/2026;23/5/2026;1001;1;B010;1;2605081380;H;COP;1952844
1083139;18001602;4916512749;ETIQUETA TERMICA CJX4ROLX2605UN;300;14.400;261;23/5/2026;23/5/2026;1001;1;B010;1;2605081380;H;COP;1952844
1083139;18001602;4916512752;ETIQUETA TERMICA CJX4ROLX2605UN;300;14.400;261;23/5/2026;23/5/2026;1001;1;B010;1;2605081380;H;COP;1952844
1083139;18001602;4916512754;ETIQUETA TERMICA CJX4ROLX2605UN;300;14.400;261;23/5/2026;23/5/2026;1001;1;B010;1;2605081380;H;COP;1952844
1083139;18001602;4916513657;ETIQUETA TERMICA CJX4ROLX2605UN;300;14.400;261;23/5/2026;23/5/2026;1001;1;B010;1;2605081380;H;COP;1952844
1083139;18001602;4916514512;ETIQUETA TERMICA CJX4ROLX2605UN;300;14.400;261;23/5/2026;23/5/2026;1001;1;B010;1;2605081380;H;COP;1952844
1083139;18001602;4916514516;ETIQUETA TERMICA CJX4ROLX2605UN;300;14.400;261;23/5/2026;23/5/2026;1001;1;B010;1;2605081380;H;COP;1952844
1083139;18001602;4916514520;ETIQUETA TERMICA CJX4ROLX2605UN;300;14.400;261;23/5/2026;23/5/2026;1001;1;B010;1;2605081380;H;COP;1952844
1083139;18001602;4916515406;ETIQUETA TERMICA CJX4ROLX2605UN;300;14.400;261;23/5/2026;23/5/2026;1001;1;B010;1;2605081380;H;COP;1952844
1083139;18001602;4916515408;ETIQUETA TERMICA CJX4ROLX2605UN;300;14.400;261;23/5/2026;23/5/2026;1001;1;B010;1;2605081380;H;COP;1952844
1083139;18001602;4916515411;ETIQUETA TERMICA CJX4ROLX2605UN;400;19.200;261;23/5/2026;23/5/2026;1001;1;B010;1;2605081380;H;COP;1952844
1083139;18001602;4916515933;ETIQUETA TERMICA CJX4ROLX2605UN;1.000;47.999;261;23/5/2026;23/5/2026;1001;1;B010;1;2605081380;H;COP;1952844
1083139;18001602;4916515999;ETIQUETA TERMICA CJX4ROLX2605UN;500;23.999;261;23/5/2026;23/5/2026;1001;1;B010;1;2605081380;H;COP;1952844
1083139;18001602;4916516013;ETIQUETA TERMICA CJX4ROLX2605UN;300;14.400;261;23/5/2026;23/5/2026;1001;1;B010;1;2605081380;H;COP;1952844
1083139;18001602;4916516257;ETIQUETA TERMICA CJX4ROLX2605UN;500;23.999;261;23/5/2026;23/5/2026;1001;1;B010;1;2605081380;H;COP;1952844
1083139;18001602;4916516259;ETIQUETA TERMICA CJX4ROLX2605UN;500;23.999;261;23/5/2026;23/5/2026;1001;1;B010;1;2605081380;H;COP;1952844
1083139;18001602;4916516284;ETIQUETA TERMICA CJX4ROLX2605UN;500;23.999;261;23/5/2026;23/5/2026;1001;1;B010;1;2605081380;H;COP;1952844
1083139;18001602;4916516546;ETIQUETA TERMICA CJX4ROLX2605UN;150;7.200;261;23/5/2026;23/5/2026;1001;1;B010;1;2605081380;H;COP;1952844
1083139;18001602;4916516678;ETIQUETA TERMICA CJX4ROLX2605UN;200;9.600;261;23/5/2026;23/5/2026;1001;1;B010;1;2605081380;H;COP;1952844
1083139;18001612;4916516797;CINTA DE RESINA 110*450M ROLX45000CM;22.680;0;261;23/5/2026;23/5/2026;1001;1;B010;3;2603311297;H;COP;1952844
1083139;18001612;4916516809;CINTA DE RESINA 110*450M ROLX45000CM;466,667;0;261;23/5/2026;23/5/2026;1001;1;B010;4;2603311297;H;COP;1952844
1083139;14002613;4916512732;POP CORN BOL(0,88KG);-160;-1.949.760;101;23/5/2026;23/5/2026;1001;4;B010;1;2605230075;S;COP;0
1083139;14002613;4916513322;POP CORN BOL(0,88KG);-80;-974.880;101;23/5/2026;23/5/2026;1001;4;B010;1;2605230075;S;COP;0
1083139;14002613;4916516593;POP CORN BOL(0,88KG);-4.080;-49.718.880;101;23/5/2026;23/5/2026;1001;4;B010;1;2605230075;S;COP;0
1083139;14002613;4916516809;POP CORN BOL(0,88KG);-140;-1.706.040;101;23/5/2026;23/5/2026;1001;4;B010;1;2605230075;S;COP;0
1083140;11000341;4916515117;MARINADOR CRISPY 15.66KG CJX60UN;8;28.612;261;23/5/2026;23/5/2026;1001;1;B010;2;2604291170;H;COP;1952845
1083140;14002437;4916511755;CARNE PARA KENTUCKY SANDWNCH;665;11.261.775;261;23/5/2026;23/5/2026;1001;1;B010;1;2605230084;H;COP;1952845
1083140;14002437;4916515117;CARNE PARA KENTUCKY SANDWNCH;-35,200;-596.112;262;23/5/2026;23/5/2026;1001;1;B010;1;2605230084;S;COP;1952845
1083140;18001586;4916515117;BOLSA FUELLE  BTOX50BOLX100UN;1.500;84.729;261;23/5/2026;23/5/2026;1001;1;B010;3;2604291357;H;COP;1952845
1083140;18001602;4916510328;ETIQUETA TERMICA CJX4ROLX2605UN;300;14.400;261;23/5/2026;23/5/2026;1001;1;B010;1;2604290726;H;COP;1952845
1083140;18001602;4916510352;ETIQUETA TERMICA CJX4ROLX2605UN;300;14.400;261;23/5/2026;23/5/2026;1001;1;B010;1;2604290726;H;COP;1952845
1083140;18001602;4916510356;ETIQUETA TERMICA CJX4ROLX2605UN;300;14.400;261;23/5/2026;23/5/2026;1001;1;B010;1;2604290726;H;COP;1952845
1083140;18001602;4916511096;ETIQUETA TERMICA CJX4ROLX2605UN;300;14.400;261;23/5/2026;23/5/2026;1001;1;B010;1;2604290726;H;COP;1952845
1083140;18001602;4916513007;ETIQUETA TERMICA CJX4ROLX2605UN;300;14.400;261;23/5/2026;23/5/2026;1001;1;B010;1;2605081380;H;COP;1952845
1083140;18001602;4916513010;ETIQUETA TERMICA CJX4ROLX2605UN;300;14.400;261;23/5/2026;23/5/2026;1001;1;B010;1;2605081380;H;COP;1952845
1083140;18001602;4916513132;ETIQUETA TERMICA CJX4ROLX2605UN;300;14.400;261;23/5/2026;23/5/2026;1001;1;B010;1;2605081380;H;COP;1952845
1083140;18001602;4916513143;ETIQUETA TERMICA CJX4ROLX2605UN;300;14.400;261;23/5/2026;23/5/2026;1001;1;B010;1;2605081380;H;COP;1952845
1083140;18001602;4916513576;ETIQUETA TERMICA CJX4ROLX2605UN;300;14.400;261;23/5/2026;23/5/2026;1001;1;B010;1;2605081380;H;COP;1952845
1083140;18001602;4916513581;ETIQUETA TERMICA CJX4ROLX2605UN;300;14.400;261;23/5/2026;23/5/2026;1001;1;B010;1;2605081380;H;COP;1952845
1083140;18001602;4916513641;ETIQUETA TERMICA CJX4ROLX2605UN;300;14.400;261;23/5/2026;23/5/2026;1001;1;B010;1;2605081380;H;COP;1952845
1083140;18001612;4916515117;CINTA DE RESINA 110*450M ROLX45000CM;3.245,800;0;261;23/5/2026;23/5/2026;1001;1;B010;4;2603311297;H;COP;1952845
1083140;11000092;4916515117;CARRAGENINA BTOX25KG;0,300;10.330;261;23/5/2026;23/5/2026;1001;2;B010;5;2603091072;H;COP;0
1083140;11001130;4916515117;SAL YODADA  BTOX25UNX0.5KG;5,491;12.532;261;23/5/2026;23/5/2026;1001;2;B010;6;2604220958;H;COP;0
1083140;18001602;4916515142;ETIQUETA TERMICA CJX4ROLX2605UN;-2.000;-95.998;262;23/5/2026;23/5/2026;1001;2;B010;1;2605081380;S;COP;0
1083140;14002433;4916513925;KENTUCKY SANDWNCH BOL(5UN);-1.200;-10.312.800;101;23/5/2026;23/5/2026;1001;4;B010;1;2605230076;S;COP;0
1083140;14002433;4916514996;KENTUCKY SANDWNCH BOL(5UN);-104;-893.776;101;23/5/2026;23/5/2026;1001;4;B010;1;2605230076;S;COP;0
1083141;14002440;4916511520;CARNE DE STRIPS;479,400;7.867.433;261;23/5/2026;23/5/2026;1001;1;B010;1;2605230082;H;COP;1952846
1083141;14002440;4916515481;CARNE DE STRIPS;266;4.365.326;261;23/5/2026;23/5/2026;1001;1;B010;1;2605230082;H;COP;1952846
1083141;14002440;4916515720;CARNE DE STRIPS;266;4.365.326;261;23/5/2026;23/5/2026;1001;1;B010;1;2605230082;H;COP;1952846
1083141;14002440;4916515743;CARNE DE STRIPS;133;2.182.663;261;23/5/2026;23/5/2026;1001;1;B010;1;2605230082;H;COP;1952846
1083141;14002440;4916516590;CARNE DE STRIPS;230;3.774.530;261;23/5/2026;23/5/2026;1001;1;B010;1;2605230082;H;COP;1952846
1083141;14002440;4916516614;CARNE DE STRIPS;97;1.591.867;261;23/5/2026;23/5/2026;1001;1;B010;1;2605230082;H;COP;1952846
1083141;18001585;4916516813;BOLSA FUNDA BTOX10BOLX100UN;20;4.312;261;23/5/2026;23/5/2026;1001;1;B010;3;2604151095;H;COP;1952846
1083141;18001586;4916516813;BOLSA FUELLE  BTOX50BOLX100UN;1.438;81.227;261;23/5/2026;23/5/2026;1001;1;B010;2;2604291357;H;COP;1952846
1083141;18001602;4916510545;ETIQUETA TERMICA CJX4ROLX2605UN;300;14.400;261;23/5/2026;23/5/2026;1001;1;B010;1;2604290726;H;COP;1952846
1083141;18001602;4916511092;ETIQUETA TERMICA CJX4ROLX2605UN;300;14.400;261;23/5/2026;23/5/2026;1001;1;B010;1;2604290726;H;COP;1952846
1083141;18001602;4916511788;ETIQUETA TERMICA CJX4ROLX2605UN;300;14.400;261;23/5/2026;23/5/2026;1001;1;B010;1;2604290726;H;COP;1952846
1083141;18001602;4916511831;ETIQUETA TERMICA CJX4ROLX2605UN;300;14.400;261;23/5/2026;23/5/2026;1001;1;B010;1;2605081380;H;COP;1952846
1083141;18001602;4916516185;ETIQUETA TERMICA CJX4ROLX2605UN;400;19.200;261;23/5/2026;23/5/2026;1001;1;B010;1;2605081380;H;COP;1952846
1083141;18001602;4916516331;ETIQUETA TERMICA CJX4ROLX2605UN;300;14.400;261;23/5/2026;23/5/2026;1001;1;B010;1;2605081380;H;COP;1952846
1083141;18001602;4916516654;ETIQUETA TERMICA CJX4ROLX2605UN;150;7.200;261;23/5/2026;23/5/2026;1001;1;B010;1;2605081380;H;COP;1952846
1083141;18001612;4916516813;CINTA DE RESINA 110*450M ROLX45000CM;1.066;0;261;23/5/2026;23/5/2026;1001;1;B010;4;2603311297;H;COP;1952846
1083141;18001612;4916516998;CINTA DE RESINA 110*450M ROLX45000CM;20.545;0;261;24/5/2026;24/5/2026;1001;1;B010;1;2603311297;H;COP;1952846
1083141;11000092;4916516998;CARRAGENINA BTOX25KG;0,208;7.162;261;24/5/2026;24/5/2026;1001;2;B010;2;2603091072;H;COP;0
1083141;11001130;4916516998;SAL YODADA  BTOX25UNX0.5KG;12,645;28.859;261;24/5/2026;24/5/2026;1001;2;B010;3;2604220958;H;COP;0
1083141;14002441;4916512974;STRIPS MARINADO BOL(20UN);-450;-7.585.650;101;23/5/2026;23/5/2026;1001;4;B010;1;2605230077;S;COP;0
1083141;14002441;4916516602;STRIPS MARINADO BOL(20UN);-903;-15.221.871;101;23/5/2026;23/5/2026;1001;4;B010;1;2605230077;S;COP;0
1083141;14002441;4916516813;STRIPS MARINADO BOL(20UN);-85;-1.432.845;101;23/5/2026;23/5/2026;1001;4;B010;1;2605230077;S;COP;0
1083142;14002446;4916513723;CARNE BIG CRUNCH;428,200;6.863.190;261;23/5/2026;23/5/2026;1001;1;B010;1;2605230085;H;COP;1952847
1083142;14002446;4916514492;CARNE BIG CRUNCH;266;4.263.448;261;23/5/2026;23/5/2026;1001;1;B010;1;2605230085;H;COP;1952847
1083142;14002446;4916515742;CARNE BIG CRUNCH;266;4.263.448;261;23/5/2026;23/5/2026;1001;1;B010;1;2605230085;H;COP;1952847
1083142;14002446;4916515755;CARNE BIG CRUNCH;133;2.131.724;261;23/5/2026;23/5/2026;1001;1;B010;1;2605230085;H;COP;1952847
1083142;14002446;4916516123;CARNE BIG CRUNCH;269,700;4.322.752;261;23/5/2026;23/5/2026;1001;1;B010;1;2605230085;H;COP;1952847
1083142;14002446;4916516589;CARNE BIG CRUNCH;133;2.131.724;261;23/5/2026;23/5/2026;1001;1;B010;1;2605230085;H;COP;1952847
1083142;14002446;4916516841;CARNE BIG CRUNCH;133;2.131.724;261;23/5/2026;23/5/2026;1001;1;B010;1;2605230085;H;COP;1952847
1083142;18001585;4916516820;BOLSA FUNDA BTOX10BOLX100UN;85;18.326;261;23/5/2026;23/5/2026;1001;1;B010;3;2604151095;H;COP;1952847
1083142;18001586;4916516820;BOLSA FUELLE  BTOX50BOLX100UN;2.826;159.629;261;23/5/2026;23/5/2026;1001;1;B010;2;2604291357;H;COP;1952847
1083142;18001602;4916511651;ETIQUETA TERMICA CJX4ROLX2605UN;300;14.400;261;23/5/2026;23/5/2026;1001;1;B010;1;2604290726;H;COP;1952847
1083142;18001602;4916511655;ETIQUETA TERMICA CJX4ROLX2605UN;300;14.400;261;23/5/2026;23/5/2026;1001;1;B010;1;2604290726;H;COP;1952847
1083142;18001602;4916511659;ETIQUETA TERMICA CJX4ROLX2605UN;300;14.400;261;23/5/2026;23/5/2026;1001;1;B010;1;2604290726;H;COP;1952847
1083142;18001602;4916513381;ETIQUETA TERMICA CJX4ROLX2605UN;300;14.400;261;23/5/2026;23/5/2026;1001;1;B010;1;2605081380;H;COP;1952847
1083142;18001602;4916513387;ETIQUETA TERMICA CJX4ROLX2605UN;300;14.400;261;23/5/2026;23/5/2026;1001;1;B010;1;2605081380;H;COP;1952847
1083142;18001602;4916513391;ETIQUETA TERMICA CJX4ROLX2605UN;300;14.400;261;23/5/2026;23/5/2026;1001;1;B010;1;2605081380;H;COP;1952847
1083142;18001602;4916513439;ETIQUETA TERMICA CJX4ROLX2605UN;300;14.400;261;23/5/2026;23/5/2026;1001;1;B010;1;2605081380;H;COP;1952847
1083142;18001602;4916513440;ETIQUETA TERMICA CJX4ROLX2605UN;300;14.400;261;23/5/2026;23/5/2026;1001;1;B010;1;2605081380;H;COP;1952847
1083142;18001602;4916513442;ETIQUETA TERMICA CJX4ROLX2605UN;300;14.400;261;23/5/2026;23/5/2026;1001;1;B010;1;2605081380;H;COP;1952847
1083142;18001602;4916514018;ETIQUETA TERMICA CJX4ROLX2605UN;300;14.400;261;23/5/2026;23/5/2026;1001;1;B010;1;2605081380;H;COP;1952847
1083142;18001602;4916514022;ETIQUETA TERMICA CJX4ROLX2605UN;300;14.400;261;23/5/2026;23/5/2026;1001;1;B010;1;2605081380;H;COP;1952847
1083142;18001602;4916514637;ETIQUETA TERMICA CJX4ROLX2605UN;300;14.400;261;23/5/2026;23/5/2026;1001;1;B010;1;2605081380;H;COP;1952847
1083142;18001602;4916514640;ETIQUETA TERMICA CJX4ROLX2605UN;300;14.400;261;23/5/2026;23/5/2026;1001;1;B010;1;2605081380;H;COP;1952847
1083142;18001602;4916516660;ETIQUETA TERMICA CJX4ROLX2605UN;200;9.600;261;23/5/2026;23/5/2026;1001;1;B010;1;2605081380;H;COP;1952847
1083142;18001602;4916516715;ETIQUETA TERMICA CJX4ROLX2605UN;150;7.200;261;23/5/2026;23/5/2026;1001;1;B010;1;2605081380;H;COP;1952847
1083142;18001602;4916516761;ETIQUETA TERMICA CJX4ROLX2605UN;50;2.400;261;23/5/2026;23/5/2026;1001;1;B010;1;2605081380;H;COP;1952847
1083142;18001602;4916516925;ETIQUETA TERMICA CJX4ROLX2605UN;-2.000;-95.998;262;24/5/2026;24/5/2026;1001;1;B010;1;2605081380;S;COP;1952847
1083142;18001612;4916516820;CINTA DE RESINA 110*450M ROLX45000CM;5.130;0;261;23/5/2026;23/5/2026;1001;1;B010;4;2603311297;H;COP;1952847
1083142;11001130;4916516925;SAL YODADA  BTOX25UNX0.5KG;13,998;31.947;261;24/5/2026;24/5/2026;1001;2;B010;2;2604220955;H;COP;0
1083142;14002427;4916516607;BIG CRUNCH MARINADO BOL(10UN);-1.800;-16.974.000;101;23/5/2026;23/5/2026;1001;4;B010;1;2605230078;S;COP;0
1083142;14002427;4916516820;BIG CRUNCH MARINADO BOL(10UN);-1.026;-9.675.180;101;23/5/2026;23/5/2026;1001;4;B010;1;2605230078;S;COP;0
1083143;13000365;4916515913;ASERRIN HUESO DE POLLO;-160;-160;531;23/5/2026;23/5/2026;1001;1;B010;1;2605230079;S;COP;1952848
1083143;13000365;4916515914;ASERRIN HUESO DE POLLO;-160;-160;531;23/5/2026;23/5/2026;1001;1;B010;1;2605230079;S;COP;1952848
1083143;13000365;4916515915;ASERRIN HUESO DE POLLO;-160;-160;531;23/5/2026;23/5/2026;1001;1;B010;1;2605230079;S;COP;1952848
1083143;13000365;4916515921;ASERRIN HUESO DE POLLO;-100;-100;531;23/5/2026;23/5/2026;1001;1;B010;1;2605230079;S;COP;1952848
1083143;13000367;4916513836;COSTILLA DE POLLO;140;182.000;261;23/5/2026;23/5/2026;1001;1;B010;1;2605220225;H;COP;1952848
1083143;13000367;4916513838;COSTILLA DE POLLO;140;182.000;261;23/5/2026;23/5/2026;1001;1;B010;1;2605220225;H;COP;1952848
1083143;13000367;4916513842;COSTILLA DE POLLO;140;182.000;261;23/5/2026;23/5/2026;1001;1;B010;1;2605220225;H;COP;1952848
1083143;13000367;4916513843;COSTILLA DE POLLO;140;182.000;261;23/5/2026;23/5/2026;1001;1;B010;1;2605220225;H;COP;1952848
1083143;13000367;4916513845;COSTILLA DE POLLO;140;182.000;261;23/5/2026;23/5/2026;1001;1;B010;1;2605220225;H;COP;1952848
1083143;13000367;4916513846;COSTILLA DE POLLO;100;130.000;261;23/5/2026;23/5/2026;1001;1;B010;1;2605220225;H;COP;1952848
1083143;13000367;4916513847;COSTILLA DE POLLO;140;182.000;261;23/5/2026;23/5/2026;1001;1;B010;1;2605220225;H;COP;1952848
1083143;13000367;4916513848;COSTILLA DE POLLO;140;182.000;261;23/5/2026;23/5/2026;1001;1;B010;1;2605220225;H;COP;1952848
1083143;13000367;4916513852;COSTILLA DE POLLO;140;182.000;261;23/5/2026;23/5/2026;1001;1;B010;1;2605220225;H;COP;1952848
1083143;13000367;4916515652;COSTILLA DE POLLO;140;182.000;261;23/5/2026;23/5/2026;1001;1;B010;1;2605230080;H;COP;1952848
1083143;13000367;4916515653;COSTILLA DE POLLO;140;182.000;261;23/5/2026;23/5/2026;1001;1;B010;1;2605230080;H;COP;1952848
1083143;13000367;4916515656;COSTILLA DE POLLO;140;182.000;261;23/5/2026;23/5/2026;1001;1;B010;1;2605230080;H;COP;1952848
1083143;13000367;4916515658;COSTILLA DE POLLO;140;182.000;261;23/5/2026;23/5/2026;1001;1;B010;1;2605230080;H;COP;1952848
1083143;13000367;4916515672;COSTILLA DE POLLO;280;364.000;261;23/5/2026;23/5/2026;1001;1;B010;1;2605230080;H;COP;1952848
1083143;13000367;4916516134;COSTILLA DE POLLO;68,600;89.180;261;23/5/2026;23/5/2026;1001;1;B010;1;2605210122;H;COP;1952848
1083143;13000367;4916516134;COSTILLA DE POLLO;211,400;274.820;261;23/5/2026;23/5/2026;1001;1;B010;2;2605230080;H;COP;1952848
1083143;13000368;4916513900;GRASA DE POLLO;80;24.000;261;23/5/2026;23/5/2026;1001;1;B010;1;2605220173;H;COP;1952848
1083143;13000368;4916515674;GRASA DE POLLO;49,100;14.730;261;23/5/2026;23/5/2026;1001;1;B010;1;2605230060;H;COP;1952848
1083143;13000371;4916513889;PUNTILLAS;133,600;26.720;261;23/5/2026;23/5/2026;1001;1;B010;1;2605220173;H;COP;1952848
1083143;13000371;4916515646;PUNTILLAS;80;16.000;261;23/5/2026;23/5/2026;1001;1;B010;1;2605220173;H;COP;1952848
1083143;18001585;4916516134;BOLSA FUNDA BTOX10BOLX100UN;105;22.638;261;23/5/2026;23/5/2026;1001;1;B010;4;2604151095;H;COP;1952848
1083143;18001593;4916516134;BOLSA PASTA DE POLLO BTOX9BOLX50UN;140;107.963;261;23/5/2026;23/5/2026;1001;1;B010;3;2604291279;H;COP;1952848
1083143;18001602;4916510369;ETIQUETA TERMICA CJX4ROLX2605UN;200;9.600;261;23/5/2026;23/5/2026;1001;1;B010;1;2604290726;H;COP;1952848
1083143;18001602;4916510394;ETIQUETA TERMICA CJX4ROLX2605UN;40;1.920;261;23/5/2026;23/5/2026;1001;1;B010;1;2604290726;H;COP;1952848
1083143;18001602;4916514811;ETIQUETA TERMICA CJX4ROLX2605UN;150;7.200;261;23/5/2026;23/5/2026;1001;1;B010;1;2604290726;H;COP;1952848
1083143;18001602;4916515897;ETIQUETA TERMICA CJX4ROLX2605UN;1;48;261;23/5/2026;23/5/2026;1001;1;B010;1;2604290726;H;COP;1952848
1083143;18001602;4916515899;ETIQUETA TERMICA CJX4ROLX2605UN;1;48;261;23/5/2026;23/5/2026;1001;1;B010;1;2604290726;H;COP;1952848
1083143;18001602;4916515907;ETIQUETA TERMICA CJX4ROLX2605UN;1;48;261;23/5/2026;23/5/2026;1001;1;B010;1;2604290726;H;COP;1952848
1083143;18001602;4916515911;ETIQUETA TERMICA CJX4ROLX2605UN;1;48;261;23/5/2026;23/5/2026;1001;1;B010;1;2604290726;H;COP;1952848
1083143;18001602;4916515919;ETIQUETA TERMICA CJX4ROLX2605UN;1;48;261;23/5/2026;23/5/2026;1001;1;B010;1;2604290726;H;COP;1952848
1083143;18001612;4916516134;CINTA DE RESINA 110*450M ROLX45000CM;3.245,800;0;261;23/5/2026;23/5/2026;1001;1;B010;5;2603311297;H;COP;1952848
1083143;13000368;4916516099;GRASA DE POLLO;-20;-6.000;262;23/5/2026;23/5/2026;1001;2;B010;1;2605230060;S;COP;0
1083143;14002442;5001994221;PASTA DE POLLO;-150;-367.050;101;23/5/2026;23/5/2026;1001;4;B010;1;2605230079;S;COP;0
1083143;14002442;5001994222;PASTA DE POLLO;-150;-367.050;101;23/5/2026;23/5/2026;1001;4;B010;1;2605230079;S;COP;0
1083143;14002442;5001994223;PASTA DE POLLO;-120;-293.640;101;23/5/2026;23/5/2026;1001;4;B010;1;2605230079;S;COP;0
1083143;14002442;5001994224;PASTA DE POLLO;-120;-293.640;101;23/5/2026;23/5/2026;1001;4;B010;1;2605230079;S;COP;0
1083143;14002442;5001994225;PASTA DE POLLO;-120;-293.640;101;23/5/2026;23/5/2026;1001;4;B010;1;2605230079;S;COP;0
1083143;14002442;5001994226;PASTA DE POLLO;-120;-293.640;101;23/5/2026;23/5/2026;1001;4;B010;1;2605230079;S;COP;0
1083143;14002442;5001994227;PASTA DE POLLO;-120;-293.640;101;23/5/2026;23/5/2026;1001;4;B010;1;2605230079;S;COP;0
1083143;14002442;5001994228;PASTA DE POLLO;-120;-293.640;101;23/5/2026;23/5/2026;1001;4;B010;1;2605230079;S;COP;0
1083143;14002442;5001994229;PASTA DE POLLO;-120;-293.640;101;23/5/2026;23/5/2026;1001;4;B010;1;2605230079;S;COP;0
1083143;14002442;5001994230;PASTA DE POLLO;-120;-293.640;101;23/5/2026;23/5/2026;1001;4;B010;1;2605230079;S;COP;0
1083143;14002442;5001994231;PASTA DE POLLO;-120;-293.640;101;23/5/2026;23/5/2026;1001;4;B010;1;2605230079;S;COP;0
1083143;14002442;5001994232;PASTA DE POLLO;-120;-293.640;101;23/5/2026;23/5/2026;1001;4;B010;1;2605230079;S;COP;0
1083143;14002442;5001994233;PASTA DE POLLO;-120;-293.640;101;23/5/2026;23/5/2026;1001;4;B010;1;2605230079;S;COP;0
1083143;14002442;5001994234;PASTA DE POLLO;-120;-293.640;101;23/5/2026;23/5/2026;1001;4;B010;1;2605230079;S;COP;0
1083143;14002442;5001994235;PASTA DE POLLO;-120;-293.640;101;23/5/2026;23/5/2026;1001;4;B010;1;2605230079;S;COP;0
1083143;14002442;5001994236;PASTA DE POLLO;-120;-293.640;101;23/5/2026;23/5/2026;1001;4;B010;1;2605230079;S;COP;0
1083143;14002442;5001994238;PASTA DE POLLO;-60;-146.820;101;23/5/2026;23/5/2026;1001;4;B010;1;2605230079;S;COP;0
1083144;12002546;4916510351;CAJA DE POLLO;177,900;1.549.687;261;23/5/2026;23/5/2026;1001;1;B010;1;2605200252;H;COP;1952849
1083144;12002546;4916510353;CAJA DE POLLO;169,500;1.476.515;261;23/5/2026;23/5/2026;1001;1;B010;1;2605200252;H;COP;1952849
1083144;12002546;4916510355;CAJA DE POLLO;30,800;268.299;261;23/5/2026;23/5/2026;1001;1;B010;1;2605200252;H;COP;1952849
1083144;12002546;4916510357;CAJA DE POLLO;170,100;1.481.741;261;23/5/2026;23/5/2026;1001;1;B010;1;2605200252;H;COP;1952849
1083144;12002546;4916510358;CAJA DE POLLO;172,200;1.500.034;261;23/5/2026;23/5/2026;1001;1;B010;1;2605200252;H;COP;1952849
1083144;12002546;4916510359;CAJA DE POLLO;170,500;1.485.226;261;23/5/2026;23/5/2026;1001;1;B010;1;2605200252;H;COP;1952849
1083144;12002546;4916510360;CAJA DE POLLO;166;1.446.026;261;23/5/2026;23/5/2026;1001;1;B010;1;2605200252;H;COP;1952849
1083144;12002546;4916510368;CAJA DE POLLO;160,500;1.398.116;261;23/5/2026;23/5/2026;1001;1;B010;1;2605210132;H;COP;1952849
1083144;12002546;4916510390;CAJA DE POLLO;151,900;1.323.201;261;23/5/2026;23/5/2026;1001;1;B010;1;2605210132;H;COP;1952849
1083144;12002546;4916510391;CAJA DE POLLO;135;1.175.985;261;23/5/2026;23/5/2026;1001;1;B010;1;2605210132;H;COP;1952849
1083144;12002546;4916510392;CAJA DE POLLO;164,800;1.435.573;261;23/5/2026;23/5/2026;1001;1;B010;1;2605210132;H;COP;1952849
1083144;12002546;4916510412;CAJA DE POLLO;136,100;1.185.567;261;23/5/2026;23/5/2026;1001;1;B010;1;2605210140;H;COP;1952849
1083144;12002546;4916510413;CAJA DE POLLO;150,400;1.310.134;261;23/5/2026;23/5/2026;1001;1;B010;1;2605210140;H;COP;1952849
1083144;12002546;4916510414;CAJA DE POLLO;167,100;1.455.608;261;23/5/2026;23/5/2026;1001;1;B010;1;2605210140;H;COP;1952849
1083144;12002546;4916510415;CAJA DE POLLO;144,400;1.257.868;261;23/5/2026;23/5/2026;1001;1;B010;1;2605210140;H;COP;1952849
1083144;12002546;4916510417;CAJA DE POLLO;161,400;1.405.955;261;23/5/2026;23/5/2026;1001;1;B010;1;2605210140;H;COP;1952849
1083144;12002546;4916510418;CAJA DE POLLO;148,500;1.293.584;261;23/5/2026;23/5/2026;1001;1;B010;1;2605210140;H;COP;1952849
1083144;12002546;4916510419;CAJA DE POLLO;140,500;1.223.896;261;23/5/2026;23/5/2026;1001;1;B010;1;2605210140;H;COP;1952849
1083144;12002546;4916510420;CAJA DE POLLO;178,800;1.557.527;261;23/5/2026;23/5/2026;1001;1;B010;1;2605210140;H;COP;1952849
1083144;12002546;4916510421;CAJA DE POLLO;166,200;1.447.768;261;23/5/2026;23/5/2026;1001;1;B010;1;2605210140;H;COP;1952849
1083144;12002546;4916510686;CAJA DE POLLO;148,800;1.296.197;261;23/5/2026;23/5/2026;1001;1;B010;1;2605220173;H;COP;1952849
1083144;12002546;4916510689;CAJA DE POLLO;142,500;1.241.318;261;23/5/2026;23/5/2026;1001;1;B010;1;2605220173;H;COP;1952849
1083144;12002546;4916510725;CAJA DE POLLO;153,200;1.334.525;261;23/5/2026;23/5/2026;1001;1;B010;1;2605220187;H;COP;1952849
1083144;12002546;4916510726;CAJA DE POLLO;138;1.202.118;261;23/5/2026;23/5/2026;1001;1;B010;1;2605220187;H;COP;1952849
1083144;12002546;4916510728;CAJA DE POLLO;154,200;1.343.236;261;23/5/2026;23/5/2026;1001;1;B010;1;2605220187;H;COP;1952849
1083144;12002546;4916511303;CAJA DE POLLO;141,400;1.231.735;261;23/5/2026;23/5/2026;1001;1;B010;1;2605220187;H;COP;1952849
1083144;12002546;4916511304;CAJA DE POLLO;145,900;1.270.935;261;23/5/2026;23/5/2026;1001;1;B010;1;2605220187;H;COP;1952849
1083144;12002546;4916511517;CAJA DE POLLO;262,300;2.284.895;261;23/5/2026;23/5/2026;1001;1;B010;1;2605220173;H;COP;1952849
1083144;12002546;4916511523;CAJA DE POLLO;137;1.193.407;261;23/5/2026;23/5/2026;1001;1;B010;1;2605210132;H;COP;1952849
1083144;12002546;4916511640;CAJA DE POLLO;157,300;1.370.240;261;23/5/2026;23/5/2026;1001;1;B010;1;2605210132;H;COP;1952849
1083144;12002546;4916511648;CAJA DE POLLO;168,600;1.468.675;261;23/5/2026;23/5/2026;1001;1;B010;1;2605220173;H;COP;1952849
1083144;12002546;4916511938;CAJA DE POLLO;138,900;1.209.958;261;23/5/2026;23/5/2026;1001;1;B010;1;2605210132;H;COP;1952849
1083144;12002546;4916511953;CAJA DE POLLO;147;1.280.517;261;23/5/2026;23/5/2026;1001;1;B010;1;2605220173;H;COP;1952849
1083144;12002546;4916512470;CAJA DE POLLO;138,200;1.203.860;261;23/5/2026;23/5/2026;1001;1;B010;1;2605220173;H;COP;1952849
1083144;12002546;4916512472;CAJA DE POLLO;136,900;1.192.536;261;23/5/2026;23/5/2026;1001;1;B010;1;2605220173;H;COP;1952849
1083144;12002546;4916512473;CAJA DE POLLO;156,500;1.363.272;261;23/5/2026;23/5/2026;1001;1;B010;1;2605220173;H;COP;1952849
1083144;12002546;4916512474;CAJA DE POLLO;144,600;1.259.611;261;23/5/2026;23/5/2026;1001;1;B010;1;2605220173;H;COP;1952849
1083144;12002546;4916513310;CAJA DE POLLO;157,400;1.371.111;261;23/5/2026;23/5/2026;1001;1;B010;1;2605220173;H;COP;1952849
1083144;12002546;4916513313;CAJA DE POLLO;137,400;1.196.891;261;23/5/2026;23/5/2026;1001;1;B010;1;2605220173;H;COP;1952849
1083144;12002546;4916513315;CAJA DE POLLO;151,100;1.316.232;261;23/5/2026;23/5/2026;1001;1;B010;1;2605220173;H;COP;1952849
1083144;12002546;4916513329;CAJA DE POLLO;159,400;1.388.533;261;23/5/2026;23/5/2026;1001;1;B010;1;2605220173;H;COP;1952849
1083144;12002546;4916513336;CAJA DE POLLO;155;1.350.205;261;23/5/2026;23/5/2026;1001;1;B010;1;2605220173;H;COP;1952849
1083144;12002546;4916513747;CAJA DE POLLO;173;1.507.003;261;23/5/2026;23/5/2026;1001;1;B010;1;2605220187;H;COP;1952849
1083144;12002546;4916513750;CAJA DE POLLO;159,400;1.388.533;261;23/5/2026;23/5/2026;1001;1;B010;1;2605220187;H;COP;1952849
1083144;12002546;4916514145;CAJA DE POLLO;161,200;1.404.213;261;23/5/2026;23/5/2026;1001;1;B010;1;2605220187;H;COP;1952849
1083144;12002546;4916514147;CAJA DE POLLO;151,400;1.318.845;261;23/5/2026;23/5/2026;1001;1;B010;1;2605220187;H;COP;1952849
1083144;12002546;4916514522;CAJA DE POLLO;148;1.289.228;261;23/5/2026;23/5/2026;1001;1;B010;1;2605220187;H;COP;1952849
1083144;12002546;4916514526;CAJA DE POLLO;160,600;1.398.987;261;23/5/2026;23/5/2026;1001;1;B010;1;2605220187;H;COP;1952849
1083144;12002546;4916514700;CAJA DE POLLO;154,900;1.349.334;261;23/5/2026;23/5/2026;1001;1;B010;1;2605220187;H;COP;1952849
1083144;12002546;4916514701;CAJA DE POLLO;156,500;1.363.272;261;23/5/2026;23/5/2026;1001;1;B010;1;2605220187;H;COP;1952849
1083144;12002546;4916514857;CAJA DE POLLO;150,100;1.307.521;261;23/5/2026;23/5/2026;1001;1;B010;1;2605220187;H;COP;1952849
1083144;12002546;4916514859;CAJA DE POLLO;150,900;1.314.490;261;23/5/2026;23/5/2026;1001;1;B010;1;2605220187;H;COP;1952849
1083144;12002546;4916514924;CAJA DE POLLO;315,800;2.750.934;261;23/5/2026;23/5/2026;1001;1;B010;1;2605210132;H;COP;1952849
1083144;12002546;4916515274;CAJA DE POLLO;114,600;998.281;261;23/5/2026;23/5/2026;1001;1;B010;1;2605210132;H;COP;1952849
1083144;12002546;4916515278;CAJA DE POLLO;446,400;3.888.591;261;23/5/2026;23/5/2026;1001;1;B010;1;2605210140;H;COP;1952849
1083144;12002546;4916515289;CAJA DE POLLO;134,700;1.173.372;261;23/5/2026;23/5/2026;1001;1;B010;1;2605210140;H;COP;1952849
1083144;12002546;4916515370;CAJA DE POLLO;165,800;1.444.284;261;23/5/2026;23/5/2026;1001;1;B010;1;2605210140;H;COP;1952849
1083144;12002546;4916515372;CAJA DE POLLO;173,900;1.514.843;261;23/5/2026;23/5/2026;1001;1;B010;1;2605210132;H;COP;1952849
1083144;12002546;4916515486;CAJA DE POLLO;439,800;3.831.098;261;23/5/2026;23/5/2026;1001;1;B010;1;2605210132;H;COP;1952849
1083144;12002546;4916515800;CAJA DE POLLO;580,300;5.054.994;261;23/5/2026;23/5/2026;1001;1;B010;1;2605210132;H;COP;1952849
1083144;12002546;4916515859;CAJA DE POLLO;155,400;1.353.689;261;23/5/2026;23/5/2026;1001;1;B010;1;2605210132;H;COP;1952849
1083144;12002546;4916515864;CAJA DE POLLO;46,700;406.804;261;23/5/2026;23/5/2026;1001;1;B010;1;2605210132;H;COP;1952849
1083144;12002546;4916515885;CAJA DE POLLO;149,700;1.304.037;261;23/5/2026;23/5/2026;1001;1;B010;1;2605210132;H;COP;1952849
1083144;12002546;4916515992;CAJA DE POLLO;161,500;1.406.827;261;23/5/2026;23/5/2026;1001;1;B010;1;2605230060;H;COP;1952849
1083144;12002546;4916515993;CAJA DE POLLO;131,200;1.142.883;261;23/5/2026;23/5/2026;1001;1;B010;1;2605230060;H;COP;1952849
1083144;12002546;4916516146;CAJA DE POLLO;142,700;1.243.060;261;23/5/2026;23/5/2026;1001;1;B010;1;2605230060;H;COP;1952849
1083144;12002546;4916516147;CAJA DE POLLO;144,400;1.257.868;261;23/5/2026;23/5/2026;1001;1;B010;1;2605230060;H;COP;1952849
1083144;12002546;4916516148;CAJA DE POLLO;139,100;1.211.700;261;23/5/2026;23/5/2026;1001;1;B010;1;2605230060;H;COP;1952849
1083144;12002546;4916516149;CAJA DE POLLO;146,300;1.274.419;261;23/5/2026;23/5/2026;1001;1;B010;1;2605230060;H;COP;1952849
1083144;12002546;4916516261;CAJA DE POLLO;162,400;1.414.666;261;23/5/2026;23/5/2026;1001;1;B010;1;2605230060;H;COP;1952849
1083144;12002546;4916516262;CAJA DE POLLO;155,600;1.355.432;261;23/5/2026;23/5/2026;1001;1;B010;1;2605230060;H;COP;1952849
1083144;12002546;4916516395;CAJA DE POLLO;61,900;539.211;261;23/5/2026;23/5/2026;1001;1;B010;1;2605210140;H;COP;1952849
1083144;12002546;4916516421;CAJA DE POLLO;164,500;1.432.960;261;23/5/2026;23/5/2026;1001;1;B010;1;2605230060;H;COP;1952849
1083144;12002546;4916516422;CAJA DE POLLO;158,100;1.377.209;261;23/5/2026;23/5/2026;1001;1;B010;1;2605230060;H;COP;1952849
1083144;12002546;4916516430;CAJA DE POLLO;157,800;1.374.596;261;23/5/2026;23/5/2026;1001;1;B010;1;2605230060;H;COP;1952849
1083144;12002546;4916516477;CAJA DE POLLO;129,700;1.129.817;261;23/5/2026;23/5/2026;1001;1;B010;1;2605230060;H;COP;1952849
1083144;12002546;4916516499;CAJA DE POLLO;136,700;1.190.794;261;23/5/2026;23/5/2026;1001;1;B010;1;2605230060;H;COP;1952849
1083144;12002546;4916516666;CAJA DE POLLO;131,900;1.148.981;261;23/5/2026;23/5/2026;1001;1;B010;1;2605230060;H;COP;1952849
1083144;12002546;4916516667;CAJA DE POLLO;134,500;1.171.630;261;23/5/2026;23/5/2026;1001;1;B010;1;2605230060;H;COP;1952849
1083144;12002546;4916517019;CAJA DE POLLO;18,500;161.154;261;24/5/2026;24/5/2026;1001;1;B010;1;2605210132;H;COP;1952849
1083144;12002546;4916517019;CAJA DE POLLO;237,100;2.065.378;261;24/5/2026;24/5/2026;1001;1;B010;2;2605210140;H;COP;1952849
1083144;13000367;4916510751;COSTILLA DE POLLO;-140;-182.000;531;23/5/2026;23/5/2026;1001;1;B010;1;2605230080;S;COP;1952849
1083144;13000367;4916510752;COSTILLA DE POLLO;-140;-182.000;531;23/5/2026;23/5/2026;1001;1;B010;1;2605230080;S;COP;1952849
1083144;13000367;4916510753;COSTILLA DE POLLO;-140;-182.000;531;23/5/2026;23/5/2026;1001;1;B010;1;2605230080;S;COP;1952849
1083144;13000367;4916510754;COSTILLA DE POLLO;-140;-182.000;531;23/5/2026;23/5/2026;1001;1;B010;1;2605230080;S;COP;1952849
1083144;13000367;4916510755;COSTILLA DE POLLO;-140;-182.000;531;23/5/2026;23/5/2026;1001;1;B010;1;2605230080;S;COP;1952849
1083144;13000367;4916510758;COSTILLA DE POLLO;-140;-182.000;531;23/5/2026;23/5/2026;1001;1;B010;1;2605230080;S;COP;1952849
1083144;13000367;4916511970;COSTILLA DE POLLO;-140;-182.000;531;23/5/2026;23/5/2026;1001;1;B010;1;2605230080;S;COP;1952849
1083144;13000367;4916512385;COSTILLA DE POLLO;-140;-182.000;531;23/5/2026;23/5/2026;1001;1;B010;1;2605230080;S;COP;1952849
1083144;13000367;4916512386;COSTILLA DE POLLO;-140;-182.000;531;23/5/2026;23/5/2026;1001;1;B010;1;2605230080;S;COP;1952849
1083144;13000367;4916512493;COSTILLA DE POLLO;-140;-182.000;531;23/5/2026;23/5/2026;1001;1;B010;1;2605230080;S;COP;1952849
1083144;13000367;4916512919;COSTILLA DE POLLO;-140;-182.000;531;23/5/2026;23/5/2026;1001;1;B010;1;2605230080;S;COP;1952849
1083144;13000367;4916513388;COSTILLA DE POLLO;-140;-182.000;531;23/5/2026;23/5/2026;1001;1;B010;1;2605230080;S;COP;1952849
1083144;13000367;4916514584;COSTILLA DE POLLO;-140;-182.000;531;23/5/2026;23/5/2026;1001;1;B010;1;2605230080;S;COP;1952849
1083144;13000367;4916514586;COSTILLA DE POLLO;-140;-182.000;531;23/5/2026;23/5/2026;1001;1;B010;1;2605230080;S;COP;1952849
1083144;13000367;4916514666;COSTILLA DE POLLO;-140;-182.000;531;23/5/2026;23/5/2026;1001;1;B010;1;2605230080;S;COP;1952849
1083144;13000367;4916514946;COSTILLA DE POLLO;-140;-182.000;531;23/5/2026;23/5/2026;1001;1;B010;1;2605230080;S;COP;1952849
1083144;13000367;4916515379;COSTILLA DE POLLO;-140;-182.000;531;23/5/2026;23/5/2026;1001;1;B010;1;2605230080;S;COP;1952849
1083144;13000367;4916515381;COSTILLA DE POLLO;-140;-182.000;531;23/5/2026;23/5/2026;1001;1;B010;1;2605230080;S;COP;1952849
1083144;13000367;4916515511;COSTILLA DE POLLO;-140;-182.000;531;23/5/2026;23/5/2026;1001;1;B010;1;2605230080;S;COP;1952849
1083144;13000367;4916515818;COSTILLA DE POLLO;-140;-182.000;531;23/5/2026;23/5/2026;1001;1;B010;1;2605230080;S;COP;1952849
1083144;13000367;4916515960;COSTILLA DE POLLO;-140;-182.000;531;23/5/2026;23/5/2026;1001;1;B010;1;2605230080;S;COP;1952849
1083144;13000367;4916516166;COSTILLA DE POLLO;-140;-182.000;531;23/5/2026;23/5/2026;1001;1;B010;1;2605230080;S;COP;1952849
1083144;13000367;4916516184;COSTILLA DE POLLO;-140;-182.000;531;23/5/2026;23/5/2026;1001;1;B010;1;2605230080;S;COP;1952849
1083144;13000367;4916516318;COSTILLA DE POLLO;-140;-182.000;531;23/5/2026;23/5/2026;1001;1;B010;1;2605230080;S;COP;1952849
1083144;13000367;4916516330;COSTILLA DE POLLO;-140;-182.000;531;23/5/2026;23/5/2026;1001;1;B010;1;2605230080;S;COP;1952849
1083144;13000367;4916516475;COSTILLA DE POLLO;-140;-182.000;531;23/5/2026;23/5/2026;1001;1;B010;1;2605230080;S;COP;1952849
1083144;13000367;4916516485;COSTILLA DE POLLO;-140;-182.000;531;23/5/2026;23/5/2026;1001;1;B010;1;2605230080;S;COP;1952849
1083144;13000367;4916516599;COSTILLA DE POLLO;-140;-182.000;531;23/5/2026;23/5/2026;1001;1;B010;1;2605230080;S;COP;1952849
1083144;13000367;4916516630;COSTILLA DE POLLO;-128,800;-167.440;531;23/5/2026;23/5/2026;1001;1;B010;1;2605230080;S;COP;1952849
1083144;13000369;4916515566;PIEL DE POLLO;-140;-98.000;531;23/5/2026;23/5/2026;1001;1;B010;1;2605220225;S;COP;1952849
1083144;18001585;4916517019;BOLSA FUNDA BTOX10BOLX100UN;15;3.234;261;24/5/2026;24/5/2026;1001;1;B010;3;2604151095;H;COP;1952849
1083144;18001596;4916510309;ETIQUETA COLORES CJX6ROLX3800UN;1;100;261;23/5/2026;23/5/2026;1001;1;B010;1;2404011303;H;COP;1952849
1083144;18001596;4916510314;ETIQUETA COLORES CJX6ROLX3800UN;1;100;261;23/5/2026;23/5/2026;1001;1;B010;1;2404011303;H;COP;1952849
1083144;18001596;4916510321;ETIQUETA COLORES CJX6ROLX3800UN;1;100;261;23/5/2026;23/5/2026;1001;1;B010;1;2404011303;H;COP;1952849
1083144;18001596;4916510323;ETIQUETA COLORES CJX6ROLX3800UN;1;100;261;23/5/2026;23/5/2026;1001;1;B010;1;2404011303;H;COP;1952849
1083144;18001596;4916510325;ETIQUETA COLORES CJX6ROLX3800UN;1;100;261;23/5/2026;23/5/2026;1001;1;B010;1;2404011303;H;COP;1952849
1083144;18001596;4916510495;ETIQUETA COLORES CJX6ROLX3800UN;1;100;261;23/5/2026;23/5/2026;1001;1;B010;1;2404011303;H;COP;1952849
1083144;18001596;4916510497;ETIQUETA COLORES CJX6ROLX3800UN;1;100;261;23/5/2026;23/5/2026;1001;1;B010;1;2404011303;H;COP;1952849
1083144;18001596;4916510498;ETIQUETA COLORES CJX6ROLX3800UN;1;100;261;23/5/2026;23/5/2026;1001;1;B010;1;2404011303;H;COP;1952849
1083144;18001596;4916510506;ETIQUETA COLORES CJX6ROLX3800UN;1;100;261;23/5/2026;23/5/2026;1001;1;B010;1;2404011303;H;COP;1952849
1083144;18001596;4916510527;ETIQUETA COLORES CJX6ROLX3800UN;1;100;261;23/5/2026;23/5/2026;1001;1;B010;1;2404011303;H;COP;1952849
1083144;18001596;4916510534;ETIQUETA COLORES CJX6ROLX3800UN;1;100;261;23/5/2026;23/5/2026;1001;1;B010;1;2404011303;H;COP;1952849
1083144;18001596;4916510749;ETIQUETA COLORES CJX6ROLX3800UN;6;600;261;23/5/2026;23/5/2026;1001;1;B010;1;2404011303;H;COP;1952849
1083144;18001596;4916510764;ETIQUETA COLORES CJX6ROLX3800UN;42;4.200;261;23/5/2026;23/5/2026;1001;1;B010;1;2404011303;H;COP;1952849
1083144;18001596;4916511342;ETIQUETA COLORES CJX6ROLX3800UN;1;100;261;23/5/2026;23/5/2026;1001;1;B010;1;2404011303;H;COP;1952849
1083144;18001596;4916511680;ETIQUETA COLORES CJX6ROLX3800UN;1;100;261;23/5/2026;23/5/2026;1001;1;B010;1;2404011303;H;COP;1952849
1083144;18001596;4916511759;ETIQUETA COLORES CJX6ROLX3800UN;1;100;261;23/5/2026;23/5/2026;1001;1;B010;1;2404011303;H;COP;1952849
1083144;18001596;4916511959;ETIQUETA COLORES CJX6ROLX3800UN;1;100;261;23/5/2026;23/5/2026;1001;1;B010;1;2404011303;H;COP;1952849
1083144;18001596;4916511975;ETIQUETA COLORES CJX6ROLX3800UN;7;700;261;23/5/2026;23/5/2026;1001;1;B010;1;2404011303;H;COP;1952849
1083144;18001596;4916512293;ETIQUETA COLORES CJX6ROLX3800UN;1;100;261;23/5/2026;23/5/2026;1001;1;B010;1;2404011303;H;COP;1952849
1083144;18001596;4916512326;ETIQUETA COLORES CJX6ROLX3800UN;1;100;261;23/5/2026;23/5/2026;1001;1;B010;1;2404011303;H;COP;1952849
1083144;18001596;4916512384;ETIQUETA COLORES CJX6ROLX3800UN;2;200;261;23/5/2026;23/5/2026;1001;1;B010;1;2404011303;H;COP;1952849
1083144;18001596;4916512389;ETIQUETA COLORES CJX6ROLX3800UN;21;2.100;261;23/5/2026;23/5/2026;1001;1;B010;1;2404011303;H;COP;1952849
1083144;18001596;4916512492;ETIQUETA COLORES CJX6ROLX3800UN;1;100;261;23/5/2026;23/5/2026;1001;1;B010;1;2404011303;H;COP;1952849
1083144;18001596;4916512648;ETIQUETA COLORES CJX6ROLX3800UN;1;100;261;23/5/2026;23/5/2026;1001;1;B010;1;2404011303;H;COP;1952849
1083144;18001596;4916512917;ETIQUETA COLORES CJX6ROLX3800UN;1;100;261;23/5/2026;23/5/2026;1001;1;B010;1;2404011303;H;COP;1952849
1083144;18001596;4916512927;ETIQUETA COLORES CJX6ROLX3800UN;7;700;261;23/5/2026;23/5/2026;1001;1;B010;1;2404011303;H;COP;1952849
1083144;18001596;4916513060;ETIQUETA COLORES CJX6ROLX3800UN;1;100;261;23/5/2026;23/5/2026;1001;1;B010;1;2404011303;H;COP;1952849
1083144;18001596;4916513386;ETIQUETA COLORES CJX6ROLX3800UN;1;100;261;23/5/2026;23/5/2026;1001;1;B010;1;2404011303;H;COP;1952849
1083144;18001596;4916513389;ETIQUETA COLORES CJX6ROLX3800UN;7;700;261;23/5/2026;23/5/2026;1001;1;B010;1;2404011303;H;COP;1952849
1083144;18001596;4916513443;ETIQUETA COLORES CJX6ROLX3800UN;1;100;261;23/5/2026;23/5/2026;1001;1;B010;1;2404011303;H;COP;1952849
1083144;18001596;4916513637;ETIQUETA COLORES CJX6ROLX3800UN;1;100;261;23/5/2026;23/5/2026;1001;1;B010;1;2404011303;H;COP;1952849
1083144;18001596;4916513986;ETIQUETA COLORES CJX6ROLX3800UN;1;100;261;23/5/2026;23/5/2026;1001;1;B010;1;2404011303;H;COP;1952849
1083144;18001596;4916514130;ETIQUETA COLORES CJX6ROLX3800UN;1;100;261;23/5/2026;23/5/2026;1001;1;B010;1;2404011303;H;COP;1952849
1083144;18001596;4916514196;ETIQUETA COLORES CJX6ROLX3800UN;1;100;261;23/5/2026;23/5/2026;1001;1;B010;1;2404011303;H;COP;1952849
1083144;18001596;4916514294;ETIQUETA COLORES CJX6ROLX3800UN;1;100;261;23/5/2026;23/5/2026;1001;1;B010;1;2404011303;H;COP;1952849
1083144;18001596;4916514477;ETIQUETA COLORES CJX6ROLX3800UN;2;200;261;23/5/2026;23/5/2026;1001;1;B010;1;2404011303;H;COP;1952849
1083144;18001596;4916514491;ETIQUETA COLORES CJX6ROLX3800UN;14;1.400;261;23/5/2026;23/5/2026;1001;1;B010;1;2404011303;H;COP;1952849
1083144;18001596;4916514503;ETIQUETA COLORES CJX6ROLX3800UN;77;7.699;261;23/5/2026;23/5/2026;1001;1;B010;1;2404011303;H;COP;1952849
1083144;18001596;4916514532;ETIQUETA COLORES CJX6ROLX3800UN;1;100;261;23/5/2026;23/5/2026;1001;1;B010;1;2404011303;H;COP;1952849
1083144;18001596;4916514580;ETIQUETA COLORES CJX6ROLX3800UN;2;200;261;23/5/2026;23/5/2026;1001;1;B010;1;2404011303;H;COP;1952849
1083144;18001596;4916514600;ETIQUETA COLORES CJX6ROLX3800UN;40;4.000;261;23/5/2026;23/5/2026;1001;1;B010;1;2404011303;H;COP;1952849
1083144;18001596;4916514665;ETIQUETA COLORES CJX6ROLX3800UN;1;100;261;23/5/2026;23/5/2026;1001;1;B010;1;2404011303;H;COP;1952849
1083144;18001596;4916514713;ETIQUETA COLORES CJX6ROLX3800UN;1;100;261;23/5/2026;23/5/2026;1001;1;B010;1;2404011303;H;COP;1952849
1083144;18001596;4916514758;ETIQUETA COLORES CJX6ROLX3800UN;1;100;261;23/5/2026;23/5/2026;1001;1;B010;1;2404011303;H;COP;1952849
1083144;18001596;4916514843;ETIQUETA COLORES CJX6ROLX3800UN;1;100;261;23/5/2026;23/5/2026;1001;1;B010;1;2404011303;H;COP;1952849
1083144;18001596;4916514913;ETIQUETA COLORES CJX6ROLX3800UN;1;100;261;23/5/2026;23/5/2026;1001;1;B010;1;2404011303;H;COP;1952849
1083144;18001596;4916514925;ETIQUETA COLORES CJX6ROLX3800UN;1;100;261;23/5/2026;23/5/2026;1001;1;B010;1;2404011303;H;COP;1952849
1083144;18001596;4916514945;ETIQUETA COLORES CJX6ROLX3800UN;1;100;261;23/5/2026;23/5/2026;1001;1;B010;1;2404011303;H;COP;1952849
1083144;18001596;4916514995;ETIQUETA COLORES CJX6ROLX3800UN;1;100;261;23/5/2026;23/5/2026;1001;1;B010;1;2404011303;H;COP;1952849
1083144;18001596;4916515054;ETIQUETA COLORES CJX6ROLX3800UN;1;100;261;23/5/2026;23/5/2026;1001;1;B010;1;2404011303;H;COP;1952849
1083144;18001596;4916515161;ETIQUETA COLORES CJX6ROLX3800UN;1;100;261;23/5/2026;23/5/2026;1001;1;B010;1;2404011303;H;COP;1952849
1083144;18001596;4916515164;ETIQUETA COLORES CJX6ROLX3800UN;1;100;261;23/5/2026;23/5/2026;1001;1;B010;1;2404011303;H;COP;1952849
1083144;18001596;4916515221;ETIQUETA COLORES CJX6ROLX3800UN;1;100;261;23/5/2026;23/5/2026;1001;1;B010;1;2404011303;H;COP;1952849
1083144;18001596;4916515266;ETIQUETA COLORES CJX6ROLX3800UN;1;100;261;23/5/2026;23/5/2026;1001;1;B010;1;2404011303;H;COP;1952849
1083144;18001596;4916515311;ETIQUETA COLORES CJX6ROLX3800UN;1;100;261;23/5/2026;23/5/2026;1001;1;B010;1;2404011303;H;COP;1952849
1083144;18001596;4916515347;ETIQUETA COLORES CJX6ROLX3800UN;1;100;261;23/5/2026;23/5/2026;1001;1;B010;1;2404011303;H;COP;1952849
1083144;18001596;4916515378;ETIQUETA COLORES CJX6ROLX3800UN;2;200;261;23/5/2026;23/5/2026;1001;1;B010;1;2404011303;H;COP;1952849
1083144;18001596;4916515385;ETIQUETA COLORES CJX6ROLX3800UN;1;100;261;23/5/2026;23/5/2026;1001;1;B010;1;2404011303;H;COP;1952849
1083144;18001596;4916515436;ETIQUETA COLORES CJX6ROLX3800UN;1;100;261;23/5/2026;23/5/2026;1001;1;B010;1;2404011303;H;COP;1952849
1083144;18001596;4916515488;ETIQUETA COLORES CJX6ROLX3800UN;1;100;261;23/5/2026;23/5/2026;1001;1;B010;1;2404011303;H;COP;1952849
1083144;18001596;4916515509;ETIQUETA COLORES CJX6ROLX3800UN;1;100;261;23/5/2026;23/5/2026;1001;1;B010;1;2404011303;H;COP;1952849
1083144;18001596;4916515512;ETIQUETA COLORES CJX6ROLX3800UN;77;7.699;261;23/5/2026;23/5/2026;1001;1;B010;1;2404011303;H;COP;1952849
1083144;18001596;4916515525;ETIQUETA COLORES CJX6ROLX3800UN;1;100;261;23/5/2026;23/5/2026;1001;1;B010;1;2404011303;H;COP;1952849
1083144;18001596;4916515529;ETIQUETA COLORES CJX6ROLX3800UN;1;100;261;23/5/2026;23/5/2026;1001;1;B010;1;2404011303;H;COP;1952849
1083144;18001596;4916515558;ETIQUETA COLORES CJX6ROLX3800UN;1;100;261;23/5/2026;23/5/2026;1001;1;B010;1;2404011303;H;COP;1952849
1083144;18001596;4916515605;ETIQUETA COLORES CJX6ROLX3800UN;1;100;261;23/5/2026;23/5/2026;1001;1;B010;1;2404011303;H;COP;1952849
1083144;18001596;4916515640;ETIQUETA COLORES CJX6ROLX3800UN;3;300;261;23/5/2026;23/5/2026;1001;1;B010;1;2404011303;H;COP;1952849
1083144;18001596;4916515661;ETIQUETA COLORES CJX6ROLX3800UN;1;100;261;23/5/2026;23/5/2026;1001;1;B010;1;2404011303;H;COP;1952849
1083144;18001596;4916515727;ETIQUETA COLORES CJX6ROLX3800UN;1;100;261;23/5/2026;23/5/2026;1001;1;B010;1;2404011303;H;COP;1952849
1083144;18001596;4916515748;ETIQUETA COLORES CJX6ROLX3800UN;1;100;261;23/5/2026;23/5/2026;1001;1;B010;1;2404011303;H;COP;1952849
1083144;18001596;4916515754;ETIQUETA COLORES CJX6ROLX3800UN;1;100;261;23/5/2026;23/5/2026;1001;1;B010;1;2404011303;H;COP;1952849
1083144;18001596;4916515801;ETIQUETA COLORES CJX6ROLX3800UN;1;100;261;23/5/2026;23/5/2026;1001;1;B010;1;2404011303;H;COP;1952849
1083144;18001596;4916515817;ETIQUETA COLORES CJX6ROLX3800UN;1;100;261;23/5/2026;23/5/2026;1001;1;B010;1;2404011303;H;COP;1952849
1083144;18001596;4916515827;ETIQUETA COLORES CJX6ROLX3800UN;1;100;261;23/5/2026;23/5/2026;1001;1;B010;1;2404011303;H;COP;1952849
1083144;18001596;4916515912;ETIQUETA COLORES CJX6ROLX3800UN;1;100;261;23/5/2026;23/5/2026;1001;1;B010;1;2404011303;H;COP;1952849
1083144;18001596;4916515922;ETIQUETA COLORES CJX6ROLX3800UN;1;100;261;23/5/2026;23/5/2026;1001;1;B010;1;2404011303;H;COP;1952849
1083144;18001596;4916515958;ETIQUETA COLORES CJX6ROLX3800UN;1;100;261;23/5/2026;23/5/2026;1001;1;B010;1;2404011303;H;COP;1952849
1083144;18001596;4916515969;ETIQUETA COLORES CJX6ROLX3800UN;1;100;261;23/5/2026;23/5/2026;1001;1;B010;1;2404011303;H;COP;1952849
1083144;18001596;4916515995;ETIQUETA COLORES CJX6ROLX3800UN;1;100;261;23/5/2026;23/5/2026;1001;1;B010;1;2404011303;H;COP;1952849
1083144;18001596;4916516053;ETIQUETA COLORES CJX6ROLX3800UN;1;100;261;23/5/2026;23/5/2026;1001;1;B010;1;2404011303;H;COP;1952849
1083144;18001596;4916516129;ETIQUETA COLORES CJX6ROLX3800UN;1;100;261;23/5/2026;23/5/2026;1001;1;B010;1;2404011303;H;COP;1952849
1083144;18001596;4916516133;ETIQUETA COLORES CJX6ROLX3800UN;1;100;261;23/5/2026;23/5/2026;1001;1;B010;1;2404011303;H;COP;1952849
1083144;18001596;4916516165;ETIQUETA COLORES CJX6ROLX3800UN;1;100;261;23/5/2026;23/5/2026;1001;1;B010;1;2404011303;H;COP;1952849
1083144;18001596;4916516183;ETIQUETA COLORES CJX6ROLX3800UN;1;100;261;23/5/2026;23/5/2026;1001;1;B010;1;2404011303;H;COP;1952849
1083144;18001596;4916516186;ETIQUETA COLORES CJX6ROLX3800UN;1;100;261;23/5/2026;23/5/2026;1001;1;B010;1;2404011303;H;COP;1952849
1083144;18001596;4916516217;ETIQUETA COLORES CJX6ROLX3800UN;1;100;261;23/5/2026;23/5/2026;1001;1;B010;1;2404011303;H;COP;1952849
1083144;18001596;4916517019;ETIQUETA COLORES CJX6ROLX3800UN;245;24.497;261;24/5/2026;24/5/2026;1001;1;B010;5;2404011303;H;COP;1952849
1083144;18001612;4916517019;CINTA DE RESINA 110*450M ROLX45000CM;2.145,800;0;261;24/5/2026;24/5/2026;1001;1;B010;4;2603311297;H;COP;1952849
1083144;13000369;4916517015;PIEL DE POLLO;-953,800;-667.660;531;24/5/2026;24/5/2026;1001;2;B010;1;2605220225;S;COP;0
1083144;18001590;4916517019;BOLSA FUNDA PERFORADA BTOX10BOLX100UN;115;26.433;261;24/5/2026;24/5/2026;1001;2;B010;6;2605061127;H;COP;0
1083144;12002547;5001993251;CARNE FILETE DE POLLO;-197,200;-2.904.362;101;23/5/2026;23/5/2026;1001;4;B010;1;2605230080;S;COP;0
1083144;12002547;5001993252;CARNE FILETE DE POLLO;-193,700;-2.852.814;101;23/5/2026;23/5/2026;1001;4;B010;1;2605230080;S;COP;0
1083144;12002547;5001993253;CARNE FILETE DE POLLO;-191,400;-2.818.939;101;23/5/2026;23/5/2026;1001;4;B010;1;2605230080;S;COP;0
1083144;12002547;5001993254;CARNE FILETE DE POLLO;-199,200;-2.933.818;101;23/5/2026;23/5/2026;1001;4;B010;1;2605230080;S;COP;0
1083144;12002547;5001993255;CARNE FILETE DE POLLO;-189;-2.783.592;101;23/5/2026;23/5/2026;1001;4;B010;1;2605230080;S;COP;0
1083144;12002547;5001993264;CARNE FILETE DE POLLO;-122,500;-1.804.180;101;23/5/2026;23/5/2026;1001;4;B010;1;2605230080;S;COP;0
1083144;12002547;5001993265;CARNE FILETE DE POLLO;-148,900;-2.192.999;101;23/5/2026;23/5/2026;1001;4;B010;1;2605230080;S;COP;0
1083144;12002547;5001993267;CARNE FILETE DE POLLO;-196,900;-2.899.943;101;23/5/2026;23/5/2026;1001;4;B010;1;2605230080;S;COP;0
1083144;12002547;5001993269;CARNE FILETE DE POLLO;-196,700;-2.896.998;101;23/5/2026;23/5/2026;1001;4;B010;1;2605230080;S;COP;0
1083144;12002547;5001993271;CARNE FILETE DE POLLO;-203;-2.989.784;101;23/5/2026;23/5/2026;1001;4;B010;1;2605230080;S;COP;0
1083144;12002547;5001993341;CARNE FILETE DE POLLO;-217,600;-3.204.813;101;23/5/2026;23/5/2026;1001;4;B010;1;2605230080;S;COP;0
1083144;12002547;5001993357;CARNE FILETE DE POLLO;-222;-3.269.616;101;23/5/2026;23/5/2026;1001;4;B010;1;2605230080;S;COP;0
1083144;12002547;5001993361;CARNE FILETE DE POLLO;-202,200;-2.978.002;101;23/5/2026;23/5/2026;1001;4;B010;1;2605230080;S;COP;0
1083144;12002547;5001993460;CARNE FILETE DE POLLO;-195,200;-2.874.906;101;23/5/2026;23/5/2026;1001;4;B010;1;2605230080;S;COP;0
1083144;12002547;5001993465;CARNE FILETE DE POLLO;-186,900;-2.752.663;101;23/5/2026;23/5/2026;1001;4;B010;1;2605230080;S;COP;0
1083144;12002547;5001993535;CARNE FILETE DE POLLO;-208,700;-3.073.734;101;23/5/2026;23/5/2026;1001;4;B010;1;2605230080;S;COP;0
1083144;12002547;5001993650;CARNE FILETE DE POLLO;-197,600;-2.910.253;101;23/5/2026;23/5/2026;1001;4;B010;1;2605230080;S;COP;0
1083144;12002547;5001993776;CARNE FILETE DE POLLO;-206;-3.033.968;101;23/5/2026;23/5/2026;1001;4;B010;1;2605230080;S;COP;0
1083144;12002547;5001993822;CARNE FILETE DE POLLO;-193,700;-2.852.814;101;23/5/2026;23/5/2026;1001;4;B010;1;2605230080;S;COP;0
1083144;12002547;5001993906;CARNE FILETE DE POLLO;-196,200;-2.889.634;101;23/5/2026;23/5/2026;1001;4;B010;1;2605230080;S;COP;0
1083144;12002547;5001993916;CARNE FILETE DE POLLO;-151,700;-2.234.238;101;23/5/2026;23/5/2026;1001;4;B010;1;2605230080;S;COP;0
1083144;12002547;5001993934;CARNE FILETE DE POLLO;-105,100;-1.547.913;101;23/5/2026;23/5/2026;1001;4;B010;1;2605230080;S;COP;0
1083144;12002547;5001993964;CARNE FILETE DE POLLO;-118,100;-1.739.377;101;23/5/2026;23/5/2026;1001;4;B010;1;2605230080;S;COP;0
1083144;12002547;5001993987;CARNE FILETE DE POLLO;-116;-1.708.448;101;23/5/2026;23/5/2026;1001;4;B010;1;2605230080;S;COP;0
1083144;12002547;5001993999;CARNE FILETE DE POLLO;-79,200;-1.166.458;101;23/5/2026;23/5/2026;1001;4;B010;1;2605230080;S;COP;0
1083144;12002547;5001994012;CARNE FILETE DE POLLO;-74,200;-1.092.818;101;23/5/2026;23/5/2026;1001;4;B010;1;2605230080;S;COP;0
1083144;12002547;5001994022;CARNE FILETE DE POLLO;-87;-1.281.336;101;23/5/2026;23/5/2026;1001;4;B010;1;2605230080;S;COP;0
1083144;12002547;5001994034;CARNE FILETE DE POLLO;-77,600;-1.142.893;101;23/5/2026;23/5/2026;1001;4;B010;1;2605230080;S;COP;0
1083144;12002547;5001994043;CARNE FILETE DE POLLO;-37,100;-546.409;101;23/5/2026;23/5/2026;1001;4;B010;1;2605230080;S;COP;0
1083144;12002547;5001994056;CARNE FILETE DE POLLO;-66,100;-973.521;101;23/5/2026;23/5/2026;1001;4;B010;1;2605230080;S;COP;0
1083144;12002547;5001994057;CARNE FILETE DE POLLO;-72,900;-1.073.671;101;23/5/2026;23/5/2026;1001;4;B010;1;2605230080;S;COP;0
1083144;12002547;5001994070;CARNE FILETE DE POLLO;-87,500;-1.288.700;101;23/5/2026;23/5/2026;1001;4;B010;1;2605230080;S;COP;0
1083144;12002547;5001994077;CARNE FILETE DE POLLO;-80,600;-1.187.077;101;23/5/2026;23/5/2026;1001;4;B010;1;2605230080;S;COP;0
1083144;12002547;5001994084;CARNE FILETE DE POLLO;-76,400;-1.125.219;101;23/5/2026;23/5/2026;1001;4;B010;1;2605230080;S;COP;0
1083144;12002547;5001994093;CARNE FILETE DE POLLO;-93,400;-1.375.595;101;23/5/2026;23/5/2026;1001;4;B010;1;2605230080;S;COP;0
1083144;12002547;5001994099;CARNE FILETE DE POLLO;-70,800;-1.042.742;101;23/5/2026;23/5/2026;1001;4;B010;1;2605230080;S;COP;0
1083144;12002547;5001994110;CARNE FILETE DE POLLO;-77,500;-1.141.420;101;23/5/2026;23/5/2026;1001;4;B010;1;2605230080;S;COP;0
1083144;12002547;5001994132;CARNE FILETE DE POLLO;-74,600;-1.098.709;101;23/5/2026;23/5/2026;1001;4;B010;1;2605230080;S;COP;0
1083144;12002547;5001994144;CARNE FILETE DE POLLO;-69,700;-1.026.542;101;23/5/2026;23/5/2026;1001;4;B010;1;2605230080;S;COP;0
1083144;12002547;5001994161;CARNE FILETE DE POLLO;-70,600;-1.039.797;101;23/5/2026;23/5/2026;1001;4;B010;1;2605230080;S;COP;0
1083144;12002547;5001994174;CARNE FILETE DE POLLO;-68,200;-1.004.450;101;23/5/2026;23/5/2026;1001;4;B010;1;2605230080;S;COP;0
1083144;12002547;5001994183;CARNE FILETE DE POLLO;-74,500;-1.097.236;101;23/5/2026;23/5/2026;1001;4;B010;1;2605230080;S;COP;0
1083144;12002547;5001994188;CARNE FILETE DE POLLO;-70,400;-1.036.851;101;23/5/2026;23/5/2026;1001;4;B010;1;2605230080;S;COP;0
1083144;12002547;5001994190;CARNE FILETE DE POLLO;-73,500;-1.082.508;101;23/5/2026;23/5/2026;1001;4;B010;1;2605230080;S;COP;0
1083144;12002547;5001994197;CARNE FILETE DE POLLO;-72,400;-1.066.307;101;23/5/2026;23/5/2026;1001;4;B010;1;2605230080;S;COP;0
1083144;12002547;5001994205;CARNE FILETE DE POLLO;-63,900;-941.119;101;23/5/2026;23/5/2026;1001;4;B010;1;2605230080;S;COP;0
1083144;12002547;5001994239;CARNE FILETE DE POLLO;-116,500;-1.715.812;101;23/5/2026;23/5/2026;1001;4;B010;1;2605230080;S;COP;0
1083144;12002547;5001994257;CARNE FILETE DE POLLO;-79,200;-1.166.458;101;23/5/2026;23/5/2026;1001;4;B010;1;2605230080;S;COP;0
1083144;12002547;5001994268;CARNE FILETE DE POLLO;-73;-1.075.144;101;23/5/2026;23/5/2026;1001;4;B010;1;2605230080;S;COP;0
1083144;12002547;5001994274;CARNE FILETE DE POLLO;-82,100;-1.209.169;101;23/5/2026;23/5/2026;1001;4;B010;1;2605230080;S;COP;0
1083144;12002547;5001994288;CARNE FILETE DE POLLO;-76,900;-1.132.583;101;23/5/2026;23/5/2026;1001;4;B010;1;2605230080;S;COP;0
1083144;12002547;5001994290;CARNE FILETE DE POLLO;-78,300;-1.153.202;101;23/5/2026;23/5/2026;1001;4;B010;1;2605230080;S;COP;0
1083144;12002547;5001994298;CARNE FILETE DE POLLO;-117,300;-1.727.594;101;23/5/2026;23/5/2026;1001;4;B010;1;2605230080;S;COP;0
1083144;12002547;5001994304;CARNE FILETE DE POLLO;-76,700;-1.129.638;101;23/5/2026;23/5/2026;1001;4;B010;1;2605230080;S;COP;0
1083144;12002547;5001994314;CARNE FILETE DE POLLO;-96,300;-1.418.306;101;23/5/2026;23/5/2026;1001;4;B010;1;2605230080;S;COP;0
1083144;12002547;5001994320;CARNE FILETE DE POLLO;-71,900;-1.058.943;101;23/5/2026;23/5/2026;1001;4;B010;1;2605230080;S;COP;0
1083144;12002547;5001994326;CARNE FILETE DE POLLO;-73,900;-1.088.399;101;23/5/2026;23/5/2026;1001;4;B010;1;2605230080;S;COP;0
1083144;12002547;5001994331;CARNE FILETE DE POLLO;-148,300;-2.184.162;101;23/5/2026;23/5/2026;1001;4;B010;1;2605230080;S;COP;0
1083144;12002547;5001994335;CARNE FILETE DE POLLO;-29,700;-437.422;101;23/5/2026;23/5/2026;1001;4;B010;1;2605230080;S;COP;0
1083144;12002547;5001994336;CARNE FILETE DE POLLO;-46,800;-689.270;101;23/5/2026;23/5/2026;1001;4;B010;1;2605230080;S;COP;0
1083144;12002547;5001994338;CARNE FILETE DE POLLO;-64,700;-952.902;101;23/5/2026;23/5/2026;1001;4;B010;1;2605230080;S;COP;0
1083144;12002547;5001994341;CARNE FILETE DE POLLO;-120,800;-1.779.142;101;23/5/2026;23/5/2026;1001;4;B010;1;2605230080;S;COP;0
1083144;12002547;5001994344;CARNE FILETE DE POLLO;-121,300;-1.786.506;101;23/5/2026;23/5/2026;1001;4;B010;1;2605230080;S;COP;0
1083144;12002547;5001994346;CARNE FILETE DE POLLO;-116,100;-1.709.921;101;23/5/2026;23/5/2026;1001;4;B010;1;2605230080;S;COP;0
1083144;12002547;5001994349;CARNE FILETE DE POLLO;-106,500;-1.568.532;101;23/5/2026;23/5/2026;1001;4;B010;1;2605230080;S;COP;0
1083144;12002547;5001994355;CARNE FILETE DE POLLO;-172;-2.533.216;101;23/5/2026;23/5/2026;1001;4;B010;1;2605230080;S;COP;0
1083145;12002547;4916510427;CARNE FILETE DE POLLO;43,700;643.614;261;23/5/2026;23/5/2026;1001;1;B010;1;2605220225;H;COP;1952850
1083145;12002547;4916510428;CARNE FILETE DE POLLO;198,100;2.917.617;261;23/5/2026;23/5/2026;1001;1;B010;1;2605220225;H;COP;1952850
1083145;12002547;4916510429;CARNE FILETE DE POLLO;205,800;3.031.023;261;23/5/2026;23/5/2026;1001;1;B010;1;2605220225;H;COP;1952850
1083145;12002547;4916510430;CARNE FILETE DE POLLO;194,900;2.870.487;261;23/5/2026;23/5/2026;1001;1;B010;1;2605220225;H;COP;1952850
1083145;12002547;4916510450;CARNE FILETE DE POLLO;189;2.783.592;261;23/5/2026;23/5/2026;1001;1;B010;1;2605230080;H;COP;1952850
1083145;12002547;4916510451;CARNE FILETE DE POLLO;199,200;2.933.818;261;23/5/2026;23/5/2026;1001;1;B010;1;2605230080;H;COP;1952850
1083145;12002547;4916510454;CARNE FILETE DE POLLO;191,400;2.818.939;261;23/5/2026;23/5/2026;1001;1;B010;1;2605230080;H;COP;1952850
1083145;12002547;4916510456;CARNE FILETE DE POLLO;193,700;2.852.814;261;23/5/2026;23/5/2026;1001;1;B010;1;2605230080;H;COP;1952850
1083145;12002547;4916510457;CARNE FILETE DE POLLO;197,200;2.904.362;261;23/5/2026;23/5/2026;1001;1;B010;1;2605230080;H;COP;1952850
1083145;12002547;4916510743;CARNE FILETE DE POLLO;671,300;9.886.906;261;23/5/2026;23/5/2026;1001;1;B010;1;2605230080;H;COP;1952850
1083145;12002547;4916511294;CARNE FILETE DE POLLO;196,700;2.896.998;261;23/5/2026;23/5/2026;1001;1;B010;1;2605230080;H;COP;1952850
1083145;12002547;4916511845;CARNE FILETE DE POLLO;641,800;9.452.431;261;23/5/2026;23/5/2026;1001;1;B010;1;2605230080;H;COP;1952850
1083145;12002547;4916512490;CARNE FILETE DE POLLO;195,200;2.874.906;261;23/5/2026;23/5/2026;1001;1;B010;1;2605230080;H;COP;1952850
1083145;12002547;4916513006;CARNE FILETE DE POLLO;395,600;5.826.397;261;23/5/2026;23/5/2026;1001;1;B010;1;2605230080;H;COP;1952850
1083145;12002547;4916513316;CARNE FILETE DE POLLO;197,600;2.910.253;261;23/5/2026;23/5/2026;1001;1;B010;1;2605230080;H;COP;1952850
1083145;12002547;4916513734;CARNE FILETE DE POLLO;193,700;2.852.814;261;23/5/2026;23/5/2026;1001;1;B010;1;2605230080;H;COP;1952850
1083145;12002547;4916513752;CARNE FILETE DE POLLO;206;3.033.968;261;23/5/2026;23/5/2026;1001;1;B010;1;2605230080;H;COP;1952850
1083145;12002547;4916514140;CARNE FILETE DE POLLO;196,200;2.889.634;261;23/5/2026;23/5/2026;1001;1;B010;1;2605230080;H;COP;1952850
1083145;12002547;4916514201;CARNE FILETE DE POLLO;151,700;2.234.238;261;23/5/2026;23/5/2026;1001;1;B010;1;2605230080;H;COP;1952850
1083145;12002547;4916514543;CARNE FILETE DE POLLO;223,200;3.287.290;261;23/5/2026;23/5/2026;1001;1;B010;1;2605230080;H;COP;1952850
1083145;12002547;4916514821;CARNE FILETE DE POLLO;195,200;2.874.906;261;23/5/2026;23/5/2026;1001;1;B010;1;2605230080;H;COP;1952850
1083145;12002547;4916514935;CARNE FILETE DE POLLO;161,200;2.374.154;261;23/5/2026;23/5/2026;1001;1;B010;1;2605230080;H;COP;1952850
1083145;12002547;4916515013;CARNE FILETE DE POLLO;77,600;1.142.893;261;23/5/2026;23/5/2026;1001;1;B010;1;2605230080;H;COP;1952850
1083145;12002547;4916515286;CARNE FILETE DE POLLO;344,200;5.069.378;261;23/5/2026;23/5/2026;1001;1;B010;1;2605230080;H;COP;1952850
1083145;12002547;4916515421;CARNE FILETE DE POLLO;240,600;3.543.557;261;23/5/2026;23/5/2026;1001;1;B010;1;2605230080;H;COP;1952850
1083145;12002547;4916515492;CARNE FILETE DE POLLO;152,100;2.240.129;261;23/5/2026;23/5/2026;1001;1;B010;1;2605230080;H;COP;1952850
1083145;12002547;4916515612;CARNE FILETE DE POLLO;140,300;2.066.338;261;23/5/2026;23/5/2026;1001;1;B010;1;2605230080;H;COP;1952850
1083145;12002547;4916515803;CARNE FILETE DE POLLO;359;5.287.352;261;23/5/2026;23/5/2026;1001;1;B010;1;2605230080;H;COP;1952850
1083145;12002547;4916515860;CARNE FILETE DE POLLO;63,900;941.119;261;23/5/2026;23/5/2026;1001;1;B010;1;2605230080;H;COP;1952850
1083145;12002547;4916515972;CARNE FILETE DE POLLO;195,700;2.882.270;261;23/5/2026;23/5/2026;1001;1;B010;1;2605230080;H;COP;1952850
1083145;12002547;4916516139;CARNE FILETE DE POLLO;310,300;4.570.098;261;23/5/2026;23/5/2026;1001;1;B010;1;2605230080;H;COP;1952850
1083145;12002547;4916516235;CARNE FILETE DE POLLO;194;2.857.232;261;23/5/2026;23/5/2026;1001;1;B010;1;2605230080;H;COP;1952850
1083145;12002547;4916516264;CARNE FILETE DE POLLO;96,300;1.418.306;261;23/5/2026;23/5/2026;1001;1;B010;1;2605230080;H;COP;1952850
1083145;12002547;4916516311;CARNE FILETE DE POLLO;145,800;2.147.342;261;23/5/2026;23/5/2026;1001;1;B010;1;2605230080;H;COP;1952850
1083145;12002547;4916516397;CARNE FILETE DE POLLO;148,300;2.184.162;261;23/5/2026;23/5/2026;1001;1;B010;1;2605230080;H;COP;1952850
1083145;12002547;4916516428;CARNE FILETE DE POLLO;29,700;437.422;261;23/5/2026;23/5/2026;1001;1;B010;1;2605230080;H;COP;1952850
1083145;12002547;4916516443;CARNE FILETE DE POLLO;46,800;689.270;261;23/5/2026;23/5/2026;1001;1;B010;1;2605230080;H;COP;1952850
1083145;12002547;4916516460;CARNE FILETE DE POLLO;120,800;1.779.142;261;23/5/2026;23/5/2026;1001;1;B010;1;2605230080;H;COP;1952850
1083145;12002547;4916516461;CARNE FILETE DE POLLO;64,700;952.902;261;23/5/2026;23/5/2026;1001;1;B010;1;2605230080;H;COP;1952850
1083145;12002547;4916516497;CARNE FILETE DE POLLO;116,100;1.709.921;261;23/5/2026;23/5/2026;1001;1;B010;1;2605230080;H;COP;1952850
1083145;12002547;4916516498;CARNE FILETE DE POLLO;121,300;1.786.506;261;23/5/2026;23/5/2026;1001;1;B010;1;2605230080;H;COP;1952850
1083145;12002547;4916517042;CARNE FILETE DE POLLO;244,800;3.605.414;261;24/5/2026;24/5/2026;1001;1;B010;1;2605210122;H;COP;1952850
1083145;13000366;4916514562;CARNE INDUSTRIAL DE POLLO;-140;-140.000;531;23/5/2026;23/5/2026;1001;1;B010;1;2605230081;S;COP;1952850
1083145;13000366;4916515822;CARNE INDUSTRIAL DE POLLO;-140;-140.000;531;23/5/2026;23/5/2026;1001;1;B010;1;2605230081;S;COP;1952850
1083145;13000366;4916516314;CARNE INDUSTRIAL DE POLLO;-140;-140.000;531;23/5/2026;23/5/2026;1001;1;B010;1;2605230081;S;COP;1952850
1083145;13000366;4916516457;CARNE INDUSTRIAL DE POLLO;-140;-140.000;531;23/5/2026;23/5/2026;1001;1;B010;1;2605230081;S;COP;1952850
1083145;13000366;4916516603;CARNE INDUSTRIAL DE POLLO;-6;-6.000;531;23/5/2026;23/5/2026;1001;1;B010;1;2605230081;S;COP;1952850
1083145;13000366;4916516606;CARNE INDUSTRIAL DE POLLO;-126;-126.000;531;23/5/2026;23/5/2026;1001;1;B010;1;2605230081;S;COP;1952850
1083145;18001585;4916517042;BOLSA FUNDA BTOX10BOLX100UN;15;3.234;261;24/5/2026;24/5/2026;1001;1;B010;2;2604151095;H;COP;1952850
1083145;18001596;4916510260;ETIQUETA COLORES CJX6ROLX3800UN;1;100;261;23/5/2026;23/5/2026;1001;1;B010;1;2404011303;H;COP;1952850
1083145;18001596;4916510261;ETIQUETA COLORES CJX6ROLX3800UN;1;100;261;23/5/2026;23/5/2026;1001;1;B010;1;2404011303;H;COP;1952850
1083145;18001596;4916510264;ETIQUETA COLORES CJX6ROLX3800UN;1;100;261;23/5/2026;23/5/2026;1001;1;B010;1;2404011303;H;COP;1952850
1083145;18001596;4916510269;ETIQUETA COLORES CJX6ROLX3800UN;1;100;261;23/5/2026;23/5/2026;1001;1;B010;1;2404011303;H;COP;1952850
1083145;18001596;4916510285;ETIQUETA COLORES CJX6ROLX3800UN;5;500;261;23/5/2026;23/5/2026;1001;1;B010;1;2404011303;H;COP;1952850
1083145;18001596;4916510580;ETIQUETA COLORES CJX6ROLX3800UN;1;100;261;23/5/2026;23/5/2026;1001;1;B010;1;2404011303;H;COP;1952850
1083145;18001596;4916510837;ETIQUETA COLORES CJX6ROLX3800UN;1;100;261;23/5/2026;23/5/2026;1001;1;B010;1;2404011303;H;COP;1952850
1083145;18001596;4916510865;ETIQUETA COLORES CJX6ROLX3800UN;1;100;261;23/5/2026;23/5/2026;1001;1;B010;1;2404011303;H;COP;1952850
1083145;18001596;4916510866;ETIQUETA COLORES CJX6ROLX3800UN;1;100;261;23/5/2026;23/5/2026;1001;1;B010;1;2404011303;H;COP;1952850
1083145;18001596;4916510874;ETIQUETA COLORES CJX6ROLX3800UN;1;100;261;23/5/2026;23/5/2026;1001;1;B010;1;2404011303;H;COP;1952850
1083145;18001596;4916511423;ETIQUETA COLORES CJX6ROLX3800UN;1;100;261;23/5/2026;23/5/2026;1001;1;B010;1;2404011303;H;COP;1952850
1083145;18001596;4916511510;ETIQUETA COLORES CJX6ROLX3800UN;1;100;261;23/5/2026;23/5/2026;1001;1;B010;1;2404011303;H;COP;1952850
1083145;18001596;4916511828;ETIQUETA COLORES CJX6ROLX3800UN;1;100;261;23/5/2026;23/5/2026;1001;1;B010;1;2404011303;H;COP;1952850
1083145;18001596;4916512046;ETIQUETA COLORES CJX6ROLX3800UN;1;100;261;23/5/2026;23/5/2026;1001;1;B010;1;2404011303;H;COP;1952850
1083145;18001596;4916512367;ETIQUETA COLORES CJX6ROLX3800UN;1;100;261;23/5/2026;23/5/2026;1001;1;B010;1;2404011303;H;COP;1952850
1083145;18001596;4916512374;ETIQUETA COLORES CJX6ROLX3800UN;1;100;261;23/5/2026;23/5/2026;1001;1;B010;1;2404011303;H;COP;1952850
1083145;18001596;4916512849;ETIQUETA COLORES CJX6ROLX3800UN;1;100;261;23/5/2026;23/5/2026;1001;1;B010;1;2404011303;H;COP;1952850
1083145;18001596;4916513182;ETIQUETA COLORES CJX6ROLX3800UN;1;100;261;23/5/2026;23/5/2026;1001;1;B010;1;2404011303;H;COP;1952850
1083145;18001596;4916513582;ETIQUETA COLORES CJX6ROLX3800UN;1;100;261;23/5/2026;23/5/2026;1001;1;B010;1;2404011303;H;COP;1952850
1083145;18001596;4916513938;ETIQUETA COLORES CJX6ROLX3800UN;1;100;261;23/5/2026;23/5/2026;1001;1;B010;1;2404011303;H;COP;1952850
1083145;18001596;4916513964;ETIQUETA COLORES CJX6ROLX3800UN;1;100;261;23/5/2026;23/5/2026;1001;1;B010;1;2404011303;H;COP;1952850
1083145;18001596;4916513970;ETIQUETA COLORES CJX6ROLX3800UN;1;100;261;23/5/2026;23/5/2026;1001;1;B010;1;2404011303;H;COP;1952850
1083145;18001596;4916513974;ETIQUETA COLORES CJX6ROLX3800UN;1;100;261;23/5/2026;23/5/2026;1001;1;B010;1;2404011303;H;COP;1952850
1083145;18001596;4916513976;ETIQUETA COLORES CJX6ROLX3800UN;1;100;261;23/5/2026;23/5/2026;1001;1;B010;1;2404011303;H;COP;1952850
1083145;18001596;4916513978;ETIQUETA COLORES CJX6ROLX3800UN;1;100;261;23/5/2026;23/5/2026;1001;1;B010;1;2404011303;H;COP;1952850
1083145;18001596;4916513979;ETIQUETA COLORES CJX6ROLX3800UN;1;100;261;23/5/2026;23/5/2026;1001;1;B010;1;2404011303;H;COP;1952850
1083145;18001596;4916514348;ETIQUETA COLORES CJX6ROLX3800UN;1;100;261;23/5/2026;23/5/2026;1001;1;B010;1;2404011303;H;COP;1952850
1083145;18001596;4916514561;ETIQUETA COLORES CJX6ROLX3800UN;1;100;261;23/5/2026;23/5/2026;1001;1;B010;1;2404011303;H;COP;1952850
1083145;18001596;4916514565;ETIQUETA COLORES CJX6ROLX3800UN;14;1.400;261;23/5/2026;23/5/2026;1001;1;B010;1;2404011303;H;COP;1952850
1083145;18001596;4916514575;ETIQUETA COLORES CJX6ROLX3800UN;1;100;261;23/5/2026;23/5/2026;1001;1;B010;1;2404011303;H;COP;1952850
1083145;18001596;4916514776;ETIQUETA COLORES CJX6ROLX3800UN;1;100;261;23/5/2026;23/5/2026;1001;1;B010;1;2404011303;H;COP;1952850
1083145;18001596;4916514999;ETIQUETA COLORES CJX6ROLX3800UN;1;100;261;23/5/2026;23/5/2026;1001;1;B010;1;2404011303;H;COP;1952850
1083145;18001596;4916515192;ETIQUETA COLORES CJX6ROLX3800UN;1;100;261;23/5/2026;23/5/2026;1001;1;B010;1;2404011303;H;COP;1952850
1083145;18001596;4916515198;ETIQUETA COLORES CJX6ROLX3800UN;1;100;261;23/5/2026;23/5/2026;1001;1;B010;1;2404011303;H;COP;1952850
1083145;18001596;4916515215;ETIQUETA COLORES CJX6ROLX3800UN;1;100;261;23/5/2026;23/5/2026;1001;1;B010;1;2404011303;H;COP;1952850
1083145;18001596;4916515242;ETIQUETA COLORES CJX6ROLX3800UN;2;200;261;23/5/2026;23/5/2026;1001;1;B010;1;2404011303;H;COP;1952850
1083145;18001596;4916515455;ETIQUETA COLORES CJX6ROLX3800UN;1;100;261;23/5/2026;23/5/2026;1001;1;B010;1;2404011303;H;COP;1952850
1083145;18001596;4916515459;ETIQUETA COLORES CJX6ROLX3800UN;1;100;261;23/5/2026;23/5/2026;1001;1;B010;1;2404011303;H;COP;1952850
1083145;18001596;4916515494;ETIQUETA COLORES CJX6ROLX3800UN;1;100;261;23/5/2026;23/5/2026;1001;1;B010;1;2404011303;H;COP;1952850
1083145;18001596;4916515575;ETIQUETA COLORES CJX6ROLX3800UN;1;100;261;23/5/2026;23/5/2026;1001;1;B010;1;2404011303;H;COP;1952850
1083145;18001596;4916515579;ETIQUETA COLORES CJX6ROLX3800UN;1;100;261;23/5/2026;23/5/2026;1001;1;B010;1;2404011303;H;COP;1952850
1083145;18001596;4916515699;ETIQUETA COLORES CJX6ROLX3800UN;1;100;261;23/5/2026;23/5/2026;1001;1;B010;1;2404011303;H;COP;1952850
1083145;18001596;4916515741;ETIQUETA COLORES CJX6ROLX3800UN;1;100;261;23/5/2026;23/5/2026;1001;1;B010;1;2404011303;H;COP;1952850
1083145;18001596;4916515821;ETIQUETA COLORES CJX6ROLX3800UN;1;100;261;23/5/2026;23/5/2026;1001;1;B010;1;2404011303;H;COP;1952850
1083145;18001596;4916515832;ETIQUETA COLORES CJX6ROLX3800UN;28;2.800;261;23/5/2026;23/5/2026;1001;1;B010;1;2404011303;H;COP;1952850
1083145;18001596;4916516028;ETIQUETA COLORES CJX6ROLX3800UN;1;100;261;23/5/2026;23/5/2026;1001;1;B010;1;2404011303;H;COP;1952850
1083145;18001596;4916516033;ETIQUETA COLORES CJX6ROLX3800UN;1;100;261;23/5/2026;23/5/2026;1001;1;B010;1;2404011303;H;COP;1952850
1083145;18001596;4916516091;ETIQUETA COLORES CJX6ROLX3800UN;1;100;261;23/5/2026;23/5/2026;1001;1;B010;1;2404011303;H;COP;1952850
1083145;18001596;4916516120;ETIQUETA COLORES CJX6ROLX3800UN;1;100;261;23/5/2026;23/5/2026;1001;1;B010;1;2404011303;H;COP;1952850
1083145;18001596;4916516151;ETIQUETA COLORES CJX6ROLX3800UN;1;100;261;23/5/2026;23/5/2026;1001;1;B010;1;2404011303;H;COP;1952850
1083145;18001596;4916516246;ETIQUETA COLORES CJX6ROLX3800UN;1;100;261;23/5/2026;23/5/2026;1001;1;B010;1;2404011303;H;COP;1952850
1083145;18001596;4916516250;ETIQUETA COLORES CJX6ROLX3800UN;1;100;261;23/5/2026;23/5/2026;1001;1;B010;1;2404011303;H;COP;1952850
1083145;18001596;4916516258;ETIQUETA COLORES CJX6ROLX3800UN;1;100;261;23/5/2026;23/5/2026;1001;1;B010;1;2404011303;H;COP;1952850
1083145;18001596;4916516289;ETIQUETA COLORES CJX6ROLX3800UN;1;100;261;23/5/2026;23/5/2026;1001;1;B010;1;2404011303;H;COP;1952850
1083145;18001596;4916516313;ETIQUETA COLORES CJX6ROLX3800UN;1;100;261;23/5/2026;23/5/2026;1001;1;B010;1;2404011303;H;COP;1952850
1083145;18001596;4916516354;ETIQUETA COLORES CJX6ROLX3800UN;1;100;261;23/5/2026;23/5/2026;1001;1;B010;1;2404011303;H;COP;1952850
1083145;18001596;4916516373;ETIQUETA COLORES CJX6ROLX3800UN;1;100;261;23/5/2026;23/5/2026;1001;1;B010;1;2404011303;H;COP;1952850
1083145;18001596;4916516453;ETIQUETA COLORES CJX6ROLX3800UN;1;100;261;23/5/2026;23/5/2026;1001;1;B010;1;2404011303;H;COP;1952850
1083145;18001596;4916516456;ETIQUETA COLORES CJX6ROLX3800UN;1;100;261;23/5/2026;23/5/2026;1001;1;B010;1;2404011303;H;COP;1952850
1083145;18001596;4916516464;ETIQUETA COLORES CJX6ROLX3800UN;1;100;261;23/5/2026;23/5/2026;1001;1;B010;1;2404011303;H;COP;1952850
1083145;18001596;4916516470;ETIQUETA COLORES CJX6ROLX3800UN;1;100;261;23/5/2026;23/5/2026;1001;1;B010;1;2404011303;H;COP;1952850
1083145;18001596;4916516560;ETIQUETA COLORES CJX6ROLX3800UN;1;100;261;23/5/2026;23/5/2026;1001;1;B010;1;2404011303;H;COP;1952850
1083145;18001596;4916516584;ETIQUETA COLORES CJX6ROLX3800UN;1;100;261;23/5/2026;23/5/2026;1001;1;B010;1;2404011303;H;COP;1952850
1083145;18001596;4916516591;ETIQUETA COLORES CJX6ROLX3800UN;1;100;261;23/5/2026;23/5/2026;1001;1;B010;1;2404011303;H;COP;1952850
1083145;18001596;4916516601;ETIQUETA COLORES CJX6ROLX3800UN;1;100;261;23/5/2026;23/5/2026;1001;1;B010;1;2404011303;H;COP;1952850
1083145;18001596;4916516605;ETIQUETA COLORES CJX6ROLX3800UN;1;100;261;23/5/2026;23/5/2026;1001;1;B010;1;2404011303;H;COP;1952850
1083145;18001596;4916517042;ETIQUETA COLORES CJX6ROLX3800UN;450;44.995;261;24/5/2026;24/5/2026;1001;1;B010;4;2404011303;H;COP;1952850
1083145;18001612;4916517042;CINTA DE RESINA 110*450M ROLX45000CM;32.588,800;0;261;24/5/2026;24/5/2026;1001;1;B010;3;2603311297;H;COP;1952850
1083145;12002548;5001993241;CARNE POLLO CORTADA PARA POP CORN;-192;-2.959.680;101;23/5/2026;23/5/2026;1001;4;B010;1;2605230081;S;COP;0
1083145;12002548;5001993242;CARNE POLLO CORTADA PARA POP CORN;-184;-2.836.360;101;23/5/2026;23/5/2026;1001;4;B010;1;2605230081;S;COP;0
1083145;12002548;5001993243;CARNE POLLO CORTADA PARA POP CORN;-219;-3.375.885;101;23/5/2026;23/5/2026;1001;4;B010;1;2605230081;S;COP;0
1083145;12002548;5001993244;CARNE POLLO CORTADA PARA POP CORN;-184;-2.836.360;101;23/5/2026;23/5/2026;1001;4;B010;1;2605230081;S;COP;0
1083145;12002548;5001993350;CARNE POLLO CORTADA PARA POP CORN;-154,200;-2.376.993;101;23/5/2026;23/5/2026;1001;4;B010;1;2605230081;S;COP;0
1083145;12002548;5001993469;CARNE POLLO CORTADA PARA POP CORN;-179,300;-2.763.910;101;23/5/2026;23/5/2026;1001;4;B010;1;2605230081;S;COP;0
1083145;12002548;5001993471;CARNE POLLO CORTADA PARA POP CORN;-78,400;-1.208.536;101;23/5/2026;23/5/2026;1001;4;B010;1;2605230081;S;COP;0
1083145;12002548;5001993599;CARNE POLLO CORTADA PARA POP CORN;-176,700;-2.723.831;101;23/5/2026;23/5/2026;1001;4;B010;1;2605230081;S;COP;0
1083145;12002548;5001993702;CARNE POLLO CORTADA PARA POP CORN;-167,300;-2.578.930;101;23/5/2026;23/5/2026;1001;4;B010;1;2605230081;S;COP;0
1083145;12002548;5001993870;CARNE POLLO CORTADA PARA POP CORN;-159;-2.450.985;101;23/5/2026;23/5/2026;1001;4;B010;1;2605230081;S;COP;0
1083145;12002548;5001993875;CARNE POLLO CORTADA PARA POP CORN;-121,400;-1.871.381;101;23/5/2026;23/5/2026;1001;4;B010;1;2605230081;S;COP;0
1083145;12002548;5001994062;CARNE POLLO CORTADA PARA POP CORN;-142,400;-2.195.096;101;23/5/2026;23/5/2026;1001;4;B010;1;2605230081;S;COP;0
1083145;12002548;5001994068;CARNE POLLO CORTADA PARA POP CORN;-135,300;-2.085.650;101;23/5/2026;23/5/2026;1001;4;B010;1;2605230081;S;COP;0
1083145;12002548;5001994187;CARNE POLLO CORTADA PARA POP CORN;-151,900;-2.341.539;101;23/5/2026;23/5/2026;1001;4;B010;1;2605230081;S;COP;0
1083145;12002548;5001994280;CARNE POLLO CORTADA PARA POP CORN;-96,400;-1.486.006;101;23/5/2026;23/5/2026;1001;4;B010;1;2605230081;S;COP;0
1083145;12002548;5001994291;CARNE POLLO CORTADA PARA POP CORN;-120;-1.849.800;101;23/5/2026;23/5/2026;1001;4;B010;1;2605230081;S;COP;0
1083145;12002548;5001994308;CARNE POLLO CORTADA PARA POP CORN;-183,800;-2.833.277;101;23/5/2026;23/5/2026;1001;4;B010;1;2605230081;S;COP;0
1083145;12002548;5001994319;CARNE POLLO CORTADA PARA POP CORN;-118,500;-1.826.678;101;23/5/2026;23/5/2026;1001;4;B010;1;2605230081;S;COP;0
1083145;12002548;5001994332;CARNE POLLO CORTADA PARA POP CORN;-157,600;-2.429.404;101;23/5/2026;23/5/2026;1001;4;B010;1;2605230081;S;COP;0
1083145;12002548;5001994339;CARNE POLLO CORTADA PARA POP CORN;-151,200;-2.330.748;101;23/5/2026;23/5/2026;1001;4;B010;1;2605230081;S;COP;0
1083145;12002548;5001994354;CARNE POLLO CORTADA PARA POP CORN;-78,100;-1.203.912;101;23/5/2026;23/5/2026;1001;4;B010;1;2605230081;S;COP;0
1083145;14002437;5001993246;CARNE PARA KENTUCKY SANDWNCH;-133;-2.252.355;101;23/5/2026;23/5/2026;1001;4;B010;1;2605230084;S;COP;0
1083145;14002437;5001993247;CARNE PARA KENTUCKY SANDWNCH;-133;-2.252.355;101;23/5/2026;23/5/2026;1001;4;B010;1;2605230084;S;COP;0
1083145;14002437;5001993248;CARNE PARA KENTUCKY SANDWNCH;-133;-2.252.355;101;23/5/2026;23/5/2026;1001;4;B010;1;2605230084;S;COP;0
1083145;14002437;5001993249;CARNE PARA KENTUCKY SANDWNCH;-133;-2.252.355;101;23/5/2026;23/5/2026;1001;4;B010;1;2605230084;S;COP;0
1083145;14002437;5001993250;CARNE PARA KENTUCKY SANDWNCH;-133;-2.252.355;101;23/5/2026;23/5/2026;1001;4;B010;1;2605230084;S;COP;0
1083145;14002437;5001994271;CARNE PARA KENTUCKY SANDWNCH;-133;-2.252.355;101;23/5/2026;23/5/2026;1001;4;B010;1;2605230084;S;COP;0
1083145;14002437;5001994287;CARNE PARA KENTUCKY SANDWNCH;-133;-2.252.355;101;23/5/2026;23/5/2026;1001;4;B010;1;2605230084;S;COP;0
1083145;14002437;5001994333;CARNE PARA KENTUCKY SANDWNCH;-133;-2.252.355;101;23/5/2026;23/5/2026;1001;4;B010;1;2605230084;S;COP;0
1083145;14002437;5001994342;CARNE PARA KENTUCKY SANDWNCH;-133;-2.252.355;101;23/5/2026;23/5/2026;1001;4;B010;1;2605230084;S;COP;0
1083145;14002437;5001994343;CARNE PARA KENTUCKY SANDWNCH;-63,800;-1.080.453;101;23/5/2026;23/5/2026;1001;4;B010;1;2605230084;S;COP;0
1083145;14002440;5001993273;CARNE DE STRIPS;-133;-2.182.663;101;23/5/2026;23/5/2026;1001;4;B010;1;2605230082;S;COP;0
1083145;14002440;5001993279;CARNE DE STRIPS;-133;-2.182.663;101;23/5/2026;23/5/2026;1001;4;B010;1;2605230082;S;COP;0
1083145;14002440;5001993281;CARNE DE STRIPS;-133;-2.182.663;101;23/5/2026;23/5/2026;1001;4;B010;1;2605230082;S;COP;0
1083145;14002440;5001993283;CARNE DE STRIPS;-80,400;-1.319.444;101;23/5/2026;23/5/2026;1001;4;B010;1;2605230082;S;COP;0
1083145;14002440;5001994003;CARNE DE STRIPS;-133;-2.182.663;101;23/5/2026;23/5/2026;1001;4;B010;1;2605230082;S;COP;0
1083145;14002440;5001994036;CARNE DE STRIPS;-133;-2.182.663;101;23/5/2026;23/5/2026;1001;4;B010;1;2605230082;S;COP;0
1083145;14002440;5001994072;CARNE DE STRIPS;-133;-2.182.663;101;23/5/2026;23/5/2026;1001;4;B010;1;2605230082;S;COP;0
1083145;14002440;5001994073;CARNE DE STRIPS;-133;-2.182.663;101;23/5/2026;23/5/2026;1001;4;B010;1;2605230082;S;COP;0
1083145;14002440;5001994157;CARNE DE STRIPS;-156,300;-2.565.039;101;23/5/2026;23/5/2026;1001;4;B010;1;2605230082;S;COP;0
1083145;14002440;5001994159;CARNE DE STRIPS;-133;-2.182.663;101;23/5/2026;23/5/2026;1001;4;B010;1;2605230082;S;COP;0
1083145;14002440;5001994348;CARNE DE STRIPS;-133;-2.182.663;101;23/5/2026;23/5/2026;1001;4;B010;1;2605230082;S;COP;0
1083145;14002440;5001994353;CARNE DE STRIPS;-97;-1.591.867;101;23/5/2026;23/5/2026;1001;4;B010;1;2605230082;S;COP;0
1083145;14002446;5001993346;CARNE BIG CRUNCH;-133;-2.131.724;101;23/5/2026;23/5/2026;1001;4;B010;1;2605230085;S;COP;0
1083145;14002446;5001993368;CARNE BIG CRUNCH;-133;-2.131.724;101;23/5/2026;23/5/2026;1001;4;B010;1;2605230085;S;COP;0
1083145;14002446;5001993428;CARNE BIG CRUNCH;-162,200;-2.599.742;101;23/5/2026;23/5/2026;1001;4;B010;1;2605230085;S;COP;0
1083145;14002446;5001993796;CARNE BIG CRUNCH;-133;-2.131.724;101;23/5/2026;23/5/2026;1001;4;B010;1;2605230085;S;COP;0
1083145;14002446;5001993878;CARNE BIG CRUNCH;-133;-2.131.724;101;23/5/2026;23/5/2026;1001;4;B010;1;2605230085;S;COP;0
1083145;14002446;5001993940;CARNE BIG CRUNCH;-133;-2.131.724;101;23/5/2026;23/5/2026;1001;4;B010;1;2605230085;S;COP;0
1083145;14002446;5001993977;CARNE BIG CRUNCH;-136,700;-2.191.028;101;23/5/2026;23/5/2026;1001;4;B010;1;2605230085;S;COP;0
1083145;14002446;5001994060;CARNE BIG CRUNCH;-133;-2.131.724;101;23/5/2026;23/5/2026;1001;4;B010;1;2605230085;S;COP;0
1083145;14002446;5001994113;CARNE BIG CRUNCH;-133;-2.131.724;101;23/5/2026;23/5/2026;1001;4;B010;1;2605230085;S;COP;0
1083145;14002446;5001994123;CARNE BIG CRUNCH;-133;-2.131.724;101;23/5/2026;23/5/2026;1001;4;B010;1;2605230085;S;COP;0
1083145;14002446;5001994272;CARNE BIG CRUNCH;-133;-2.131.724;101;23/5/2026;23/5/2026;1001;4;B010;1;2605230085;S;COP;0
1083145;14002446;5001994312;CARNE BIG CRUNCH;-133;-2.131.724;101;23/5/2026;23/5/2026;1001;4;B010;1;2605230085;S;COP;0
1083145;14002446;5001994316;CARNE BIG CRUNCH;-61,200;-980.914;101;23/5/2026;23/5/2026;1001;4;B010;1;2605230085;S;COP;0
1083145;14002446;5001994392;CARNE BIG CRUNCH;50;801.400;102;24/5/2026;24/5/2026;1001;4;B010;1;2605230085;H;COP;0
1083156;11001134;4916516239;MARINADOR CRISPY INYECCION BTOX20KG;282,720;3.222.157;261;23/5/2026;23/5/2026;1003;1;B010;2;2605070590;H;COP;1952875
1083156;18001591;4916516239;BOLSA ENSALADA IMPRESA BTOX10BOLX100UN;4;1.251;261;23/5/2026;23/5/2026;1003;1;B010;3;2604221468;H;COP;1952875
1083156;18001602;4916510582;ETIQUETA TERMICA CJX4ROLX2605UN;2;96;261;23/5/2026;23/5/2026;1001;1;B010;1;2604290726;H;COP;1952875
1083156;18001602;4916516239;ETIQUETA TERMICA CJX4ROLX2605UN;4;192;261;23/5/2026;23/5/2026;1001;1;B010;5;2604290726;H;COP;1952875
1083156;18001612;4916516239;CINTA DE RESINA 110*450M ROLX45000CM;300,195;0;261;23/5/2026;23/5/2026;1001;1;B010;4;2603311297;H;COP;1952875
1083156;12002517;4916510564;MIX DE SALMUERA CRISPY;-208,320;-2.707.535;101;23/5/2026;23/5/2026;1003;4;B010;1;2605230121;S;COP;0
1083156;12002517;4916516239;MIX DE SALMUERA CRISPY;-74,400;-966.977;101;23/5/2026;23/5/2026;1003;4;B010;1;2605230121;S;COP;0
1083162;11000893;4916516567;AZUCAR BTOX50KG;150;597.000;261;23/5/2026;23/5/2026;1003;1;B010;4;2605211109;H;COP;1953043
1083162;11001115;4916516567;MAYONESA HALLMANNS CJx4UNX3,77KG;211,500;2.434.914;261;23/5/2026;23/5/2026;1003;1;B010;3;2605130463;H;COP;1953043
1083162;11001130;4916516567;SAL YODADA  BTOX25UNX0.5KG;8,550;19.513;261;23/5/2026;23/5/2026;1003;1;B010;5;2604220955;H;COP;1953043
1083162;11001133;4916516567;VINAGRE BLANCO CJX4GLNX3.78KG;18,540;43.437;261;23/5/2026;23/5/2026;1003;1;B010;6;2605141389;H;COP;1953043
1083162;11001136;4916516567;ACEITE CANOLA Y SOYA;54;384.604;261;23/5/2026;23/5/2026;1003;1;B010;2;2605070915;H;COP;1953043
1083162;18001585;4916516567;BOLSA FUNDA BTOX10BOLX100UN;30;6.468;261;23/5/2026;23/5/2026;1001;1;B010;9;2604151095;H;COP;1953043
1083162;18001586;4916516567;BOLSA FUELLE  BTOX50BOLX100UN;30;1.695;261;23/5/2026;23/5/2026;1001;1;B010;8;2604291357;H;COP;1953043
1083162;18001591;4916516567;BOLSA ENSALADA IMPRESA BTOX10BOLX100UN;60;18.764;261;23/5/2026;23/5/2026;1002;1;B010;7;2604221468;H;COP;1953043
1083162;18001602;4916516567;ETIQUETA TERMICA CJX4ROLX2605UN;30;1.440;261;23/5/2026;23/5/2026;1001;1;B010;11;2604290726;H;COP;1953043
1083162;18001602;4916511038;ETIQUETA TERMICA CJX4ROLX2605UN;30;1.440;261;23/5/2026;23/5/2026;1003;1;B010;1;2604290726;H;COP;1953043
1083162;18001602;4916511055;ETIQUETA TERMICA CJX4ROLX2605UN;15;720;261;23/5/2026;23/5/2026;1003;1;B010;1;2604290726;H;COP;1953043
1083162;18001602;4916511059;ETIQUETA TERMICA CJX4ROLX2605UN;15;720;261;23/5/2026;23/5/2026;1003;1;B010;1;2604290726;H;COP;1953043
1083162;18001612;4916516567;CINTA DE RESINA 110*450M ROLX45000CM;150;0;261;23/5/2026;23/5/2026;1001;1;B010;10;2603311297;H;COP;1953043
1083162;11001133;4916516567;VINAGRE BLANCO CJX4GLNX3.78KG;31,410;73.589;261;23/5/2026;23/5/2026;1003;2;B010;12;2605141185;H;COP;0
1083162;18001593;4916516567;BOLSA PASTA DE POLLO BTOX9BOLX50UN;30;23.135;261;23/5/2026;23/5/2026;1001;2;B010;13;2604081042;H;COP;0
1083162;12000496;4916516567;MIX ADEREZO ENSALADA;-474;-5.148.588;101;23/5/2026;23/5/2026;1003;4;B010;1;2605230326;S;COP;0
1083164;11001132;4916518818;SALSA DE AREQUIPE BOLX5KG;36,580;390.843;261;24/5/2026;24/5/2026;1008;1;B010;3;2605160367;H;COP;1953098
1083164;12002544;4916518818;GALLETA TRITURADA;6;124.698;261;24/5/2026;24/5/2026;1008;1;B010;2;2605211528;H;COP;1953098
1083164;18001501;4916518818;VASO AVALANC OREO 12OZ CJX16BOLX50UN;5.032;712.259;261;24/5/2026;24/5/2026;1008;1;B010;8;2604201004;H;COP;1953098
1083164;18001597;4916518818;ETIQUETA POSTRES CJX6ROLX10786UN;5.040;408.919;261;24/5/2026;24/5/2026;1008;1;B010;4;2401300920;H;COP;1953098
1083164;18001602;4916511444;ETIQUETA TERMICA CJX4ROLX2605UN;83;3.984;261;23/5/2026;23/5/2026;1008;1;B010;1;2604290726;H;COP;1953098
1083164;18001612;4916518818;CINTA DE RESINA 110*450M ROLX45000CM;5.000;0;261;24/5/2026;24/5/2026;1008;1;B010;5;2604290727;H;COP;1953098
1083164;18001612;4916518835;CINTA DE RESINA 110*450M ROLX45000CM;5.000;0;261;24/5/2026;24/5/2026;1008;1;B010;2;2604290727;H;COP;1953098
1083164;18001664;4916518818;CAJA HELADOS C790 50X34 BTOX25UN;80;383.456;261;24/5/2026;24/5/2026;1008;1;B010;6;2605060291;H;COP;1953098
1083164;18001665;4916518818;SEPARADOR HELADO BOLX50UN;240;130.080;261;24/5/2026;24/5/2026;1008;1;B010;7;2604300729;H;COP;1953098
1083164;11001128;4916518818;BASE HELADO VAINILLA CJX13.2KG;756;3.702.970;261;24/5/2026;24/5/2026;1008;2;B010;10;2605080638;H;COP;0
1083164;11001132;4916518818;SALSA DE AREQUIPE BOLX5KG;49;523.546;261;24/5/2026;24/5/2026;1008;2;B010;11;2605141157;H;COP;0
1083164;12002544;4916518818;GALLETA TRITURADA;85,680;1.780.688;261;24/5/2026;24/5/2026;1008;2;B010;9;2605230887;H;COP;0
1083164;15005756;4916518818;TAPA PAPEL AVALANCHA CJX20BOL(50UN);100;693.328;261;24/5/2026;24/5/2026;1008;2;B010;12;2605141330;H;COP;0
1083164;14002692;4916518818;AVALANCHA OREO CJ(63UN);-60;-8.587.620;101;24/5/2026;24/5/2026;1008;4;B010;1;2605230408;S;COP;0
1083164;14002692;4916518835;AVALANCHA OREO CJ(63UN);-20;-2.862.540;101;24/5/2026;24/5/2026;1008;4;B010;1;2605230408;S;COP;0
1083171;14002437;4916516558;CARNE PARA KENTUCKY SANDWNCH;532;9.009.420;261;23/5/2026;23/5/2026;1001;1;B010;1;2605230084;H;COP;1953639
1083171;14002437;4916516586;CARNE PARA KENTUCKY SANDWNCH;63,800;1.080.453;261;23/5/2026;23/5/2026;1001;1;B010;1;2605230084;H;COP;1953639
1083171;14002437;4916516909;CARNE PARA KENTUCKY SANDWNCH;-117,400;-1.988.169;262;23/5/2026;23/5/2026;1001;1;B010;1;2605220232;S;COP;1953639
1083171;18001585;4916516827;BOLSA FUNDA BTOX10BOLX100UN;40;8.624;261;23/5/2026;23/5/2026;1001;1;B010;3;2604151095;H;COP;1953639
1083171;18001585;4916516909;BOLSA FUNDA BTOX10BOLX100UN;85;18.326;261;23/5/2026;23/5/2026;1001;1;B010;2;2604151095;H;COP;1953639
1083171;18001586;4916516827;BOLSA FUELLE  BTOX50BOLX100UN;1.223;69.082;261;23/5/2026;23/5/2026;1001;1;B010;2;2605200665;H;COP;1953639
1083171;18001602;4916515052;ETIQUETA TERMICA CJX4ROLX2605UN;300;14.400;261;23/5/2026;23/5/2026;1001;1;B010;1;2605081380;H;COP;1953639
1083171;18001602;4916515060;ETIQUETA TERMICA CJX4ROLX2605UN;300;14.400;261;23/5/2026;23/5/2026;1001;1;B010;1;2605081380;H;COP;1953639
1083171;18001602;4916516391;ETIQUETA TERMICA CJX4ROLX2605UN;500;23.999;261;23/5/2026;23/5/2026;1001;1;B010;1;2605081380;H;COP;1953639
1083171;18001602;4916516466;ETIQUETA TERMICA CJX4ROLX2605UN;200;9.600;261;23/5/2026;23/5/2026;1001;1;B010;1;2605081380;H;COP;1953639
1083171;18001602;4916516467;ETIQUETA TERMICA CJX4ROLX2605UN;200;9.600;261;23/5/2026;23/5/2026;1001;1;B010;1;2605081380;H;COP;1953639
1083171;18001602;4916516583;ETIQUETA TERMICA CJX4ROLX2605UN;300;14.400;261;23/5/2026;23/5/2026;1001;1;B010;1;2605081380;H;COP;1953639
1083171;18001602;4916516585;ETIQUETA TERMICA CJX4ROLX2605UN;200;9.600;261;23/5/2026;23/5/2026;1001;1;B010;1;2605081380;H;COP;1953639
1083171;18001602;4916516914;ETIQUETA TERMICA CJX4ROLX2605UN;-1.000;-47.999;262;23/5/2026;23/5/2026;1001;1;B010;1;2605081380;S;COP;1953639
1083171;18001612;4916516827;CINTA DE RESINA 110*450M ROLX45000CM;8.561;0;261;23/5/2026;23/5/2026;1001;1;B010;4;2603311297;H;COP;1953639
1083171;18001612;4916516909;CINTA DE RESINA 110*450M ROLX45000CM;2.145,800;0;261;23/5/2026;23/5/2026;1001;1;B010;3;2603311297;H;COP;1953639
1083171;11000092;4916516909;CARRAGENINA BTOX25KG;0,279;9.607;261;23/5/2026;23/5/2026;1001;2;B010;4;2603091072;H;COP;0
1083171;11001130;4916516909;SAL YODADA  BTOX25UNX0.5KG;1,246;2.844;261;23/5/2026;23/5/2026;1001;2;B010;5;2604220955;H;COP;0
1083171;14002433;4916516611;KENTUCKY SANDWNCH BOL(5UN);-900;-7.734.600;101;23/5/2026;23/5/2026;1001;4;B010;1;2605230836;S;COP;0
1083171;14002433;4916516827;KENTUCKY SANDWNCH BOL(5UN);-323;-2.775.862;101;23/5/2026;23/5/2026;1001;4;B010;1;2605230836;S;COP;0
1083172;11001135;4916516990;MARINADO PICANTE CJX25UN;68;1.941.249;261;24/5/2026;24/5/2026;1001;1;B010;1;2604291305;H;COP;1953667
1083172;12002532;4916516190;ALAS CORTADAS POLLO;1.289,400;13.698.587;261;23/5/2026;23/5/2026;1001;1;B010;1;2605230065;H;COP;1953667
1083172;12002532;4916516378;ALAS CORTADAS POLLO;777,400;8.259.097;261;23/5/2026;23/5/2026;1001;1;B010;1;2605230065;H;COP;1953667
1083172;12002532;4916516987;ALAS CORTADAS POLLO;-777,400;-8.259.098;262;23/5/2026;23/5/2026;1001;1;B010;1;2605230065;S;COP;1953667
1083172;18001585;4916516851;BOLSA FUNDA BTOX10BOLX100UN;56;12.074;261;23/5/2026;23/5/2026;1001;1;B010;2;2604151095;H;COP;1953667
1083172;18001586;4916516851;BOLSA FUELLE  BTOX50BOLX100UN;1.252;70.720;261;23/5/2026;23/5/2026;1001;1;B010;1;2605200665;H;COP;1953667
1083172;18001602;4916515465;ETIQUETA TERMICA CJX4ROLX2605UN;500;23.999;261;23/5/2026;23/5/2026;1001;1;B010;1;2605081380;H;COP;1953667
1083172;18001602;4916515519;ETIQUETA TERMICA CJX4ROLX2605UN;500;23.999;261;23/5/2026;23/5/2026;1001;1;B010;1;2605081380;H;COP;1953667
1083172;18001602;4916515522;ETIQUETA TERMICA CJX4ROLX2605UN;500;23.999;261;23/5/2026;23/5/2026;1001;1;B010;1;2605081380;H;COP;1953667
1083172;18001602;4916515789;ETIQUETA TERMICA CJX4ROLX2605UN;500;23.999;261;23/5/2026;23/5/2026;1001;1;B010;1;2605081380;H;COP;1953667
1083172;18001602;4916515855;ETIQUETA TERMICA CJX4ROLX2605UN;500;23.999;261;23/5/2026;23/5/2026;1001;1;B010;1;2605081380;H;COP;1953667
1083172;18001602;4916516070;ETIQUETA TERMICA CJX4ROLX2605UN;500;23.999;261;23/5/2026;23/5/2026;1001;1;B010;1;2605081380;H;COP;1953667
1083172;18001602;4916516286;ETIQUETA TERMICA CJX4ROLX2605UN;500;23.999;261;23/5/2026;23/5/2026;1001;1;B010;1;2605081380;H;COP;1953667
1083172;18001602;4916516370;ETIQUETA TERMICA CJX4ROLX2605UN;150;7.200;261;23/5/2026;23/5/2026;1001;1;B010;1;2605081380;H;COP;1953667
1083172;18001602;4916516450;ETIQUETA TERMICA CJX4ROLX2605UN;400;19.200;261;23/5/2026;23/5/2026;1001;1;B010;1;2605081380;H;COP;1953667
1083172;18001602;4916516532;ETIQUETA TERMICA CJX4ROLX2605UN;200;9.600;261;23/5/2026;23/5/2026;1001;1;B010;1;2605081380;H;COP;1953667
1083172;18001602;4916516535;ETIQUETA TERMICA CJX4ROLX2605UN;200;9.600;261;23/5/2026;23/5/2026;1001;1;B010;1;2605081380;H;COP;1953667
1083172;18001602;4916516538;ETIQUETA TERMICA CJX4ROLX2605UN;200;9.600;261;23/5/2026;23/5/2026;1001;1;B010;1;2605081380;H;COP;1953667
1083172;18001602;4916516992;ETIQUETA TERMICA CJX4ROLX2605UN;-3.600;-172.796;262;24/5/2026;24/5/2026;1001;1;B010;1;2605081380;S;COP;1953667
1083172;18001612;4916516851;CINTA DE RESINA 110*450M ROLX45000CM;8.764;0;261;23/5/2026;23/5/2026;1001;1;B010;3;2603311297;H;COP;1953667
1083172;14002429;4916516613;ALAS HOT WINGS BOL(40UN);-1.252;-19.710.236;101;23/5/2026;23/5/2026;1001;4;B010;1;2605230858;S;COP;0
1083172;14002429;4916516846;ALAS HOT WINGS BOL(40UN);-5.748;-90.490.764;101;23/5/2026;23/5/2026;1001;4;B010;1;2605230858;S;COP;0
1083172;14002429;5001994383;ALAS HOT WINGS BOL(40UN);5.738;90.333.334;102;24/5/2026;24/5/2026;1001;4;B010;1;2605230858;H;COP;0
1083174;11000561;4916517192;TOMATE;96;465.600;261;24/5/2026;24/5/2026;1002;1;B010;1;2605210453;H;COP;1953671
1083174;11000561;4916517194;TOMATE;398,400;1.932.240;261;24/5/2026;24/5/2026;1002;1;B010;1;2605221199;H;COP;1953671
1083174;11000561;4916517308;TOMATE;35;169.750;261;24/5/2026;24/5/2026;1002;1;B010;1;2605210453;H;COP;1953671
1083174;11000561;4916517308;TOMATE;187;906.950;261;24/5/2026;24/5/2026;1002;1;B010;2;2605221199;H;COP;1953671
1083174;11000561;4916518992;TOMATE;-100;-485.000;262;24/5/2026;24/5/2026;1002;1;B010;1;2605221199;S;COP;1953671
1083174;18001585;4916518992;BOLSA FUNDA BTOX10BOLX100UN;10;2.156;261;24/5/2026;24/5/2026;1001;1;B010;3;2604151095;H;COP;1953671
1083174;18001591;4916518992;BOLSA ENSALADA IMPRESA BTOX10BOLX100UN;125;39.092;261;24/5/2026;24/5/2026;1002;1;B010;2;2604221468;H;COP;1953671
1083174;18001596;4916515760;ETIQUETA COLORES CJX6ROLX3800UN;120;11.999;261;23/5/2026;23/5/2026;1002;1;B010;1;2404011303;H;COP;1953671
1083174;18001596;4916517246;ETIQUETA COLORES CJX6ROLX3800UN;1;100;261;24/5/2026;24/5/2026;1002;1;B010;1;2404011303;H;COP;1953671
1083174;18001612;4916518992;CINTA DE RESINA 110*450M ROLX45000CM;5,323;0;261;24/5/2026;24/5/2026;1002;1;B010;4;2603311297;H;COP;1953671
1083174;14002424;4916516757;TOMATE PROCESADO BOL(5KG);-120;-3.269.640;101;23/5/2026;23/5/2026;1002;4;B010;1;2605230864;S;COP;0
1083175;11000312;4916517191;LECHUGA (REPOLLO);851,200;2.300.714;261;24/5/2026;24/5/2026;1002;1;B010;1;2605210483;H;COP;1953675
1083175;18001589;4916519003;BOLSA PARA GRANOS BTOX2500UN;410;57.730;261;24/5/2026;24/5/2026;1002;1;B010;1;2512110142;H;COP;1953675
1083175;18001596;4916515771;ETIQUETA COLORES CJX6ROLX3800UN;200;19.998;261;23/5/2026;23/5/2026;1002;1;B010;1;2404011303;H;COP;1953675
1083175;18001596;4916515772;ETIQUETA COLORES CJX6ROLX3800UN;150;14.998;261;23/5/2026;23/5/2026;1002;1;B010;1;2404011303;H;COP;1953675
1083175;18001596;4916517126;ETIQUETA COLORES CJX6ROLX3800UN;45;4.500;261;24/5/2026;24/5/2026;1002;1;B010;1;2404011303;H;COP;1953675
1083175;18001596;4916517127;ETIQUETA COLORES CJX6ROLX3800UN;45;4.500;261;24/5/2026;24/5/2026;1002;1;B010;1;2404011303;H;COP;1953675
1083175;18001596;4916517128;ETIQUETA COLORES CJX6ROLX3800UN;15;1.500;261;24/5/2026;24/5/2026;1002;1;B010;1;2404011303;H;COP;1953675
1083175;18001612;4916519003;CINTA DE RESINA 110*450M ROLX45000CM;4.000;0;261;24/5/2026;24/5/2026;1002;1;B010;2;2603311297;H;COP;1953675
1083175;18001590;4916519003;BOLSA FUNDA PERFORADA BTOX10BOLX100UN;185;42.523;261;24/5/2026;24/5/2026;1001;2;B010;3;2605061127;H;COP;0
1083175;14002428;4916517235;LECHUGA BATAVIA PROCESADA BOL(1KG);-388;-3.060.544;101;24/5/2026;24/5/2026;1002;4;B010;1;2605230865;S;COP;0
1083176;12002545;4916517190;ADEREZO PARA ENSALADA DE COL;316;4.220.180;261;24/5/2026;24/5/2026;1002;1;B010;1;2605230902;H;COP;1953677
1083176;12002545;4916517345;ADEREZO PARA ENSALADA DE COL;31,600;422.018;261;24/5/2026;24/5/2026;1002;1;B010;1;2605211607;H;COP;1953677
1083176;12002549;4916519053;VERDURAS PARA ENSALADA DE COL;1.122;5.063.586;261;24/5/2026;24/5/2026;1002;1;B010;1;2605230900;H;COP;1953677
1083176;18001591;4916519053;BOLSA ENSALADA IMPRESA BTOX10BOLX100UN;800;250.191;261;24/5/2026;24/5/2026;1002;1;B010;2;2604221468;H;COP;1953677
1083176;18001602;4916515838;ETIQUETA TERMICA CJX4ROLX2605UN;64;3.072;261;23/5/2026;23/5/2026;1002;1;B010;1;2604290726;H;COP;1953677
1083176;18001602;4916515840;ETIQUETA TERMICA CJX4ROLX2605UN;200;9.600;261;23/5/2026;23/5/2026;1002;1;B010;1;2604290726;H;COP;1953677
1083176;18001602;4916515843;ETIQUETA TERMICA CJX4ROLX2605UN;200;9.600;261;23/5/2026;23/5/2026;1002;1;B010;1;2604290726;H;COP;1953677
1083176;18001602;4916515848;ETIQUETA TERMICA CJX4ROLX2605UN;200;9.600;261;23/5/2026;23/5/2026;1002;1;B010;1;2604290726;H;COP;1953677
1083176;18001602;4916517115;ETIQUETA TERMICA CJX4ROLX2605UN;120;5.760;261;24/5/2026;24/5/2026;1002;1;B010;1;2604290726;H;COP;1953677
1083176;18001612;4916519053;CINTA DE RESINA 110*450M ROLX45000CM;11.000;0;261;24/5/2026;24/5/2026;1002;1;B010;3;2603311297;H;COP;1953677
1083176;18001590;4916519053;BOLSA FUNDA PERFORADA BTOX10BOLX100UN;60;13.791;261;24/5/2026;24/5/2026;1004;2;B010;4;2604291332;H;COP;0
1083176;14002432;4916517226;ENSALADA COL BOL(2KG);-764;-11.239.968;101;24/5/2026;24/5/2026;1002;4;B010;1;2605230867;S;COP;0
1083177;11001132;4916530454;SALSA DE AREQUIPE BOLX5KG;170;1.816.385;261;25/5/2026;25/5/2026;1008;1;B010;2;2605141157;H;COP;1953718
1083177;12002544;4916530454;GALLETA TRITURADA;36,620;761.073;261;25/5/2026;25/5/2026;1008;1;B010;1;2605230887;H;COP;1953718
1083177;18001501;4916529991;VASO AVALANC OREO 12OZ CJX16BOLX50UN;2.248;318.195;261;25/5/2026;25/5/2026;1008;1;B010;2;2604201004;H;COP;1953718
1083177;18001597;4916552494;ETIQUETA POSTRES CJX6ROLX10786UN;16.340;1.325.741;261;27/5/2026;27/5/2026;1008;1;B010;1;2401300920;H;COP;1953718
1083177;18001602;4916516352;ETIQUETA TERMICA CJX4ROLX2605UN;163;7.824;261;23/5/2026;23/5/2026;1008;1;B010;1;2604290726;H;COP;1953718
1083177;18001602;4916528221;ETIQUETA TERMICA CJX4ROLX2605UN;23;1.104;261;25/5/2026;25/5/2026;1008;1;B010;1;2604290726;H;COP;1953718
1083177;18001664;4916552494;CAJA HELADOS C790 50X34 BTOX25UN;180;862.777;261;27/5/2026;27/5/2026;1008;1;B010;2;2605060291;H;COP;1953718
1083177;18001665;4916552494;SEPARADOR HELADO BOLX50UN;546;295.932;261;27/5/2026;27/5/2026;1008;1;B010;3;2604300729;H;COP;1953718
1083177;11001128;4916535392;BASE HELADO VAINILLA CJX13.2KG;633,600;3.103.442;261;26/5/2026;26/5/2026;1008;2;B010;1;2604300888;H;COP;0
1083177;11001128;4916535392;BASE HELADO VAINILLA CJX13.2KG;668,326;3.273.533;261;26/5/2026;26/5/2026;1008;2;B010;2;2604300918;H;COP;0
1083177;11001128;4916535392;BASE HELADO VAINILLA CJX13.2KG;410,414;2.010.252;261;26/5/2026;26/5/2026;1008;2;B010;3;2605080638;H;COP;0
1083177;12002544;4916530454;GALLETA TRITURADA;163,820;3.404.671;261;25/5/2026;25/5/2026;1008;2;B010;3;2605251120;H;COP;0
1083177;15005756;4916529991;TAPA PAPEL AVALANCHA CJX20BOL(50UN);227;1.573.855;261;25/5/2026;25/5/2026;1008;2;B010;4;2605141330;H;COP;0
1083177;18001501;4916529991;VASO AVALANC OREO 12OZ CJX16BOLX50UN;9.163;1.296.985;261;25/5/2026;25/5/2026;1008;2;B010;3;2604271067;H;COP;0
1083177;14002692;4916521449;AVALANCHA OREO CJ(63UN);-20;-2.862.540;101;25/5/2026;25/5/2026;1008;4;B010;1;2605230886;S;COP;0
1083177;14002692;4916529991;AVALANCHA OREO CJ(63UN);-160;-22.900.320;101;25/5/2026;25/5/2026;1008;4;B010;1;2605230886;S;COP;0
1083178;11001129;4916518714;GALLETA OREO CJX648UN;12.960;2.099.171;261;24/5/2026;24/5/2026;1008;1;B010;2;2604161333;H;COP;1953720
1083178;18001591;4916518714;BOLSA ENSALADA IMPRESA BTOX10BOLX100UN;15;4.691;261;24/5/2026;24/5/2026;1008;1;B010;3;2604221468;H;COP;1953720
1083178;18001602;4916516353;ETIQUETA TERMICA CJX4ROLX2605UN;5;240;261;23/5/2026;23/5/2026;1008;1;B010;1;2604290726;H;COP;1953720
1083178;18001602;4916516355;ETIQUETA TERMICA CJX4ROLX2605UN;5;240;261;23/5/2026;23/5/2026;1008;1;B010;1;2604290726;H;COP;1953720
1083178;18001612;4916518714;CINTA DE RESINA 110*450M ROLX45000CM;140;0;261;24/5/2026;24/5/2026;1008;1;B010;4;2604290727;H;COP;1953720
1083178;12002544;4916518714;GALLETA TRITURADA;-122,300;-2.541.761;101;24/5/2026;24/5/2026;1008;4;B010;1;2605230887;S;COP;0
1083179;11000096;4916517223;CEBOLLA;13;31.850;261;24/5/2026;24/5/2026;1002;1;B010;5;2605190395;H;COP;1953734
1083179;11000096;4916517223;CEBOLLA;2;4.900;261;24/5/2026;24/5/2026;1002;1;B010;6;2605201049;H;COP;1953734
1083179;11000143;4916517152;COL REPOLLO;1.097,800;1.970.569;261;24/5/2026;24/5/2026;1002;1;B010;1;2605221190;H;COP;1953734
1083179;11000143;4916517223;COL REPOLLO;18,400;33.028;261;24/5/2026;24/5/2026;1002;1;B010;1;2605201294;H;COP;1953734
1083179;11000143;4916517223;COL REPOLLO;-54;-96.931;262;24/5/2026;24/5/2026;1002;1;B010;2;2605221190;S;COP;1953734
1083179;11000285;4916517223;HOJAS VERDES DE COL;24;55.200;261;24/5/2026;24/5/2026;1002;1;B010;7;2605210481;H;COP;1953734
1083179;11000285;4916517327;HOJAS VERDES DE COL;4;9.200;261;24/5/2026;24/5/2026;1002;1;B010;1;2605210481;H;COP;1953734
1083179;11000624;4916517223;ZANAHORIA;11,600;27.840;261;24/5/2026;24/5/2026;1002;1;B010;3;2605210415;H;COP;1953734
1083179;11000624;4916517223;ZANAHORIA;21;50.400;261;24/5/2026;24/5/2026;1002;1;B010;4;2605221208;H;COP;1953734
1083179;18001591;4916519014;BOLSA ENSALADA IMPRESA BTOX10BOLX100UN;50;15.637;261;24/5/2026;24/5/2026;1002;1;B010;1;2604221468;H;COP;1953734
1083179;18001596;4916517116;ETIQUETA COLORES CJX6ROLX3800UN;1;100;261;24/5/2026;24/5/2026;1002;1;B010;1;2404011303;H;COP;1953734
1083179;18001596;4916517124;ETIQUETA COLORES CJX6ROLX3800UN;1;100;261;24/5/2026;24/5/2026;1002;1;B010;1;2404011303;H;COP;1953734
1083179;18001612;4916519016;CINTA DE RESINA 110*450M ROLX45000CM;300;0;261;24/5/2026;24/5/2026;1002;1;B010;1;2603311297;H;COP;1953734
1083179;12002518;5001994400;MIX VERDURAS ENSALADA;-900;-3.353.400;101;24/5/2026;24/5/2026;1002;4;B010;1;2605230896;S;COP;0
1083179;12002518;5001994401;MIX VERDURAS ENSALADA;-160,800;-599.141;101;24/5/2026;24/5/2026;1002;4;B010;1;2605230896;S;COP;0
1083180;12002518;4916517154;MIX VERDURAS ENSALADA;1.060,800;3.952.541;261;24/5/2026;24/5/2026;1002;1;B010;1;2605230896;H;COP;1953737
1083180;18001596;4916517125;ETIQUETA COLORES CJX6ROLX3800UN;1;100;261;24/5/2026;24/5/2026;1002;1;B010;1;2404011303;H;COP;1953737
1083180;18001596;4916517129;ETIQUETA COLORES CJX6ROLX3800UN;1;100;261;24/5/2026;24/5/2026;1002;1;B010;1;2404011303;H;COP;1953737
1083180;18001612;4916519029;CINTA DE RESINA 110*450M ROLX45000CM;600;0;261;24/5/2026;24/5/2026;1002;1;B010;1;2603311297;H;COP;1953737
1083180;12002549;5001994402;VERDURAS PARA ENSALADA DE COL;-900;-4.061.700;101;24/5/2026;24/5/2026;1002;4;B010;1;2605230900;S;COP;0
1083180;12002549;5001994403;VERDURAS PARA ENSALADA DE COL;-222;-1.001.886;101;24/5/2026;24/5/2026;1002;4;B010;1;2605230900;S;COP;0
1083181;12000496;4916517159;MIX ADEREZO ENSALADA;316;3.432.392;261;24/5/2026;24/5/2026;1002;1;B010;1;2605210584;H;COP;1953740
1083181;18001596;4916516747;ETIQUETA COLORES CJX6ROLX3800UN;40;4.000;261;23/5/2026;23/5/2026;1002;1;B010;3;2404011303;H;COP;1953740
1083181;18001596;4916517150;ETIQUETA COLORES CJX6ROLX3800UN;1;100;261;24/5/2026;24/5/2026;1002;1;B010;1;2404011303;H;COP;1953740
1083181;18001612;4916516747;CINTA DE RESINA 110*450M ROLX45000CM;160;0;261;23/5/2026;23/5/2026;1002;1;B010;2;2603311297;H;COP;1953740
1083181;12002545;4916516747;ADEREZO PARA ENSALADA DE COL;-316;-4.220.180;101;23/5/2026;23/5/2026;1002;4;B010;1;2605230902;S;COP;0
